ISO-10303-21;
HEADER;
/* Generated by software containing ST-Developer
 * from STEP Tools, Inc. (www.steptools.com) 
 */

FILE_DESCRIPTION(
/* description */ (''),
/* implementation_level */ '2;1');

FILE_NAME(
/* name */ 'P1-component_box.step',
/* time_stamp */ '2025-10-23T22:58:05+05:30',
/* author */ (''),
/* organization */ (''),
/* preprocessor_version */ 'ST-DEVELOPER v20.1',
/* originating_system */ 'Autodesk Translation Framework v14.17.0.0',
/* authorisation */ '');

FILE_SCHEMA (('AUTOMOTIVE_DESIGN { 1 0 10303 214 3 1 1 }'));
ENDSEC;

DATA;
#10=MECHANICAL_DESIGN_GEOMETRIC_PRESENTATION_REPRESENTATION('',(#13),#5448);
#11=SHAPE_REPRESENTATION_RELATIONSHIP('SRR','None',#5455,#12);
#12=ADVANCED_BREP_SHAPE_REPRESENTATION('',(#14),#5447);
#13=STYLED_ITEM('',(#5464),#14);
#14=MANIFOLD_SOLID_BREP('Body1',#3124);
#15=TOROIDAL_SURFACE('',#3346,2.,0.999999999999996);
#16=TOROIDAL_SURFACE('',#3351,2.,0.999999999999999);
#17=TOROIDAL_SURFACE('',#3357,2.,0.999999999999999);
#18=TOROIDAL_SURFACE('',#3362,2.,0.999999999999996);
#19=TOROIDAL_SURFACE('',#3368,2.,1.00000000000001);
#20=TOROIDAL_SURFACE('',#3375,2.,0.999999999999988);
#21=TOROIDAL_SURFACE('',#3381,2.,1.);
#22=TOROIDAL_SURFACE('',#3387,2.,0.999999999999999);
#23=CONICAL_SURFACE('',#3334,18.,0.436332312998582);
#24=(
BOUNDED_SURFACE()
B_SPLINE_SURFACE(5,1,((#4998,#4999),(#5000,#5001),(#5002,#5003),(#5004,
#5005),(#5006,#5007),(#5008,#5009),(#5010,#5011),(#5012,#5013),(#5014,#5015),
(#5016,#5017),(#5018,#5019),(#5020,#5021),(#5022,#5023),(#5024,#5025),(#5026,
#5027)),.UNSPECIFIED.,.F.,.F.,.F.)
B_SPLINE_SURFACE_WITH_KNOTS((6,1,1,1,1,1,1,1,1,1,6),(2,2),(0.,0.1,0.2,0.3,
0.4,0.5,0.6,0.7,0.8,0.9,1.),(0.,1.),.UNSPECIFIED.)
GEOMETRIC_REPRESENTATION_ITEM()
RATIONAL_B_SPLINE_SURFACE(((1.,1.),(1.,1.),(1.,1.),(1.,1.),(1.,1.),(1.,
1.),(1.,1.),(1.,1.),(1.,1.),(1.,1.),(1.,1.),(1.,1.),(1.,1.),(1.,1.),(1.,
1.)))
REPRESENTATION_ITEM('')
SURFACE()
);
#25=(
BOUNDED_SURFACE()
B_SPLINE_SURFACE(5,1,((#5055,#5056),(#5057,#5058),(#5059,#5060),(#5061,
#5062),(#5063,#5064),(#5065,#5066),(#5067,#5068),(#5069,#5070),(#5071,#5072),
(#5073,#5074),(#5075,#5076),(#5077,#5078),(#5079,#5080),(#5081,#5082),(#5083,
#5084)),.UNSPECIFIED.,.F.,.F.,.F.)
B_SPLINE_SURFACE_WITH_KNOTS((6,1,1,1,1,1,1,1,1,1,6),(2,2),(0.,0.1,0.2,0.3,
0.4,0.5,0.6,0.7,0.8,0.9,1.),(0.,1.),.UNSPECIFIED.)
GEOMETRIC_REPRESENTATION_ITEM()
RATIONAL_B_SPLINE_SURFACE(((1.,1.),(1.,1.),(1.,1.),(1.,1.),(1.,1.),(1.,
1.),(1.,1.),(1.,1.),(1.,1.),(1.,1.),(1.,1.),(1.,1.),(1.,1.),(1.,1.),(1.,
1.)))
REPRESENTATION_ITEM('')
SURFACE()
);
#26=(
BOUNDED_SURFACE()
B_SPLINE_SURFACE(5,1,((#5106,#5107),(#5108,#5109),(#5110,#5111),(#5112,
#5113),(#5114,#5115),(#5116,#5117),(#5118,#5119),(#5120,#5121),(#5122,#5123),
(#5124,#5125),(#5126,#5127),(#5128,#5129),(#5130,#5131),(#5132,#5133),(#5134,
#5135)),.UNSPECIFIED.,.F.,.F.,.F.)
B_SPLINE_SURFACE_WITH_KNOTS((6,1,1,1,1,1,1,1,1,1,6),(2,2),(0.,0.1,0.2,0.3,
0.4,0.5,0.6,0.7,0.8,0.9,1.),(0.,1.),.UNSPECIFIED.)
GEOMETRIC_REPRESENTATION_ITEM()
RATIONAL_B_SPLINE_SURFACE(((1.,1.),(1.,1.),(1.,1.),(1.,1.),(1.,1.),(1.,
1.),(1.,1.),(1.,1.),(1.,1.),(1.,1.),(1.,1.),(1.,1.),(1.,1.),(1.,1.),(1.,
1.)))
REPRESENTATION_ITEM('')
SURFACE()
);
#27=(
BOUNDED_SURFACE()
B_SPLINE_SURFACE(5,1,((#5163,#5164),(#5165,#5166),(#5167,#5168),(#5169,
#5170),(#5171,#5172),(#5173,#5174),(#5175,#5176),(#5177,#5178),(#5179,#5180),
(#5181,#5182),(#5183,#5184),(#5185,#5186),(#5187,#5188),(#5189,#5190),(#5191,
#5192)),.UNSPECIFIED.,.F.,.F.,.F.)
B_SPLINE_SURFACE_WITH_KNOTS((6,1,1,1,1,1,1,1,1,1,6),(2,2),(0.,0.1,0.2,0.3,
0.4,0.5,0.6,0.7,0.8,0.9,1.),(0.,1.),.UNSPECIFIED.)
GEOMETRIC_REPRESENTATION_ITEM()
RATIONAL_B_SPLINE_SURFACE(((1.,1.),(1.,1.),(1.,1.),(1.,1.),(1.,1.),(1.,
1.),(1.,1.),(1.,1.),(1.,1.),(1.,1.),(1.,1.),(1.,1.),(1.,1.),(1.,1.),(1.,
1.)))
REPRESENTATION_ITEM('')
SURFACE()
);
#28=(
BOUNDED_SURFACE()
B_SPLINE_SURFACE(1,2,((#5261,#5262,#5263),(#5264,#5265,#5266)),
 .UNSPECIFIED.,.F.,.F.,.F.)
B_SPLINE_SURFACE_WITH_KNOTS((2,2),(3,3),(0.,19.6961550602442),(-1.5707963267949,
-2.22044604925031E-15),.UNSPECIFIED.)
GEOMETRIC_REPRESENTATION_ITEM()
RATIONAL_B_SPLINE_SURFACE(((1.,0.707106781186546,1.),(1.,0.707106781186546,
1.)))
REPRESENTATION_ITEM('')
SURFACE()
);
#29=(
BOUNDED_SURFACE()
B_SPLINE_SURFACE(1,2,((#5268,#5269,#5270),(#5271,#5272,#5273)),
 .UNSPECIFIED.,.F.,.F.,.F.)
B_SPLINE_SURFACE_WITH_KNOTS((2,2),(3,3),(0.,19.6961550602442),(3.33066907387547E-16,
1.5707963267949),.UNSPECIFIED.)
GEOMETRIC_REPRESENTATION_ITEM()
RATIONAL_B_SPLINE_SURFACE(((1.,0.707106781186546,1.),(1.,0.707106781186546,
1.)))
REPRESENTATION_ITEM('')
SURFACE()
);
#30=(
BOUNDED_CURVE()
B_SPLINE_CURVE(5,(#4920,#4921,#4922,#4923,#4924,#4925,#4926,#4927,#4928,
#4929,#4930,#4931,#4932,#4933,#4934),.UNSPECIFIED.,.F.,.F.)
B_SPLINE_CURVE_WITH_KNOTS((6,1,1,1,1,1,1,1,1,1,6),(0.,0.1,0.2,0.3,0.4,0.5,
0.6,0.7,0.8,0.9,1.),.UNSPECIFIED.)
CURVE()
GEOMETRIC_REPRESENTATION_ITEM()
RATIONAL_B_SPLINE_CURVE((1.,1.,1.,1.,1.,1.,1.,1.,1.,1.,1.,1.,1.,1.,1.))
REPRESENTATION_ITEM('')
);
#31=(
BOUNDED_CURVE()
B_SPLINE_CURVE(5,(#4938,#4939,#4940,#4941,#4942,#4943,#4944,#4945,#4946,
#4947,#4948,#4949,#4950,#4951,#4952),.UNSPECIFIED.,.F.,.F.)
B_SPLINE_CURVE_WITH_KNOTS((6,1,1,1,1,1,1,1,1,1,6),(0.,0.1,0.2,0.3,0.4,0.5,
0.6,0.7,0.8,0.9,1.),.UNSPECIFIED.)
CURVE()
GEOMETRIC_REPRESENTATION_ITEM()
RATIONAL_B_SPLINE_CURVE((1.,1.,1.,1.,1.,1.,1.,1.,1.,1.,1.,1.,1.,1.,1.))
REPRESENTATION_ITEM('')
);
#32=(
BOUNDED_CURVE()
B_SPLINE_CURVE(5,(#4960,#4961,#4962,#4963,#4964,#4965,#4966,#4967,#4968,
#4969,#4970,#4971,#4972,#4973,#4974),.UNSPECIFIED.,.F.,.F.)
B_SPLINE_CURVE_WITH_KNOTS((6,1,1,1,1,1,1,1,1,1,6),(0.,0.1,0.2,0.3,0.4,0.5,
0.6,0.7,0.8,0.9,1.),.UNSPECIFIED.)
CURVE()
GEOMETRIC_REPRESENTATION_ITEM()
RATIONAL_B_SPLINE_CURVE((1.,1.,1.,1.,1.,1.,1.,1.,1.,1.,1.,1.,1.,1.,1.))
REPRESENTATION_ITEM('')
);
#33=(
BOUNDED_CURVE()
B_SPLINE_CURVE(5,(#4977,#4978,#4979,#4980,#4981,#4982,#4983,#4984,#4985,
#4986,#4987,#4988,#4989,#4990,#4991),.UNSPECIFIED.,.F.,.F.)
B_SPLINE_CURVE_WITH_KNOTS((6,1,1,1,1,1,1,1,1,1,6),(0.,0.1,0.2,0.3,0.4,0.5,
0.6,0.7,0.8,0.9,1.),.UNSPECIFIED.)
CURVE()
GEOMETRIC_REPRESENTATION_ITEM()
RATIONAL_B_SPLINE_CURVE((1.,1.,1.,1.,1.,1.,1.,1.,1.,1.,1.,1.,1.,1.,1.))
REPRESENTATION_ITEM('')
);
#34=(
BOUNDED_CURVE()
B_SPLINE_CURVE(5,(#5030,#5031,#5032,#5033,#5034,#5035,#5036,#5037,#5038,
#5039,#5040,#5041,#5042,#5043,#5044),.UNSPECIFIED.,.F.,.F.)
B_SPLINE_CURVE_WITH_KNOTS((6,1,1,1,1,1,1,1,1,1,6),(0.,0.1,0.2,0.3,0.4,0.5,
0.6,0.7,0.8,0.9,1.),.UNSPECIFIED.)
CURVE()
GEOMETRIC_REPRESENTATION_ITEM()
RATIONAL_B_SPLINE_CURVE((1.,1.,1.,1.,1.,1.,1.,1.,1.,1.,1.,1.,1.,1.,1.))
REPRESENTATION_ITEM('')
);
#35=(
BOUNDED_CURVE()
B_SPLINE_CURVE(5,(#5087,#5088,#5089,#5090,#5091,#5092,#5093,#5094,#5095,
#5096,#5097,#5098,#5099,#5100,#5101),.UNSPECIFIED.,.F.,.F.)
B_SPLINE_CURVE_WITH_KNOTS((6,1,1,1,1,1,1,1,1,1,6),(0.,0.1,0.2,0.3,0.4,0.5,
0.6,0.7,0.8,0.9,1.),.UNSPECIFIED.)
CURVE()
GEOMETRIC_REPRESENTATION_ITEM()
RATIONAL_B_SPLINE_CURVE((1.,1.,1.,1.,1.,1.,1.,1.,1.,1.,1.,1.,1.,1.,1.))
REPRESENTATION_ITEM('')
);
#36=(
BOUNDED_CURVE()
B_SPLINE_CURVE(5,(#5139,#5140,#5141,#5142,#5143,#5144,#5145,#5146,#5147,
#5148,#5149,#5150,#5151,#5152,#5153),.UNSPECIFIED.,.F.,.F.)
B_SPLINE_CURVE_WITH_KNOTS((6,1,1,1,1,1,1,1,1,1,6),(0.,0.1,0.2,0.3,0.4,0.5,
0.6,0.7,0.8,0.9,1.),.UNSPECIFIED.)
CURVE()
GEOMETRIC_REPRESENTATION_ITEM()
RATIONAL_B_SPLINE_CURVE((1.,1.,1.,1.,1.,1.,1.,1.,1.,1.,1.,1.,1.,1.,1.))
REPRESENTATION_ITEM('')
);
#37=(
BOUNDED_CURVE()
B_SPLINE_CURVE(5,(#5196,#5197,#5198,#5199,#5200,#5201,#5202,#5203,#5204,
#5205,#5206,#5207,#5208,#5209,#5210),.UNSPECIFIED.,.F.,.F.)
B_SPLINE_CURVE_WITH_KNOTS((6,1,1,1,1,1,1,1,1,1,6),(0.,0.1,0.2,0.3,0.4,0.5,
0.6,0.7,0.8,0.9,1.),.UNSPECIFIED.)
CURVE()
GEOMETRIC_REPRESENTATION_ITEM()
RATIONAL_B_SPLINE_CURVE((1.,1.,1.,1.,1.,1.,1.,1.,1.,1.,1.,1.,1.,1.,1.))
REPRESENTATION_ITEM('')
);
#38=FACE_BOUND('',#458,.T.);
#39=FACE_BOUND('',#465,.T.);
#40=FACE_BOUND('',#466,.T.);
#41=FACE_BOUND('',#515,.T.);
#42=FACE_BOUND('',#519,.T.);
#43=FACE_BOUND('',#526,.T.);
#44=FACE_BOUND('',#531,.T.);
#45=FACE_BOUND('',#532,.T.);
#46=FACE_BOUND('',#533,.T.);
#47=FACE_BOUND('',#534,.T.);
#48=ELLIPSE('',#3280,5.07713305942873,5.);
#49=ELLIPSE('',#3281,5.07713305942872,5.);
#50=ELLIPSE('',#3343,5.07713305942872,5.);
#51=ELLIPSE('',#3344,5.07713305942873,5.);
#52=ELLIPSE('',#3408,5.07713305942873,5.00000000000001);
#53=ELLIPSE('',#3409,5.07713305942873,5.00000000000001);
#54=ELLIPSE('',#3411,5.07713305942872,5.);
#55=ELLIPSE('',#3412,5.07713305942873,5.);
#56=ELLIPSE('',#3413,5.07713305942872,4.99999999999999);
#57=ELLIPSE('',#3415,5.07713305942872,4.99999999999999);
#58=PLANE('',#3146);
#59=PLANE('',#3154);
#60=PLANE('',#3162);
#61=PLANE('',#3169);
#62=PLANE('',#3178);
#63=PLANE('',#3186);
#64=PLANE('',#3194);
#65=PLANE('',#3201);
#66=PLANE('',#3210);
#67=PLANE('',#3219);
#68=PLANE('',#3227);
#69=PLANE('',#3235);
#70=PLANE('',#3243);
#71=PLANE('',#3250);
#72=PLANE('',#3258);
#73=PLANE('',#3265);
#74=PLANE('',#3266);
#75=PLANE('',#3267);
#76=PLANE('',#3268);
#77=PLANE('',#3269);
#78=PLANE('',#3270);
#79=PLANE('',#3271);
#80=PLANE('',#3272);
#81=PLANE('',#3273);
#82=PLANE('',#3274);
#83=PLANE('',#3275);
#84=PLANE('',#3276);
#85=PLANE('',#3277);
#86=PLANE('',#3278);
#87=PLANE('',#3279);
#88=PLANE('',#3282);
#89=PLANE('',#3283);
#90=PLANE('',#3284);
#91=PLANE('',#3285);
#92=PLANE('',#3286);
#93=PLANE('',#3289);
#94=PLANE('',#3290);
#95=PLANE('',#3291);
#96=PLANE('',#3292);
#97=PLANE('',#3293);
#98=PLANE('',#3297);
#99=PLANE('',#3298);
#100=PLANE('',#3299);
#101=PLANE('',#3300);
#102=PLANE('',#3301);
#103=PLANE('',#3302);
#104=PLANE('',#3303);
#105=PLANE('',#3304);
#106=PLANE('',#3305);
#107=PLANE('',#3306);
#108=PLANE('',#3307);
#109=PLANE('',#3308);
#110=PLANE('',#3309);
#111=PLANE('',#3310);
#112=PLANE('',#3311);
#113=PLANE('',#3312);
#114=PLANE('',#3313);
#115=PLANE('',#3314);
#116=PLANE('',#3315);
#117=PLANE('',#3316);
#118=PLANE('',#3317);
#119=PLANE('',#3318);
#120=PLANE('',#3319);
#121=PLANE('',#3320);
#122=PLANE('',#3321);
#123=PLANE('',#3322);
#124=PLANE('',#3323);
#125=PLANE('',#3324);
#126=PLANE('',#3325);
#127=PLANE('',#3326);
#128=PLANE('',#3327);
#129=PLANE('',#3328);
#130=PLANE('',#3329);
#131=PLANE('',#3330);
#132=PLANE('',#3331);
#133=PLANE('',#3332);
#134=PLANE('',#3333);
#135=PLANE('',#3337);
#136=PLANE('',#3338);
#137=PLANE('',#3339);
#138=PLANE('',#3340);
#139=PLANE('',#3341);
#140=PLANE('',#3342);
#141=PLANE('',#3345);
#142=PLANE('',#3398);
#143=PLANE('',#3399);
#144=PLANE('',#3400);
#145=PLANE('',#3401);
#146=PLANE('',#3402);
#147=PLANE('',#3403);
#148=PLANE('',#3404);
#149=PLANE('',#3405);
#150=PLANE('',#3406);
#151=PLANE('',#3410);
#152=PLANE('',#3416);
#153=PLANE('',#3419);
#154=PLANE('',#3420);
#155=SPHERICAL_SURFACE('',#3141,0.5);
#156=SPHERICAL_SURFACE('',#3150,0.5);
#157=SPHERICAL_SURFACE('',#3158,0.5);
#158=SPHERICAL_SURFACE('',#3166,0.5);
#159=SPHERICAL_SURFACE('',#3173,0.5);
#160=SPHERICAL_SURFACE('',#3182,0.5);
#161=SPHERICAL_SURFACE('',#3190,0.5);
#162=SPHERICAL_SURFACE('',#3198,0.5);
#163=SPHERICAL_SURFACE('',#3205,0.5);
#164=SPHERICAL_SURFACE('',#3214,0.5);
#165=SPHERICAL_SURFACE('',#3223,0.5);
#166=SPHERICAL_SURFACE('',#3231,0.5);
#167=SPHERICAL_SURFACE('',#3239,0.5);
#168=SPHERICAL_SURFACE('',#3247,0.5);
#169=SPHERICAL_SURFACE('',#3254,0.5);
#170=SPHERICAL_SURFACE('',#3262,0.5);
#171=FACE_OUTER_BOUND('',#348,.T.);
#172=FACE_OUTER_BOUND('',#349,.T.);
#173=FACE_OUTER_BOUND('',#350,.T.);
#174=FACE_OUTER_BOUND('',#351,.T.);
#175=FACE_OUTER_BOUND('',#352,.T.);
#176=FACE_OUTER_BOUND('',#353,.T.);
#177=FACE_OUTER_BOUND('',#354,.T.);
#178=FACE_OUTER_BOUND('',#355,.T.);
#179=FACE_OUTER_BOUND('',#356,.T.);
#180=FACE_OUTER_BOUND('',#357,.T.);
#181=FACE_OUTER_BOUND('',#358,.T.);
#182=FACE_OUTER_BOUND('',#359,.T.);
#183=FACE_OUTER_BOUND('',#360,.T.);
#184=FACE_OUTER_BOUND('',#361,.T.);
#185=FACE_OUTER_BOUND('',#362,.T.);
#186=FACE_OUTER_BOUND('',#363,.T.);
#187=FACE_OUTER_BOUND('',#364,.T.);
#188=FACE_OUTER_BOUND('',#365,.T.);
#189=FACE_OUTER_BOUND('',#366,.T.);
#190=FACE_OUTER_BOUND('',#367,.T.);
#191=FACE_OUTER_BOUND('',#368,.T.);
#192=FACE_OUTER_BOUND('',#369,.T.);
#193=FACE_OUTER_BOUND('',#370,.T.);
#194=FACE_OUTER_BOUND('',#371,.T.);
#195=FACE_OUTER_BOUND('',#372,.T.);
#196=FACE_OUTER_BOUND('',#373,.T.);
#197=FACE_OUTER_BOUND('',#374,.T.);
#198=FACE_OUTER_BOUND('',#375,.T.);
#199=FACE_OUTER_BOUND('',#376,.T.);
#200=FACE_OUTER_BOUND('',#377,.T.);
#201=FACE_OUTER_BOUND('',#378,.T.);
#202=FACE_OUTER_BOUND('',#379,.T.);
#203=FACE_OUTER_BOUND('',#380,.T.);
#204=FACE_OUTER_BOUND('',#381,.T.);
#205=FACE_OUTER_BOUND('',#382,.T.);
#206=FACE_OUTER_BOUND('',#383,.T.);
#207=FACE_OUTER_BOUND('',#384,.T.);
#208=FACE_OUTER_BOUND('',#385,.T.);
#209=FACE_OUTER_BOUND('',#386,.T.);
#210=FACE_OUTER_BOUND('',#387,.T.);
#211=FACE_OUTER_BOUND('',#388,.T.);
#212=FACE_OUTER_BOUND('',#389,.T.);
#213=FACE_OUTER_BOUND('',#390,.T.);
#214=FACE_OUTER_BOUND('',#391,.T.);
#215=FACE_OUTER_BOUND('',#392,.T.);
#216=FACE_OUTER_BOUND('',#393,.T.);
#217=FACE_OUTER_BOUND('',#394,.T.);
#218=FACE_OUTER_BOUND('',#395,.T.);
#219=FACE_OUTER_BOUND('',#396,.T.);
#220=FACE_OUTER_BOUND('',#397,.T.);
#221=FACE_OUTER_BOUND('',#398,.T.);
#222=FACE_OUTER_BOUND('',#399,.T.);
#223=FACE_OUTER_BOUND('',#400,.T.);
#224=FACE_OUTER_BOUND('',#401,.T.);
#225=FACE_OUTER_BOUND('',#402,.T.);
#226=FACE_OUTER_BOUND('',#403,.T.);
#227=FACE_OUTER_BOUND('',#404,.T.);
#228=FACE_OUTER_BOUND('',#405,.T.);
#229=FACE_OUTER_BOUND('',#406,.T.);
#230=FACE_OUTER_BOUND('',#407,.T.);
#231=FACE_OUTER_BOUND('',#408,.T.);
#232=FACE_OUTER_BOUND('',#409,.T.);
#233=FACE_OUTER_BOUND('',#410,.T.);
#234=FACE_OUTER_BOUND('',#411,.T.);
#235=FACE_OUTER_BOUND('',#412,.T.);
#236=FACE_OUTER_BOUND('',#413,.T.);
#237=FACE_OUTER_BOUND('',#414,.T.);
#238=FACE_OUTER_BOUND('',#415,.T.);
#239=FACE_OUTER_BOUND('',#416,.T.);
#240=FACE_OUTER_BOUND('',#417,.T.);
#241=FACE_OUTER_BOUND('',#418,.T.);
#242=FACE_OUTER_BOUND('',#419,.T.);
#243=FACE_OUTER_BOUND('',#420,.T.);
#244=FACE_OUTER_BOUND('',#421,.T.);
#245=FACE_OUTER_BOUND('',#422,.T.);
#246=FACE_OUTER_BOUND('',#423,.T.);
#247=FACE_OUTER_BOUND('',#424,.T.);
#248=FACE_OUTER_BOUND('',#425,.T.);
#249=FACE_OUTER_BOUND('',#426,.T.);
#250=FACE_OUTER_BOUND('',#427,.T.);
#251=FACE_OUTER_BOUND('',#428,.T.);
#252=FACE_OUTER_BOUND('',#429,.T.);
#253=FACE_OUTER_BOUND('',#430,.T.);
#254=FACE_OUTER_BOUND('',#431,.T.);
#255=FACE_OUTER_BOUND('',#432,.T.);
#256=FACE_OUTER_BOUND('',#433,.T.);
#257=FACE_OUTER_BOUND('',#434,.T.);
#258=FACE_OUTER_BOUND('',#435,.T.);
#259=FACE_OUTER_BOUND('',#436,.T.);
#260=FACE_OUTER_BOUND('',#437,.T.);
#261=FACE_OUTER_BOUND('',#438,.T.);
#262=FACE_OUTER_BOUND('',#439,.T.);
#263=FACE_OUTER_BOUND('',#440,.T.);
#264=FACE_OUTER_BOUND('',#441,.T.);
#265=FACE_OUTER_BOUND('',#442,.T.);
#266=FACE_OUTER_BOUND('',#443,.T.);
#267=FACE_OUTER_BOUND('',#444,.T.);
#268=FACE_OUTER_BOUND('',#445,.T.);
#269=FACE_OUTER_BOUND('',#446,.T.);
#270=FACE_OUTER_BOUND('',#447,.T.);
#271=FACE_OUTER_BOUND('',#448,.T.);
#272=FACE_OUTER_BOUND('',#449,.T.);
#273=FACE_OUTER_BOUND('',#450,.T.);
#274=FACE_OUTER_BOUND('',#451,.T.);
#275=FACE_OUTER_BOUND('',#452,.T.);
#276=FACE_OUTER_BOUND('',#453,.T.);
#277=FACE_OUTER_BOUND('',#454,.T.);
#278=FACE_OUTER_BOUND('',#455,.T.);
#279=FACE_OUTER_BOUND('',#456,.T.);
#280=FACE_OUTER_BOUND('',#457,.T.);
#281=FACE_OUTER_BOUND('',#459,.T.);
#282=FACE_OUTER_BOUND('',#460,.T.);
#283=FACE_OUTER_BOUND('',#461,.T.);
#284=FACE_OUTER_BOUND('',#462,.T.);
#285=FACE_OUTER_BOUND('',#463,.T.);
#286=FACE_OUTER_BOUND('',#464,.T.);
#287=FACE_OUTER_BOUND('',#467,.T.);
#288=FACE_OUTER_BOUND('',#468,.T.);
#289=FACE_OUTER_BOUND('',#469,.T.);
#290=FACE_OUTER_BOUND('',#470,.T.);
#291=FACE_OUTER_BOUND('',#471,.T.);
#292=FACE_OUTER_BOUND('',#472,.T.);
#293=FACE_OUTER_BOUND('',#473,.T.);
#294=FACE_OUTER_BOUND('',#474,.T.);
#295=FACE_OUTER_BOUND('',#475,.T.);
#296=FACE_OUTER_BOUND('',#476,.T.);
#297=FACE_OUTER_BOUND('',#477,.T.);
#298=FACE_OUTER_BOUND('',#478,.T.);
#299=FACE_OUTER_BOUND('',#479,.T.);
#300=FACE_OUTER_BOUND('',#480,.T.);
#301=FACE_OUTER_BOUND('',#481,.T.);
#302=FACE_OUTER_BOUND('',#482,.T.);
#303=FACE_OUTER_BOUND('',#483,.T.);
#304=FACE_OUTER_BOUND('',#484,.T.);
#305=FACE_OUTER_BOUND('',#485,.T.);
#306=FACE_OUTER_BOUND('',#486,.T.);
#307=FACE_OUTER_BOUND('',#487,.T.);
#308=FACE_OUTER_BOUND('',#488,.T.);
#309=FACE_OUTER_BOUND('',#489,.T.);
#310=FACE_OUTER_BOUND('',#490,.T.);
#311=FACE_OUTER_BOUND('',#491,.T.);
#312=FACE_OUTER_BOUND('',#492,.T.);
#313=FACE_OUTER_BOUND('',#493,.T.);
#314=FACE_OUTER_BOUND('',#494,.T.);
#315=FACE_OUTER_BOUND('',#495,.T.);
#316=FACE_OUTER_BOUND('',#496,.T.);
#317=FACE_OUTER_BOUND('',#497,.T.);
#318=FACE_OUTER_BOUND('',#498,.T.);
#319=FACE_OUTER_BOUND('',#499,.T.);
#320=FACE_OUTER_BOUND('',#500,.T.);
#321=FACE_OUTER_BOUND('',#501,.T.);
#322=FACE_OUTER_BOUND('',#502,.T.);
#323=FACE_OUTER_BOUND('',#503,.T.);
#324=FACE_OUTER_BOUND('',#504,.T.);
#325=FACE_OUTER_BOUND('',#505,.T.);
#326=FACE_OUTER_BOUND('',#506,.T.);
#327=FACE_OUTER_BOUND('',#507,.T.);
#328=FACE_OUTER_BOUND('',#508,.T.);
#329=FACE_OUTER_BOUND('',#509,.T.);
#330=FACE_OUTER_BOUND('',#510,.T.);
#331=FACE_OUTER_BOUND('',#511,.T.);
#332=FACE_OUTER_BOUND('',#512,.T.);
#333=FACE_OUTER_BOUND('',#513,.T.);
#334=FACE_OUTER_BOUND('',#514,.T.);
#335=FACE_OUTER_BOUND('',#516,.T.);
#336=FACE_OUTER_BOUND('',#517,.T.);
#337=FACE_OUTER_BOUND('',#518,.T.);
#338=FACE_OUTER_BOUND('',#520,.T.);
#339=FACE_OUTER_BOUND('',#521,.T.);
#340=FACE_OUTER_BOUND('',#522,.T.);
#341=FACE_OUTER_BOUND('',#523,.T.);
#342=FACE_OUTER_BOUND('',#524,.T.);
#343=FACE_OUTER_BOUND('',#525,.T.);
#344=FACE_OUTER_BOUND('',#527,.T.);
#345=FACE_OUTER_BOUND('',#528,.T.);
#346=FACE_OUTER_BOUND('',#529,.T.);
#347=FACE_OUTER_BOUND('',#530,.T.);
#348=EDGE_LOOP('',(#2004,#2005,#2006,#2007));
#349=EDGE_LOOP('',(#2008,#2009,#2010));
#350=EDGE_LOOP('',(#2011,#2012,#2013,#2014));
#351=EDGE_LOOP('',(#2015,#2016,#2017,#2018));
#352=EDGE_LOOP('',(#2019,#2020,#2021,#2022));
#353=EDGE_LOOP('',(#2023,#2024,#2025));
#354=EDGE_LOOP('',(#2026,#2027,#2028,#2029));
#355=EDGE_LOOP('',(#2030,#2031,#2032,#2033));
#356=EDGE_LOOP('',(#2034,#2035,#2036,#2037));
#357=EDGE_LOOP('',(#2038,#2039,#2040));
#358=EDGE_LOOP('',(#2041,#2042,#2043,#2044));
#359=EDGE_LOOP('',(#2045,#2046,#2047,#2048));
#360=EDGE_LOOP('',(#2049,#2050,#2051,#2052));
#361=EDGE_LOOP('',(#2053,#2054,#2055));
#362=EDGE_LOOP('',(#2056,#2057,#2058,#2059));
#363=EDGE_LOOP('',(#2060,#2061,#2062,#2063));
#364=EDGE_LOOP('',(#2064,#2065,#2066,#2067));
#365=EDGE_LOOP('',(#2068,#2069,#2070));
#366=EDGE_LOOP('',(#2071,#2072,#2073,#2074));
#367=EDGE_LOOP('',(#2075,#2076,#2077,#2078));
#368=EDGE_LOOP('',(#2079,#2080,#2081,#2082));
#369=EDGE_LOOP('',(#2083,#2084,#2085));
#370=EDGE_LOOP('',(#2086,#2087,#2088,#2089));
#371=EDGE_LOOP('',(#2090,#2091,#2092,#2093));
#372=EDGE_LOOP('',(#2094,#2095,#2096,#2097));
#373=EDGE_LOOP('',(#2098,#2099,#2100));
#374=EDGE_LOOP('',(#2101,#2102,#2103,#2104));
#375=EDGE_LOOP('',(#2105,#2106,#2107,#2108));
#376=EDGE_LOOP('',(#2109,#2110,#2111,#2112));
#377=EDGE_LOOP('',(#2113,#2114,#2115));
#378=EDGE_LOOP('',(#2116,#2117,#2118,#2119));
#379=EDGE_LOOP('',(#2120,#2121,#2122,#2123));
#380=EDGE_LOOP('',(#2124,#2125,#2126,#2127));
#381=EDGE_LOOP('',(#2128,#2129,#2130));
#382=EDGE_LOOP('',(#2131,#2132,#2133,#2134));
#383=EDGE_LOOP('',(#2135,#2136,#2137,#2138));
#384=EDGE_LOOP('',(#2139,#2140,#2141,#2142));
#385=EDGE_LOOP('',(#2143,#2144,#2145));
#386=EDGE_LOOP('',(#2146,#2147,#2148,#2149));
#387=EDGE_LOOP('',(#2150,#2151,#2152,#2153));
#388=EDGE_LOOP('',(#2154,#2155,#2156,#2157));
#389=EDGE_LOOP('',(#2158,#2159,#2160));
#390=EDGE_LOOP('',(#2161,#2162,#2163,#2164));
#391=EDGE_LOOP('',(#2165,#2166,#2167,#2168));
#392=EDGE_LOOP('',(#2169,#2170,#2171,#2172));
#393=EDGE_LOOP('',(#2173,#2174,#2175));
#394=EDGE_LOOP('',(#2176,#2177,#2178,#2179));
#395=EDGE_LOOP('',(#2180,#2181,#2182,#2183));
#396=EDGE_LOOP('',(#2184,#2185,#2186,#2187));
#397=EDGE_LOOP('',(#2188,#2189,#2190));
#398=EDGE_LOOP('',(#2191,#2192,#2193,#2194));
#399=EDGE_LOOP('',(#2195,#2196,#2197,#2198));
#400=EDGE_LOOP('',(#2199,#2200,#2201,#2202));
#401=EDGE_LOOP('',(#2203,#2204,#2205));
#402=EDGE_LOOP('',(#2206,#2207,#2208,#2209));
#403=EDGE_LOOP('',(#2210,#2211,#2212,#2213));
#404=EDGE_LOOP('',(#2214,#2215,#2216,#2217));
#405=EDGE_LOOP('',(#2218,#2219,#2220));
#406=EDGE_LOOP('',(#2221,#2222,#2223,#2224));
#407=EDGE_LOOP('',(#2225,#2226,#2227,#2228));
#408=EDGE_LOOP('',(#2229,#2230,#2231,#2232));
#409=EDGE_LOOP('',(#2233,#2234,#2235));
#410=EDGE_LOOP('',(#2236,#2237,#2238,#2239));
#411=EDGE_LOOP('',(#2240,#2241,#2242,#2243));
#412=EDGE_LOOP('',(#2244,#2245,#2246,#2247));
#413=EDGE_LOOP('',(#2248,#2249,#2250,#2251));
#414=EDGE_LOOP('',(#2252,#2253,#2254,#2255));
#415=EDGE_LOOP('',(#2256,#2257,#2258,#2259));
#416=EDGE_LOOP('',(#2260,#2261,#2262,#2263));
#417=EDGE_LOOP('',(#2264,#2265,#2266,#2267));
#418=EDGE_LOOP('',(#2268,#2269,#2270,#2271));
#419=EDGE_LOOP('',(#2272,#2273,#2274,#2275));
#420=EDGE_LOOP('',(#2276,#2277,#2278,#2279,#2280,#2281,#2282,#2283));
#421=EDGE_LOOP('',(#2284,#2285,#2286,#2287,#2288,#2289,#2290,#2291));
#422=EDGE_LOOP('',(#2292,#2293,#2294,#2295));
#423=EDGE_LOOP('',(#2296,#2297,#2298,#2299));
#424=EDGE_LOOP('',(#2300,#2301,#2302,#2303,#2304,#2305,#2306,#2307,#2308,
#2309,#2310));
#425=EDGE_LOOP('',(#2311,#2312,#2313,#2314,#2315,#2316,#2317,#2318,#2319,
#2320,#2321,#2322,#2323,#2324));
#426=EDGE_LOOP('',(#2325,#2326,#2327,#2328));
#427=EDGE_LOOP('',(#2329,#2330,#2331,#2332));
#428=EDGE_LOOP('',(#2333,#2334,#2335,#2336,#2337));
#429=EDGE_LOOP('',(#2338,#2339,#2340,#2341,#2342,#2343));
#430=EDGE_LOOP('',(#2344,#2345,#2346,#2347,#2348,#2349,#2350,#2351,#2352));
#431=EDGE_LOOP('',(#2353,#2354,#2355,#2356,#2357,#2358));
#432=EDGE_LOOP('',(#2359,#2360,#2361,#2362,#2363,#2364));
#433=EDGE_LOOP('',(#2365,#2366,#2367,#2368,#2369));
#434=EDGE_LOOP('',(#2370,#2371,#2372,#2373,#2374,#2375,#2376,#2377));
#435=EDGE_LOOP('',(#2378,#2379,#2380,#2381));
#436=EDGE_LOOP('',(#2382,#2383,#2384,#2385,#2386,#2387));
#437=EDGE_LOOP('',(#2388,#2389));
#438=EDGE_LOOP('',(#2390,#2391,#2392,#2393,#2394,#2395,#2396,#2397));
#439=EDGE_LOOP('',(#2398,#2399,#2400,#2401,#2402,#2403,#2404,#2405));
#440=EDGE_LOOP('',(#2406,#2407,#2408));
#441=EDGE_LOOP('',(#2409,#2410,#2411,#2412,#2413,#2414));
#442=EDGE_LOOP('',(#2415,#2416,#2417));
#443=EDGE_LOOP('',(#2418,#2419,#2420,#2421));
#444=EDGE_LOOP('',(#2422,#2423,#2424,#2425,#2426,#2427,#2428,#2429));
#445=EDGE_LOOP('',(#2430,#2431,#2432,#2433));
#446=EDGE_LOOP('',(#2434,#2435,#2436,#2437));
#447=EDGE_LOOP('',(#2438,#2439,#2440,#2441));
#448=EDGE_LOOP('',(#2442,#2443,#2444));
#449=EDGE_LOOP('',(#2445,#2446,#2447,#2448));
#450=EDGE_LOOP('',(#2449,#2450,#2451,#2452,#2453,#2454,#2455,#2456,#2457));
#451=EDGE_LOOP('',(#2458,#2459,#2460,#2461));
#452=EDGE_LOOP('',(#2462,#2463,#2464,#2465,#2466,#2467,#2468,#2469,#2470));
#453=EDGE_LOOP('',(#2471,#2472,#2473,#2474,#2475,#2476,#2477));
#454=EDGE_LOOP('',(#2478,#2479,#2480,#2481));
#455=EDGE_LOOP('',(#2482,#2483,#2484,#2485,#2486,#2487,#2488));
#456=EDGE_LOOP('',(#2489,#2490,#2491,#2492));
#457=EDGE_LOOP('',(#2493,#2494,#2495,#2496));
#458=EDGE_LOOP('',(#2497,#2498,#2499,#2500));
#459=EDGE_LOOP('',(#2501,#2502,#2503,#2504));
#460=EDGE_LOOP('',(#2505,#2506,#2507));
#461=EDGE_LOOP('',(#2508,#2509,#2510,#2511));
#462=EDGE_LOOP('',(#2512,#2513,#2514,#2515));
#463=EDGE_LOOP('',(#2516,#2517,#2518,#2519));
#464=EDGE_LOOP('',(#2520,#2521,#2522,#2523,#2524,#2525,#2526,#2527,#2528,
#2529,#2530,#2531,#2532,#2533,#2534,#2535));
#465=EDGE_LOOP('',(#2536));
#466=EDGE_LOOP('',(#2537,#2538,#2539,#2540,#2541,#2542,#2543,#2544,#2545,
#2546,#2547,#2548));
#467=EDGE_LOOP('',(#2549,#2550,#2551,#2552));
#468=EDGE_LOOP('',(#2553,#2554,#2555,#2556));
#469=EDGE_LOOP('',(#2557,#2558,#2559,#2560));
#470=EDGE_LOOP('',(#2561,#2562,#2563,#2564));
#471=EDGE_LOOP('',(#2565,#2566,#2567,#2568));
#472=EDGE_LOOP('',(#2569,#2570,#2571,#2572));
#473=EDGE_LOOP('',(#2573,#2574,#2575,#2576));
#474=EDGE_LOOP('',(#2577,#2578,#2579,#2580));
#475=EDGE_LOOP('',(#2581,#2582,#2583,#2584));
#476=EDGE_LOOP('',(#2585,#2586,#2587,#2588));
#477=EDGE_LOOP('',(#2589,#2590,#2591,#2592));
#478=EDGE_LOOP('',(#2593,#2594,#2595,#2596));
#479=EDGE_LOOP('',(#2597,#2598,#2599,#2600,#2601,#2602,#2603,#2604));
#480=EDGE_LOOP('',(#2605,#2606,#2607,#2608,#2609,#2610,#2611,#2612,#2613,
#2614,#2615,#2616));
#481=EDGE_LOOP('',(#2617,#2618,#2619,#2620));
#482=EDGE_LOOP('',(#2621,#2622,#2623,#2624));
#483=EDGE_LOOP('',(#2625,#2626,#2627,#2628,#2629,#2630,#2631));
#484=EDGE_LOOP('',(#2632,#2633,#2634,#2635,#2636,#2637,#2638,#2639));
#485=EDGE_LOOP('',(#2640,#2641,#2642,#2643,#2644,#2645,#2646,#2647,#2648,
#2649));
#486=EDGE_LOOP('',(#2650,#2651,#2652,#2653,#2654,#2655));
#487=EDGE_LOOP('',(#2656,#2657,#2658,#2659));
#488=EDGE_LOOP('',(#2660,#2661,#2662,#2663));
#489=EDGE_LOOP('',(#2664,#2665,#2666,#2667));
#490=EDGE_LOOP('',(#2668,#2669,#2670,#2671));
#491=EDGE_LOOP('',(#2672,#2673,#2674,#2675));
#492=EDGE_LOOP('',(#2676,#2677,#2678,#2679));
#493=EDGE_LOOP('',(#2680,#2681,#2682,#2683));
#494=EDGE_LOOP('',(#2684,#2685,#2686,#2687));
#495=EDGE_LOOP('',(#2688,#2689,#2690,#2691));
#496=EDGE_LOOP('',(#2692,#2693,#2694,#2695));
#497=EDGE_LOOP('',(#2696,#2697,#2698,#2699));
#498=EDGE_LOOP('',(#2700,#2701,#2702,#2703));
#499=EDGE_LOOP('',(#2704,#2705,#2706,#2707));
#500=EDGE_LOOP('',(#2708,#2709,#2710,#2711));
#501=EDGE_LOOP('',(#2712,#2713,#2714,#2715));
#502=EDGE_LOOP('',(#2716,#2717,#2718,#2719));
#503=EDGE_LOOP('',(#2720,#2721,#2722,#2723));
#504=EDGE_LOOP('',(#2724,#2725,#2726,#2727));
#505=EDGE_LOOP('',(#2728,#2729,#2730,#2731));
#506=EDGE_LOOP('',(#2732,#2733,#2734,#2735));
#507=EDGE_LOOP('',(#2736,#2737,#2738,#2739));
#508=EDGE_LOOP('',(#2740,#2741,#2742,#2743));
#509=EDGE_LOOP('',(#2744,#2745,#2746,#2747));
#510=EDGE_LOOP('',(#2748,#2749,#2750,#2751));
#511=EDGE_LOOP('',(#2752,#2753,#2754,#2755));
#512=EDGE_LOOP('',(#2756,#2757,#2758,#2759));
#513=EDGE_LOOP('',(#2760,#2761,#2762,#2763));
#514=EDGE_LOOP('',(#2764,#2765,#2766,#2767));
#515=EDGE_LOOP('',(#2768,#2769,#2770,#2771,#2772,#2773,#2774,#2775));
#516=EDGE_LOOP('',(#2776,#2777,#2778,#2779));
#517=EDGE_LOOP('',(#2780,#2781,#2782,#2783,#2784,#2785));
#518=EDGE_LOOP('',(#2786,#2787,#2788,#2789));
#519=EDGE_LOOP('',(#2790));
#520=EDGE_LOOP('',(#2791,#2792,#2793,#2794,#2795,#2796,#2797,#2798,#2799,
#2800));
#521=EDGE_LOOP('',(#2801,#2802,#2803,#2804,#2805,#2806,#2807,#2808,#2809,
#2810,#2811,#2812));
#522=EDGE_LOOP('',(#2813,#2814,#2815,#2816));
#523=EDGE_LOOP('',(#2817,#2818,#2819,#2820,#2821,#2822,#2823,#2824));
#524=EDGE_LOOP('',(#2825,#2826,#2827,#2828));
#525=EDGE_LOOP('',(#2829,#2830,#2831,#2832,#2833));
#526=EDGE_LOOP('',(#2834));
#527=EDGE_LOOP('',(#2835,#2836,#2837,#2838));
#528=EDGE_LOOP('',(#2839,#2840,#2841,#2842));
#529=EDGE_LOOP('',(#2843,#2844,#2845,#2846,#2847));
#530=EDGE_LOOP('',(#2848,#2849,#2850,#2851,#2852,#2853,#2854,#2855,#2856,
#2857,#2858,#2859,#2860,#2861,#2862,#2863,#2864,#2865));
#531=EDGE_LOOP('',(#2866,#2867,#2868,#2869,#2870,#2871,#2872,#2873));
#532=EDGE_LOOP('',(#2874,#2875,#2876,#2877,#2878,#2879,#2880,#2881));
#533=EDGE_LOOP('',(#2882,#2883,#2884,#2885,#2886,#2887,#2888,#2889));
#534=EDGE_LOOP('',(#2890,#2891,#2892,#2893,#2894,#2895,#2896,#2897));
#535=LINE('',#4322,#862);
#536=LINE('',#4325,#863);
#537=LINE('',#4332,#864);
#538=LINE('',#4335,#865);
#539=LINE('',#4338,#866);
#540=LINE('',#4339,#867);
#541=LINE('',#4345,#868);
#542=LINE('',#4348,#869);
#543=LINE('',#4354,#870);
#544=LINE('',#4355,#871);
#545=LINE('',#4357,#872);
#546=LINE('',#4363,#873);
#547=LINE('',#4366,#874);
#548=LINE('',#4372,#875);
#549=LINE('',#4373,#876);
#550=LINE('',#4375,#877);
#551=LINE('',#4380,#878);
#552=LINE('',#4385,#879);
#553=LINE('',#4386,#880);
#554=LINE('',#4388,#881);
#555=LINE('',#4394,#882);
#556=LINE('',#4397,#883);
#557=LINE('',#4404,#884);
#558=LINE('',#4407,#885);
#559=LINE('',#4410,#886);
#560=LINE('',#4411,#887);
#561=LINE('',#4417,#888);
#562=LINE('',#4420,#889);
#563=LINE('',#4426,#890);
#564=LINE('',#4427,#891);
#565=LINE('',#4429,#892);
#566=LINE('',#4434,#893);
#567=LINE('',#4440,#894);
#568=LINE('',#4443,#895);
#569=LINE('',#4446,#896);
#570=LINE('',#4447,#897);
#571=LINE('',#4452,#898);
#572=LINE('',#4457,#899);
#573=LINE('',#4458,#900);
#574=LINE('',#4460,#901);
#575=LINE('',#4466,#902);
#576=LINE('',#4469,#903);
#577=LINE('',#4476,#904);
#578=LINE('',#4479,#905);
#579=LINE('',#4482,#906);
#580=LINE('',#4483,#907);
#581=LINE('',#4489,#908);
#582=LINE('',#4492,#909);
#583=LINE('',#4499,#910);
#584=LINE('',#4502,#911);
#585=LINE('',#4505,#912);
#586=LINE('',#4506,#913);
#587=LINE('',#4511,#914);
#588=LINE('',#4517,#915);
#589=LINE('',#4520,#916);
#590=LINE('',#4523,#917);
#591=LINE('',#4524,#918);
#592=LINE('',#4530,#919);
#593=LINE('',#4533,#920);
#594=LINE('',#4539,#921);
#595=LINE('',#4540,#922);
#596=LINE('',#4542,#923);
#597=LINE('',#4547,#924);
#598=LINE('',#4553,#925);
#599=LINE('',#4556,#926);
#600=LINE('',#4559,#927);
#601=LINE('',#4560,#928);
#602=LINE('',#4565,#929);
#603=LINE('',#4570,#930);
#604=LINE('',#4571,#931);
#605=LINE('',#4573,#932);
#606=LINE('',#4578,#933);
#607=LINE('',#4584,#934);
#608=LINE('',#4587,#935);
#609=LINE('',#4590,#936);
#610=LINE('',#4591,#937);
#611=LINE('',#4596,#938);
#612=LINE('',#4601,#939);
#613=LINE('',#4602,#940);
#614=LINE('',#4604,#941);
#615=LINE('',#4612,#942);
#616=LINE('',#4614,#943);
#617=LINE('',#4616,#944);
#618=LINE('',#4617,#945);
#619=LINE('',#4621,#946);
#620=LINE('',#4623,#947);
#621=LINE('',#4625,#948);
#622=LINE('',#4626,#949);
#623=LINE('',#4628,#950);
#624=LINE('',#4629,#951);
#625=LINE('',#4632,#952);
#626=LINE('',#4634,#953);
#627=LINE('',#4635,#954);
#628=LINE('',#4639,#955);
#629=LINE('',#4640,#956);
#630=LINE('',#4642,#957);
#631=LINE('',#4643,#958);
#632=LINE('',#4647,#959);
#633=LINE('',#4649,#960);
#634=LINE('',#4650,#961);
#635=LINE('',#4651,#962);
#636=LINE('',#4653,#963);
#637=LINE('',#4656,#964);
#638=LINE('',#4658,#965);
#639=LINE('',#4659,#966);
#640=LINE('',#4662,#967);
#641=LINE('',#4664,#968);
#642=LINE('',#4666,#969);
#643=LINE('',#4668,#970);
#644=LINE('',#4670,#971);
#645=LINE('',#4672,#972);
#646=LINE('',#4674,#973);
#647=LINE('',#4676,#974);
#648=LINE('',#4678,#975);
#649=LINE('',#4679,#976);
#650=LINE('',#4682,#977);
#651=LINE('',#4686,#978);
#652=LINE('',#4688,#979);
#653=LINE('',#4690,#980);
#654=LINE('',#4692,#981);
#655=LINE('',#4694,#982);
#656=LINE('',#4697,#983);
#657=LINE('',#4701,#984);
#658=LINE('',#4703,#985);
#659=LINE('',#4705,#986);
#660=LINE('',#4706,#987);
#661=LINE('',#4710,#988);
#662=LINE('',#4711,#989);
#663=LINE('',#4712,#990);
#664=LINE('',#4715,#991);
#665=LINE('',#4717,#992);
#666=LINE('',#4718,#993);
#667=LINE('',#4721,#994);
#668=LINE('',#4723,#995);
#669=LINE('',#4725,#996);
#670=LINE('',#4727,#997);
#671=LINE('',#4728,#998);
#672=LINE('',#4731,#999);
#673=LINE('',#4733,#1000);
#674=LINE('',#4735,#1001);
#675=LINE('',#4741,#1002);
#676=LINE('',#4743,#1003);
#677=LINE('',#4744,#1004);
#678=LINE('',#4747,#1005);
#679=LINE('',#4749,#1006);
#680=LINE('',#4751,#1007);
#681=LINE('',#4752,#1008);
#682=LINE('',#4755,#1009);
#683=LINE('',#4756,#1010);
#684=LINE('',#4758,#1011);
#685=LINE('',#4759,#1012);
#686=LINE('',#4761,#1013);
#687=LINE('',#4763,#1014);
#688=LINE('',#4764,#1015);
#689=LINE('',#4766,#1016);
#690=LINE('',#4767,#1017);
#691=LINE('',#4772,#1018);
#692=LINE('',#4775,#1019);
#693=LINE('',#4778,#1020);
#694=LINE('',#4780,#1021);
#695=LINE('',#4782,#1022);
#696=LINE('',#4783,#1023);
#697=LINE('',#4786,#1024);
#698=LINE('',#4788,#1025);
#699=LINE('',#4790,#1026);
#700=LINE('',#4792,#1027);
#701=LINE('',#4794,#1028);
#702=LINE('',#4796,#1029);
#703=LINE('',#4797,#1030);
#704=LINE('',#4800,#1031);
#705=LINE('',#4801,#1032);
#706=LINE('',#4804,#1033);
#707=LINE('',#4806,#1034);
#708=LINE('',#4808,#1035);
#709=LINE('',#4809,#1036);
#710=LINE('',#4811,#1037);
#711=LINE('',#4812,#1038);
#712=LINE('',#4815,#1039);
#713=LINE('',#4817,#1040);
#714=LINE('',#4818,#1041);
#715=LINE('',#4822,#1042);
#716=LINE('',#4824,#1043);
#717=LINE('',#4826,#1044);
#718=LINE('',#4828,#1045);
#719=LINE('',#4830,#1046);
#720=LINE('',#4832,#1047);
#721=LINE('',#4834,#1048);
#722=LINE('',#4835,#1049);
#723=LINE('',#4837,#1050);
#724=LINE('',#4838,#1051);
#725=LINE('',#4839,#1052);
#726=LINE('',#4841,#1053);
#727=LINE('',#4842,#1054);
#728=LINE('',#4843,#1055);
#729=LINE('',#4845,#1056);
#730=LINE('',#4847,#1057);
#731=LINE('',#4850,#1058);
#732=LINE('',#4852,#1059);
#733=LINE('',#4853,#1060);
#734=LINE('',#4855,#1061);
#735=LINE('',#4857,#1062);
#736=LINE('',#4858,#1063);
#737=LINE('',#4861,#1064);
#738=LINE('',#4862,#1065);
#739=LINE('',#4864,#1066);
#740=LINE('',#4865,#1067);
#741=LINE('',#4868,#1068);
#742=LINE('',#4870,#1069);
#743=LINE('',#4871,#1070);
#744=LINE('',#4872,#1071);
#745=LINE('',#4875,#1072);
#746=LINE('',#4876,#1073);
#747=LINE('',#4878,#1074);
#748=LINE('',#4880,#1075);
#749=LINE('',#4881,#1076);
#750=LINE('',#4883,#1077);
#751=LINE('',#4887,#1078);
#752=LINE('',#4889,#1079);
#753=LINE('',#4890,#1080);
#754=LINE('',#4894,#1081);
#755=LINE('',#4896,#1082);
#756=LINE('',#4897,#1083);
#757=LINE('',#4899,#1084);
#758=LINE('',#4901,#1085);
#759=LINE('',#4904,#1086);
#760=LINE('',#4906,#1087);
#761=LINE('',#4908,#1088);
#762=LINE('',#4910,#1089);
#763=LINE('',#4911,#1090);
#764=LINE('',#4914,#1091);
#765=LINE('',#4916,#1092);
#766=LINE('',#4918,#1093);
#767=LINE('',#4936,#1094);
#768=LINE('',#4954,#1095);
#769=LINE('',#4956,#1096);
#770=LINE('',#4958,#1097);
#771=LINE('',#4976,#1098);
#772=LINE('',#4994,#1099);
#773=LINE('',#4996,#1100);
#774=LINE('',#4997,#1101);
#775=LINE('',#5029,#1102);
#776=LINE('',#5047,#1103);
#777=LINE('',#5048,#1104);
#778=LINE('',#5051,#1105);
#779=LINE('',#5053,#1106);
#780=LINE('',#5054,#1107);
#781=LINE('',#5086,#1108);
#782=LINE('',#5104,#1109);
#783=LINE('',#5105,#1110);
#784=LINE('',#5137,#1111);
#785=LINE('',#5154,#1112);
#786=LINE('',#5157,#1113);
#787=LINE('',#5158,#1114);
#788=LINE('',#5161,#1115);
#789=LINE('',#5162,#1116);
#790=LINE('',#5194,#1117);
#791=LINE('',#5211,#1118);
#792=LINE('',#5214,#1119);
#793=LINE('',#5215,#1120);
#794=LINE('',#5218,#1121);
#795=LINE('',#5219,#1122);
#796=LINE('',#5222,#1123);
#797=LINE('',#5224,#1124);
#798=LINE('',#5225,#1125);
#799=LINE('',#5228,#1126);
#800=LINE('',#5229,#1127);
#801=LINE('',#5231,#1128);
#802=LINE('',#5233,#1129);
#803=LINE('',#5234,#1130);
#804=LINE('',#5239,#1131);
#805=LINE('',#5244,#1132);
#806=LINE('',#5245,#1133);
#807=LINE('',#5246,#1134);
#808=LINE('',#5249,#1135);
#809=LINE('',#5250,#1136);
#810=LINE('',#5251,#1137);
#811=LINE('',#5253,#1138);
#812=LINE('',#5255,#1139);
#813=LINE('',#5259,#1140);
#814=LINE('',#5260,#1141);
#815=LINE('',#5276,#1142);
#816=LINE('',#5278,#1143);
#817=LINE('',#5298,#1144);
#818=LINE('',#5299,#1145);
#819=LINE('',#5319,#1146);
#820=LINE('',#5320,#1147);
#821=LINE('',#5331,#1148);
#822=LINE('',#5332,#1149);
#823=LINE('',#5334,#1150);
#824=LINE('',#5335,#1151);
#825=LINE('',#5346,#1152);
#826=LINE('',#5347,#1153);
#827=LINE('',#5358,#1154);
#828=LINE('',#5359,#1155);
#829=LINE('',#5370,#1156);
#830=LINE('',#5371,#1157);
#831=LINE('',#5373,#1158);
#832=LINE('',#5374,#1159);
#833=LINE('',#5376,#1160);
#834=LINE('',#5377,#1161);
#835=LINE('',#5379,#1162);
#836=LINE('',#5380,#1163);
#837=LINE('',#5382,#1164);
#838=LINE('',#5383,#1165);
#839=LINE('',#5385,#1166);
#840=LINE('',#5386,#1167);
#841=LINE('',#5393,#1168);
#842=LINE('',#5395,#1169);
#843=LINE('',#5397,#1170);
#844=LINE('',#5398,#1171);
#845=LINE('',#5402,#1172);
#846=LINE('',#5404,#1173);
#847=LINE('',#5405,#1174);
#848=LINE('',#5408,#1175);
#849=LINE('',#5410,#1176);
#850=LINE('',#5411,#1177);
#851=LINE('',#5413,#1178);
#852=LINE('',#5414,#1179);
#853=LINE('',#5416,#1180);
#854=LINE('',#5422,#1181);
#855=LINE('',#5425,#1182);
#856=LINE('',#5430,#1183);
#857=LINE('',#5434,#1184);
#858=LINE('',#5437,#1185);
#859=LINE('',#5438,#1186);
#860=LINE('',#5441,#1187);
#861=LINE('',#5443,#1188);
#862=VECTOR('',#3427,10.);
#863=VECTOR('',#3430,10.);
#864=VECTOR('',#3439,10.);
#865=VECTOR('',#3442,10.);
#866=VECTOR('',#3445,10.);
#867=VECTOR('',#3446,10.);
#868=VECTOR('',#3451,10.);
#869=VECTOR('',#3454,10.);
#870=VECTOR('',#3463,10.);
#871=VECTOR('',#3464,10.);
#872=VECTOR('',#3467,10.);
#873=VECTOR('',#3472,10.);
#874=VECTOR('',#3475,10.);
#875=VECTOR('',#3484,10.);
#876=VECTOR('',#3485,10.);
#877=VECTOR('',#3488,10.);
#878=VECTOR('',#3493,10.);
#879=VECTOR('',#3502,10.);
#880=VECTOR('',#3503,10.);
#881=VECTOR('',#3506,10.);
#882=VECTOR('',#3511,10.);
#883=VECTOR('',#3514,10.);
#884=VECTOR('',#3523,10.);
#885=VECTOR('',#3526,10.);
#886=VECTOR('',#3529,10.);
#887=VECTOR('',#3530,10.);
#888=VECTOR('',#3535,10.);
#889=VECTOR('',#3538,10.);
#890=VECTOR('',#3547,10.);
#891=VECTOR('',#3548,10.);
#892=VECTOR('',#3551,10.);
#893=VECTOR('',#3556,10.);
#894=VECTOR('',#3565,10.);
#895=VECTOR('',#3568,10.);
#896=VECTOR('',#3571,10.);
#897=VECTOR('',#3572,10.);
#898=VECTOR('',#3577,10.);
#899=VECTOR('',#3586,10.);
#900=VECTOR('',#3587,10.);
#901=VECTOR('',#3590,10.);
#902=VECTOR('',#3595,10.);
#903=VECTOR('',#3598,10.);
#904=VECTOR('',#3607,10.);
#905=VECTOR('',#3610,10.);
#906=VECTOR('',#3613,10.);
#907=VECTOR('',#3614,10.);
#908=VECTOR('',#3619,10.);
#909=VECTOR('',#3622,10.);
#910=VECTOR('',#3631,10.);
#911=VECTOR('',#3634,10.);
#912=VECTOR('',#3637,10.);
#913=VECTOR('',#3638,10.);
#914=VECTOR('',#3643,10.);
#915=VECTOR('',#3652,10.);
#916=VECTOR('',#3655,10.);
#917=VECTOR('',#3658,10.);
#918=VECTOR('',#3659,10.);
#919=VECTOR('',#3664,10.);
#920=VECTOR('',#3667,10.);
#921=VECTOR('',#3676,10.);
#922=VECTOR('',#3677,10.);
#923=VECTOR('',#3680,10.);
#924=VECTOR('',#3685,10.);
#925=VECTOR('',#3694,10.);
#926=VECTOR('',#3697,10.);
#927=VECTOR('',#3700,10.);
#928=VECTOR('',#3701,10.);
#929=VECTOR('',#3706,10.);
#930=VECTOR('',#3715,10.);
#931=VECTOR('',#3716,10.);
#932=VECTOR('',#3719,10.);
#933=VECTOR('',#3724,10.);
#934=VECTOR('',#3733,10.);
#935=VECTOR('',#3736,10.);
#936=VECTOR('',#3739,10.);
#937=VECTOR('',#3740,10.);
#938=VECTOR('',#3745,10.);
#939=VECTOR('',#3754,10.);
#940=VECTOR('',#3755,10.);
#941=VECTOR('',#3758,10.);
#942=VECTOR('',#3769,10.);
#943=VECTOR('',#3770,10.);
#944=VECTOR('',#3771,10.);
#945=VECTOR('',#3772,10.);
#946=VECTOR('',#3775,10.);
#947=VECTOR('',#3776,10.);
#948=VECTOR('',#3777,10.);
#949=VECTOR('',#3778,10.);
#950=VECTOR('',#3781,10.);
#951=VECTOR('',#3782,10.);
#952=VECTOR('',#3785,10.);
#953=VECTOR('',#3786,10.);
#954=VECTOR('',#3787,10.);
#955=VECTOR('',#3790,10.);
#956=VECTOR('',#3791,10.);
#957=VECTOR('',#3792,10.);
#958=VECTOR('',#3793,10.);
#959=VECTOR('',#3796,10.);
#960=VECTOR('',#3797,10.);
#961=VECTOR('',#3798,10.);
#962=VECTOR('',#3799,10.);
#963=VECTOR('',#3802,10.);
#964=VECTOR('',#3805,10.);
#965=VECTOR('',#3806,10.);
#966=VECTOR('',#3807,10.);
#967=VECTOR('',#3810,10.);
#968=VECTOR('',#3811,10.);
#969=VECTOR('',#3812,10.);
#970=VECTOR('',#3813,10.);
#971=VECTOR('',#3814,10.);
#972=VECTOR('',#3815,10.);
#973=VECTOR('',#3816,10.);
#974=VECTOR('',#3817,10.);
#975=VECTOR('',#3818,10.);
#976=VECTOR('',#3819,10.);
#977=VECTOR('',#3822,10.);
#978=VECTOR('',#3825,10.);
#979=VECTOR('',#3826,10.);
#980=VECTOR('',#3827,10.);
#981=VECTOR('',#3828,10.);
#982=VECTOR('',#3829,10.);
#983=VECTOR('',#3832,10.);
#984=VECTOR('',#3835,10.);
#985=VECTOR('',#3836,10.);
#986=VECTOR('',#3837,10.);
#987=VECTOR('',#3838,10.);
#988=VECTOR('',#3841,10.);
#989=VECTOR('',#3842,10.);
#990=VECTOR('',#3843,10.);
#991=VECTOR('',#3846,10.);
#992=VECTOR('',#3847,10.);
#993=VECTOR('',#3848,10.);
#994=VECTOR('',#3851,10.);
#995=VECTOR('',#3852,10.);
#996=VECTOR('',#3853,10.);
#997=VECTOR('',#3854,10.);
#998=VECTOR('',#3855,10.);
#999=VECTOR('',#3858,10.);
#1000=VECTOR('',#3859,10.);
#1001=VECTOR('',#3860,10.);
#1002=VECTOR('',#3865,10.);
#1003=VECTOR('',#3866,10.);
#1004=VECTOR('',#3867,10.);
#1005=VECTOR('',#3870,10.);
#1006=VECTOR('',#3871,10.);
#1007=VECTOR('',#3872,10.);
#1008=VECTOR('',#3873,10.);
#1009=VECTOR('',#3876,10.);
#1010=VECTOR('',#3877,10.);
#1011=VECTOR('',#3878,10.);
#1012=VECTOR('',#3879,10.);
#1013=VECTOR('',#3882,10.);
#1014=VECTOR('',#3883,10.);
#1015=VECTOR('',#3884,10.);
#1016=VECTOR('',#3887,10.);
#1017=VECTOR('',#3888,10.);
#1018=VECTOR('',#3895,9.);
#1019=VECTOR('',#3900,10.);
#1020=VECTOR('',#3903,10.);
#1021=VECTOR('',#3904,10.);
#1022=VECTOR('',#3905,10.);
#1023=VECTOR('',#3906,10.);
#1024=VECTOR('',#3909,10.);
#1025=VECTOR('',#3910,10.);
#1026=VECTOR('',#3911,10.);
#1027=VECTOR('',#3912,10.);
#1028=VECTOR('',#3913,10.);
#1029=VECTOR('',#3914,10.);
#1030=VECTOR('',#3915,10.);
#1031=VECTOR('',#3918,10.);
#1032=VECTOR('',#3919,10.);
#1033=VECTOR('',#3922,10.);
#1034=VECTOR('',#3923,10.);
#1035=VECTOR('',#3924,10.);
#1036=VECTOR('',#3925,10.);
#1037=VECTOR('',#3928,10.);
#1038=VECTOR('',#3929,10.);
#1039=VECTOR('',#3932,10.);
#1040=VECTOR('',#3933,10.);
#1041=VECTOR('',#3934,10.);
#1042=VECTOR('',#3937,10.);
#1043=VECTOR('',#3938,10.);
#1044=VECTOR('',#3939,10.);
#1045=VECTOR('',#3940,10.);
#1046=VECTOR('',#3941,10.);
#1047=VECTOR('',#3942,10.);
#1048=VECTOR('',#3943,10.);
#1049=VECTOR('',#3944,10.);
#1050=VECTOR('',#3947,10.);
#1051=VECTOR('',#3948,10.);
#1052=VECTOR('',#3949,10.);
#1053=VECTOR('',#3952,10.);
#1054=VECTOR('',#3953,10.);
#1055=VECTOR('',#3954,10.);
#1056=VECTOR('',#3957,10.);
#1057=VECTOR('',#3960,10.);
#1058=VECTOR('',#3963,10.);
#1059=VECTOR('',#3964,10.);
#1060=VECTOR('',#3965,10.);
#1061=VECTOR('',#3968,10.);
#1062=VECTOR('',#3969,10.);
#1063=VECTOR('',#3970,10.);
#1064=VECTOR('',#3973,10.);
#1065=VECTOR('',#3974,10.);
#1066=VECTOR('',#3977,10.);
#1067=VECTOR('',#3978,10.);
#1068=VECTOR('',#3981,10.);
#1069=VECTOR('',#3982,10.);
#1070=VECTOR('',#3983,10.);
#1071=VECTOR('',#3984,10.);
#1072=VECTOR('',#3987,10.);
#1073=VECTOR('',#3988,10.);
#1074=VECTOR('',#3991,10.);
#1075=VECTOR('',#3992,10.);
#1076=VECTOR('',#3993,10.);
#1077=VECTOR('',#3996,10.);
#1078=VECTOR('',#4001,10.);
#1079=VECTOR('',#4002,10.);
#1080=VECTOR('',#4003,10.);
#1081=VECTOR('',#4008,10.);
#1082=VECTOR('',#4009,10.);
#1083=VECTOR('',#4010,10.);
#1084=VECTOR('',#4013,10.);
#1085=VECTOR('',#4016,10.);
#1086=VECTOR('',#4019,10.);
#1087=VECTOR('',#4020,10.);
#1088=VECTOR('',#4021,10.);
#1089=VECTOR('',#4022,10.);
#1090=VECTOR('',#4023,10.);
#1091=VECTOR('',#4024,10.);
#1092=VECTOR('',#4025,10.);
#1093=VECTOR('',#4026,10.);
#1094=VECTOR('',#4027,10.);
#1095=VECTOR('',#4028,10.);
#1096=VECTOR('',#4029,10.);
#1097=VECTOR('',#4030,10.);
#1098=VECTOR('',#4031,10.);
#1099=VECTOR('',#4034,10.);
#1100=VECTOR('',#4035,10.);
#1101=VECTOR('',#4036,10.);
#1102=VECTOR('',#4037,10.);
#1103=VECTOR('',#4040,10.);
#1104=VECTOR('',#4041,10.);
#1105=VECTOR('',#4044,10.);
#1106=VECTOR('',#4045,10.);
#1107=VECTOR('',#4046,10.);
#1108=VECTOR('',#4047,10.);
#1109=VECTOR('',#4050,10.);
#1110=VECTOR('',#4051,10.);
#1111=VECTOR('',#4052,10.);
#1112=VECTOR('',#4053,10.);
#1113=VECTOR('',#4056,10.);
#1114=VECTOR('',#4057,10.);
#1115=VECTOR('',#4060,10.);
#1116=VECTOR('',#4061,10.);
#1117=VECTOR('',#4062,10.);
#1118=VECTOR('',#4063,10.);
#1119=VECTOR('',#4066,10.);
#1120=VECTOR('',#4067,10.);
#1121=VECTOR('',#4070,10.);
#1122=VECTOR('',#4071,10.);
#1123=VECTOR('',#4074,10.);
#1124=VECTOR('',#4075,10.);
#1125=VECTOR('',#4076,10.);
#1126=VECTOR('',#4079,10.);
#1127=VECTOR('',#4080,10.);
#1128=VECTOR('',#4081,10.);
#1129=VECTOR('',#4082,10.);
#1130=VECTOR('',#4083,10.);
#1131=VECTOR('',#4088,18.);
#1132=VECTOR('',#4093,10.);
#1133=VECTOR('',#4094,10.);
#1134=VECTOR('',#4095,10.);
#1135=VECTOR('',#4098,10.);
#1136=VECTOR('',#4099,10.);
#1137=VECTOR('',#4100,10.);
#1138=VECTOR('',#4103,10.);
#1139=VECTOR('',#4106,10.);
#1140=VECTOR('',#4111,10.);
#1141=VECTOR('',#4112,10.);
#1142=VECTOR('',#4117,10.);
#1143=VECTOR('',#4120,10.);
#1144=VECTOR('',#4143,10.);
#1145=VECTOR('',#4144,10.);
#1146=VECTOR('',#4167,10.);
#1147=VECTOR('',#4168,10.);
#1148=VECTOR('',#4181,10.);
#1149=VECTOR('',#4182,10.);
#1150=VECTOR('',#4185,10.);
#1151=VECTOR('',#4186,10.);
#1152=VECTOR('',#4199,10.);
#1153=VECTOR('',#4200,10.);
#1154=VECTOR('',#4213,10.);
#1155=VECTOR('',#4214,10.);
#1156=VECTOR('',#4227,10.);
#1157=VECTOR('',#4228,10.);
#1158=VECTOR('',#4231,10.);
#1159=VECTOR('',#4232,10.);
#1160=VECTOR('',#4235,10.);
#1161=VECTOR('',#4236,10.);
#1162=VECTOR('',#4239,10.);
#1163=VECTOR('',#4240,10.);
#1164=VECTOR('',#4243,10.);
#1165=VECTOR('',#4244,10.);
#1166=VECTOR('',#4247,10.);
#1167=VECTOR('',#4248,10.);
#1168=VECTOR('',#4257,10.);
#1169=VECTOR('',#4258,10.);
#1170=VECTOR('',#4259,10.);
#1171=VECTOR('',#4260,10.);
#1172=VECTOR('',#4265,10.);
#1173=VECTOR('',#4266,10.);
#1174=VECTOR('',#4267,10.);
#1175=VECTOR('',#4270,10.);
#1176=VECTOR('',#4271,10.);
#1177=VECTOR('',#4272,10.);
#1178=VECTOR('',#4275,10.);
#1179=VECTOR('',#4276,10.);
#1180=VECTOR('',#4279,10.);
#1181=VECTOR('',#4286,10.);
#1182=VECTOR('',#4289,10.);
#1183=VECTOR('',#4294,10.);
#1184=VECTOR('',#4299,10.);
#1185=VECTOR('',#4304,10.);
#1186=VECTOR('',#4305,10.);
#1187=VECTOR('',#4310,10.);
#1188=VECTOR('',#4313,10.);
#1189=CIRCLE('',#3139,0.5);
#1190=CIRCLE('',#3140,0.499999999999997);
#1191=CIRCLE('',#3142,0.499999999999998);
#1192=CIRCLE('',#3143,0.499999999999998);
#1193=CIRCLE('',#3145,0.500000000000002);
#1194=CIRCLE('',#3148,0.5);
#1195=CIRCLE('',#3149,0.500000000000002);
#1196=CIRCLE('',#3151,0.500000000000011);
#1197=CIRCLE('',#3152,0.499999999999985);
#1198=CIRCLE('',#3156,0.5);
#1199=CIRCLE('',#3157,0.500000000000002);
#1200=CIRCLE('',#3159,0.499999999999985);
#1201=CIRCLE('',#3160,0.500000000000009);
#1202=CIRCLE('',#3164,0.5);
#1203=CIRCLE('',#3165,0.499999999999996);
#1204=CIRCLE('',#3167,0.500000000000011);
#1205=CIRCLE('',#3171,0.5);
#1206=CIRCLE('',#3172,0.499999999999994);
#1207=CIRCLE('',#3174,0.500000000000004);
#1208=CIRCLE('',#3175,0.499999999999995);
#1209=CIRCLE('',#3177,0.500000000000004);
#1210=CIRCLE('',#3180,0.5);
#1211=CIRCLE('',#3181,0.5);
#1212=CIRCLE('',#3183,0.5);
#1213=CIRCLE('',#3184,0.499999999999986);
#1214=CIRCLE('',#3188,0.5);
#1215=CIRCLE('',#3189,0.5);
#1216=CIRCLE('',#3191,0.500000000000013);
#1217=CIRCLE('',#3193,0.500000000000008);
#1218=CIRCLE('',#3196,0.5);
#1219=CIRCLE('',#3197,0.5);
#1220=CIRCLE('',#3199,0.5);
#1221=CIRCLE('',#3203,0.5);
#1222=CIRCLE('',#3204,0.499999999999997);
#1223=CIRCLE('',#3206,0.499999999999998);
#1224=CIRCLE('',#3207,0.499999999999998);
#1225=CIRCLE('',#3209,0.500000000000002);
#1226=CIRCLE('',#3212,0.5);
#1227=CIRCLE('',#3213,0.5);
#1228=CIRCLE('',#3215,0.5);
#1229=CIRCLE('',#3216,0.499999999999986);
#1230=CIRCLE('',#3218,0.499999999999995);
#1231=CIRCLE('',#3221,0.5);
#1232=CIRCLE('',#3222,0.499999999999994);
#1233=CIRCLE('',#3224,0.500000000000004);
#1234=CIRCLE('',#3226,0.500000000000004);
#1235=CIRCLE('',#3229,0.5);
#1236=CIRCLE('',#3230,0.500000000000002);
#1237=CIRCLE('',#3232,0.500000000000011);
#1238=CIRCLE('',#3233,0.499999999999985);
#1239=CIRCLE('',#3237,0.5);
#1240=CIRCLE('',#3238,0.499999999999996);
#1241=CIRCLE('',#3240,0.500000000000011);
#1242=CIRCLE('',#3242,0.500000000000009);
#1243=CIRCLE('',#3245,0.5);
#1244=CIRCLE('',#3246,0.500000000000002);
#1245=CIRCLE('',#3248,0.499999999999985);
#1246=CIRCLE('',#3252,0.5);
#1247=CIRCLE('',#3253,0.5);
#1248=CIRCLE('',#3255,0.500000000000013);
#1249=CIRCLE('',#3257,0.500000000000008);
#1250=CIRCLE('',#3260,0.5);
#1251=CIRCLE('',#3261,0.5);
#1252=CIRCLE('',#3263,0.5);
#1253=CIRCLE('',#3287,9.);
#1254=CIRCLE('',#3288,9.);
#1255=CIRCLE('',#3295,9.);
#1256=CIRCLE('',#3296,9.);
#1257=CIRCLE('',#3335,18.);
#1258=CIRCLE('',#3336,21.264153607085);
#1259=CIRCLE('',#3347,2.);
#1260=CIRCLE('',#3348,1.);
#1261=CIRCLE('',#3349,1.);
#1262=CIRCLE('',#3350,0.999999999999996);
#1263=CIRCLE('',#3352,1.);
#1264=CIRCLE('',#3353,0.999999999999996);
#1265=CIRCLE('',#3354,2.);
#1266=CIRCLE('',#3355,0.999999999999999);
#1267=CIRCLE('',#3358,1.);
#1268=CIRCLE('',#3359,0.999999999999996);
#1269=CIRCLE('',#3360,2.);
#1270=CIRCLE('',#3361,0.999999999999999);
#1271=CIRCLE('',#3363,2.);
#1272=CIRCLE('',#3364,0.999999999999999);
#1273=CIRCLE('',#3365,1.);
#1274=CIRCLE('',#3366,0.999999999999996);
#1275=CIRCLE('',#3369,2.);
#1276=CIRCLE('',#3370,1.);
#1277=CIRCLE('',#3371,1.);
#1278=CIRCLE('',#3372,1.00000000000001);
#1279=CIRCLE('',#3376,2.);
#1280=CIRCLE('',#3377,1.);
#1281=CIRCLE('',#3378,1.);
#1282=CIRCLE('',#3379,0.999999999999988);
#1283=CIRCLE('',#3382,1.);
#1284=CIRCLE('',#3383,0.999999999999996);
#1285=CIRCLE('',#3384,2.);
#1286=CIRCLE('',#3385,1.);
#1287=CIRCLE('',#3388,0.999999999999999);
#1288=CIRCLE('',#3389,0.999999999999996);
#1289=CIRCLE('',#3390,2.);
#1290=CIRCLE('',#3391,0.999999999999999);
#1291=VERTEX_POINT('',#4318);
#1292=VERTEX_POINT('',#4319);
#1293=VERTEX_POINT('',#4321);
#1294=VERTEX_POINT('',#4323);
#1295=VERTEX_POINT('',#4327);
#1296=VERTEX_POINT('',#4331);
#1297=VERTEX_POINT('',#4333);
#1298=VERTEX_POINT('',#4337);
#1299=VERTEX_POINT('',#4341);
#1300=VERTEX_POINT('',#4342);
#1301=VERTEX_POINT('',#4344);
#1302=VERTEX_POINT('',#4346);
#1303=VERTEX_POINT('',#4350);
#1304=VERTEX_POINT('',#4359);
#1305=VERTEX_POINT('',#4360);
#1306=VERTEX_POINT('',#4362);
#1307=VERTEX_POINT('',#4364);
#1308=VERTEX_POINT('',#4368);
#1309=VERTEX_POINT('',#4377);
#1310=VERTEX_POINT('',#4379);
#1311=VERTEX_POINT('',#4390);
#1312=VERTEX_POINT('',#4391);
#1313=VERTEX_POINT('',#4393);
#1314=VERTEX_POINT('',#4395);
#1315=VERTEX_POINT('',#4399);
#1316=VERTEX_POINT('',#4403);
#1317=VERTEX_POINT('',#4405);
#1318=VERTEX_POINT('',#4409);
#1319=VERTEX_POINT('',#4413);
#1320=VERTEX_POINT('',#4414);
#1321=VERTEX_POINT('',#4416);
#1322=VERTEX_POINT('',#4418);
#1323=VERTEX_POINT('',#4422);
#1324=VERTEX_POINT('',#4431);
#1325=VERTEX_POINT('',#4433);
#1326=VERTEX_POINT('',#4439);
#1327=VERTEX_POINT('',#4441);
#1328=VERTEX_POINT('',#4445);
#1329=VERTEX_POINT('',#4449);
#1330=VERTEX_POINT('',#4451);
#1331=VERTEX_POINT('',#4462);
#1332=VERTEX_POINT('',#4463);
#1333=VERTEX_POINT('',#4465);
#1334=VERTEX_POINT('',#4467);
#1335=VERTEX_POINT('',#4471);
#1336=VERTEX_POINT('',#4475);
#1337=VERTEX_POINT('',#4477);
#1338=VERTEX_POINT('',#4481);
#1339=VERTEX_POINT('',#4485);
#1340=VERTEX_POINT('',#4486);
#1341=VERTEX_POINT('',#4488);
#1342=VERTEX_POINT('',#4490);
#1343=VERTEX_POINT('',#4494);
#1344=VERTEX_POINT('',#4498);
#1345=VERTEX_POINT('',#4500);
#1346=VERTEX_POINT('',#4504);
#1347=VERTEX_POINT('',#4508);
#1348=VERTEX_POINT('',#4510);
#1349=VERTEX_POINT('',#4516);
#1350=VERTEX_POINT('',#4518);
#1351=VERTEX_POINT('',#4522);
#1352=VERTEX_POINT('',#4526);
#1353=VERTEX_POINT('',#4527);
#1354=VERTEX_POINT('',#4529);
#1355=VERTEX_POINT('',#4531);
#1356=VERTEX_POINT('',#4535);
#1357=VERTEX_POINT('',#4544);
#1358=VERTEX_POINT('',#4546);
#1359=VERTEX_POINT('',#4552);
#1360=VERTEX_POINT('',#4554);
#1361=VERTEX_POINT('',#4558);
#1362=VERTEX_POINT('',#4562);
#1363=VERTEX_POINT('',#4564);
#1364=VERTEX_POINT('',#4575);
#1365=VERTEX_POINT('',#4577);
#1366=VERTEX_POINT('',#4583);
#1367=VERTEX_POINT('',#4585);
#1368=VERTEX_POINT('',#4589);
#1369=VERTEX_POINT('',#4593);
#1370=VERTEX_POINT('',#4595);
#1371=VERTEX_POINT('',#4610);
#1372=VERTEX_POINT('',#4611);
#1373=VERTEX_POINT('',#4613);
#1374=VERTEX_POINT('',#4615);
#1375=VERTEX_POINT('',#4619);
#1376=VERTEX_POINT('',#4620);
#1377=VERTEX_POINT('',#4622);
#1378=VERTEX_POINT('',#4624);
#1379=VERTEX_POINT('',#4631);
#1380=VERTEX_POINT('',#4633);
#1381=VERTEX_POINT('',#4637);
#1382=VERTEX_POINT('',#4638);
#1383=VERTEX_POINT('',#4641);
#1384=VERTEX_POINT('',#4645);
#1385=VERTEX_POINT('',#4646);
#1386=VERTEX_POINT('',#4648);
#1387=VERTEX_POINT('',#4655);
#1388=VERTEX_POINT('',#4657);
#1389=VERTEX_POINT('',#4661);
#1390=VERTEX_POINT('',#4663);
#1391=VERTEX_POINT('',#4665);
#1392=VERTEX_POINT('',#4667);
#1393=VERTEX_POINT('',#4669);
#1394=VERTEX_POINT('',#4671);
#1395=VERTEX_POINT('',#4673);
#1396=VERTEX_POINT('',#4675);
#1397=VERTEX_POINT('',#4677);
#1398=VERTEX_POINT('',#4681);
#1399=VERTEX_POINT('',#4683);
#1400=VERTEX_POINT('',#4685);
#1401=VERTEX_POINT('',#4687);
#1402=VERTEX_POINT('',#4689);
#1403=VERTEX_POINT('',#4691);
#1404=VERTEX_POINT('',#4693);
#1405=VERTEX_POINT('',#4695);
#1406=VERTEX_POINT('',#4699);
#1407=VERTEX_POINT('',#4700);
#1408=VERTEX_POINT('',#4702);
#1409=VERTEX_POINT('',#4704);
#1410=VERTEX_POINT('',#4708);
#1411=VERTEX_POINT('',#4709);
#1412=VERTEX_POINT('',#4714);
#1413=VERTEX_POINT('',#4716);
#1414=VERTEX_POINT('',#4720);
#1415=VERTEX_POINT('',#4722);
#1416=VERTEX_POINT('',#4724);
#1417=VERTEX_POINT('',#4726);
#1418=VERTEX_POINT('',#4730);
#1419=VERTEX_POINT('',#4732);
#1420=VERTEX_POINT('',#4734);
#1421=VERTEX_POINT('',#4736);
#1422=VERTEX_POINT('',#4738);
#1423=VERTEX_POINT('',#4740);
#1424=VERTEX_POINT('',#4742);
#1425=VERTEX_POINT('',#4746);
#1426=VERTEX_POINT('',#4748);
#1427=VERTEX_POINT('',#4750);
#1428=VERTEX_POINT('',#4754);
#1429=VERTEX_POINT('',#4757);
#1430=VERTEX_POINT('',#4762);
#1431=VERTEX_POINT('',#4770);
#1432=VERTEX_POINT('',#4777);
#1433=VERTEX_POINT('',#4779);
#1434=VERTEX_POINT('',#4781);
#1435=VERTEX_POINT('',#4785);
#1436=VERTEX_POINT('',#4787);
#1437=VERTEX_POINT('',#4789);
#1438=VERTEX_POINT('',#4791);
#1439=VERTEX_POINT('',#4793);
#1440=VERTEX_POINT('',#4795);
#1441=VERTEX_POINT('',#4799);
#1442=VERTEX_POINT('',#4803);
#1443=VERTEX_POINT('',#4805);
#1444=VERTEX_POINT('',#4807);
#1445=VERTEX_POINT('',#4814);
#1446=VERTEX_POINT('',#4816);
#1447=VERTEX_POINT('',#4820);
#1448=VERTEX_POINT('',#4821);
#1449=VERTEX_POINT('',#4823);
#1450=VERTEX_POINT('',#4825);
#1451=VERTEX_POINT('',#4827);
#1452=VERTEX_POINT('',#4829);
#1453=VERTEX_POINT('',#4831);
#1454=VERTEX_POINT('',#4833);
#1455=VERTEX_POINT('',#4849);
#1456=VERTEX_POINT('',#4851);
#1457=VERTEX_POINT('',#4856);
#1458=VERTEX_POINT('',#4860);
#1459=VERTEX_POINT('',#4867);
#1460=VERTEX_POINT('',#4869);
#1461=VERTEX_POINT('',#4874);
#1462=VERTEX_POINT('',#4879);
#1463=VERTEX_POINT('',#4886);
#1464=VERTEX_POINT('',#4888);
#1465=VERTEX_POINT('',#4893);
#1466=VERTEX_POINT('',#4895);
#1467=VERTEX_POINT('',#4903);
#1468=VERTEX_POINT('',#4905);
#1469=VERTEX_POINT('',#4907);
#1470=VERTEX_POINT('',#4909);
#1471=VERTEX_POINT('',#4912);
#1472=VERTEX_POINT('',#4913);
#1473=VERTEX_POINT('',#4915);
#1474=VERTEX_POINT('',#4917);
#1475=VERTEX_POINT('',#4919);
#1476=VERTEX_POINT('',#4935);
#1477=VERTEX_POINT('',#4937);
#1478=VERTEX_POINT('',#4953);
#1479=VERTEX_POINT('',#4955);
#1480=VERTEX_POINT('',#4957);
#1481=VERTEX_POINT('',#4959);
#1482=VERTEX_POINT('',#4975);
#1483=VERTEX_POINT('',#4993);
#1484=VERTEX_POINT('',#4995);
#1485=VERTEX_POINT('',#5028);
#1486=VERTEX_POINT('',#5046);
#1487=VERTEX_POINT('',#5050);
#1488=VERTEX_POINT('',#5052);
#1489=VERTEX_POINT('',#5085);
#1490=VERTEX_POINT('',#5103);
#1491=VERTEX_POINT('',#5136);
#1492=VERTEX_POINT('',#5138);
#1493=VERTEX_POINT('',#5156);
#1494=VERTEX_POINT('',#5160);
#1495=VERTEX_POINT('',#5193);
#1496=VERTEX_POINT('',#5195);
#1497=VERTEX_POINT('',#5213);
#1498=VERTEX_POINT('',#5217);
#1499=VERTEX_POINT('',#5221);
#1500=VERTEX_POINT('',#5223);
#1501=VERTEX_POINT('',#5227);
#1502=VERTEX_POINT('',#5230);
#1503=VERTEX_POINT('',#5232);
#1504=VERTEX_POINT('',#5236);
#1505=VERTEX_POINT('',#5238);
#1506=VERTEX_POINT('',#5242);
#1507=VERTEX_POINT('',#5243);
#1508=VERTEX_POINT('',#5248);
#1509=VERTEX_POINT('',#5258);
#1510=VERTEX_POINT('',#5274);
#1511=VERTEX_POINT('',#5280);
#1512=VERTEX_POINT('',#5281);
#1513=VERTEX_POINT('',#5283);
#1514=VERTEX_POINT('',#5285);
#1515=VERTEX_POINT('',#5289);
#1516=VERTEX_POINT('',#5290);
#1517=VERTEX_POINT('',#5292);
#1518=VERTEX_POINT('',#5294);
#1519=VERTEX_POINT('',#5301);
#1520=VERTEX_POINT('',#5302);
#1521=VERTEX_POINT('',#5304);
#1522=VERTEX_POINT('',#5306);
#1523=VERTEX_POINT('',#5310);
#1524=VERTEX_POINT('',#5311);
#1525=VERTEX_POINT('',#5313);
#1526=VERTEX_POINT('',#5315);
#1527=VERTEX_POINT('',#5322);
#1528=VERTEX_POINT('',#5323);
#1529=VERTEX_POINT('',#5325);
#1530=VERTEX_POINT('',#5327);
#1531=VERTEX_POINT('',#5337);
#1532=VERTEX_POINT('',#5338);
#1533=VERTEX_POINT('',#5340);
#1534=VERTEX_POINT('',#5342);
#1535=VERTEX_POINT('',#5349);
#1536=VERTEX_POINT('',#5350);
#1537=VERTEX_POINT('',#5352);
#1538=VERTEX_POINT('',#5354);
#1539=VERTEX_POINT('',#5361);
#1540=VERTEX_POINT('',#5362);
#1541=VERTEX_POINT('',#5364);
#1542=VERTEX_POINT('',#5366);
#1543=VERTEX_POINT('',#5391);
#1544=VERTEX_POINT('',#5392);
#1545=VERTEX_POINT('',#5394);
#1546=VERTEX_POINT('',#5396);
#1547=VERTEX_POINT('',#5401);
#1548=VERTEX_POINT('',#5403);
#1549=VERTEX_POINT('',#5407);
#1550=VERTEX_POINT('',#5409);
#1551=VERTEX_POINT('',#5418);
#1552=VERTEX_POINT('',#5420);
#1553=VERTEX_POINT('',#5424);
#1554=VERTEX_POINT('',#5427);
#1555=VERTEX_POINT('',#5429);
#1556=VERTEX_POINT('',#5433);
#1557=EDGE_CURVE('',#1291,#1292,#1189,.F.);
#1558=EDGE_CURVE('',#1292,#1293,#535,.T.);
#1559=EDGE_CURVE('',#1293,#1294,#1190,.T.);
#1560=EDGE_CURVE('',#1294,#1291,#536,.T.);
#1561=EDGE_CURVE('',#1293,#1295,#1191,.T.);
#1562=EDGE_CURVE('',#1295,#1294,#1192,.T.);
#1563=EDGE_CURVE('',#1293,#1296,#537,.T.);
#1564=EDGE_CURVE('',#1297,#1296,#1193,.T.);
#1565=EDGE_CURVE('',#1297,#1295,#538,.T.);
#1566=EDGE_CURVE('',#1298,#1292,#539,.T.);
#1567=EDGE_CURVE('',#1296,#1298,#540,.T.);
#1568=EDGE_CURVE('',#1299,#1300,#1194,.F.);
#1569=EDGE_CURVE('',#1300,#1301,#541,.T.);
#1570=EDGE_CURVE('',#1301,#1302,#1195,.T.);
#1571=EDGE_CURVE('',#1302,#1299,#542,.T.);
#1572=EDGE_CURVE('',#1301,#1303,#1196,.T.);
#1573=EDGE_CURVE('',#1303,#1302,#1197,.T.);
#1574=EDGE_CURVE('',#1295,#1303,#543,.T.);
#1575=EDGE_CURVE('',#1301,#1294,#544,.T.);
#1576=EDGE_CURVE('',#1291,#1300,#545,.T.);
#1577=EDGE_CURVE('',#1304,#1305,#1198,.F.);
#1578=EDGE_CURVE('',#1305,#1306,#546,.T.);
#1579=EDGE_CURVE('',#1306,#1307,#1199,.T.);
#1580=EDGE_CURVE('',#1307,#1304,#547,.T.);
#1581=EDGE_CURVE('',#1306,#1308,#1200,.T.);
#1582=EDGE_CURVE('',#1308,#1307,#1201,.T.);
#1583=EDGE_CURVE('',#1303,#1308,#548,.T.);
#1584=EDGE_CURVE('',#1306,#1302,#549,.T.);
#1585=EDGE_CURVE('',#1299,#1305,#550,.T.);
#1586=EDGE_CURVE('',#1298,#1309,#1202,.F.);
#1587=EDGE_CURVE('',#1309,#1310,#551,.T.);
#1588=EDGE_CURVE('',#1310,#1296,#1203,.T.);
#1589=EDGE_CURVE('',#1310,#1297,#1204,.T.);
#1590=EDGE_CURVE('',#1308,#1297,#552,.T.);
#1591=EDGE_CURVE('',#1310,#1307,#553,.T.);
#1592=EDGE_CURVE('',#1304,#1309,#554,.T.);
#1593=EDGE_CURVE('',#1311,#1312,#1205,.F.);
#1594=EDGE_CURVE('',#1312,#1313,#555,.T.);
#1595=EDGE_CURVE('',#1313,#1314,#1206,.T.);
#1596=EDGE_CURVE('',#1314,#1311,#556,.T.);
#1597=EDGE_CURVE('',#1313,#1315,#1207,.T.);
#1598=EDGE_CURVE('',#1315,#1314,#1208,.T.);
#1599=EDGE_CURVE('',#1313,#1316,#557,.T.);
#1600=EDGE_CURVE('',#1317,#1316,#1209,.T.);
#1601=EDGE_CURVE('',#1317,#1315,#558,.T.);
#1602=EDGE_CURVE('',#1318,#1312,#559,.T.);
#1603=EDGE_CURVE('',#1316,#1318,#560,.T.);
#1604=EDGE_CURVE('',#1319,#1320,#1210,.F.);
#1605=EDGE_CURVE('',#1320,#1321,#561,.T.);
#1606=EDGE_CURVE('',#1321,#1322,#1211,.T.);
#1607=EDGE_CURVE('',#1322,#1319,#562,.T.);
#1608=EDGE_CURVE('',#1321,#1323,#1212,.T.);
#1609=EDGE_CURVE('',#1323,#1322,#1213,.T.);
#1610=EDGE_CURVE('',#1315,#1323,#563,.T.);
#1611=EDGE_CURVE('',#1321,#1314,#564,.T.);
#1612=EDGE_CURVE('',#1311,#1320,#565,.T.);
#1613=EDGE_CURVE('',#1318,#1324,#1214,.F.);
#1614=EDGE_CURVE('',#1324,#1325,#566,.T.);
#1615=EDGE_CURVE('',#1325,#1316,#1215,.T.);
#1616=EDGE_CURVE('',#1325,#1317,#1216,.T.);
#1617=EDGE_CURVE('',#1325,#1326,#567,.T.);
#1618=EDGE_CURVE('',#1327,#1326,#1217,.T.);
#1619=EDGE_CURVE('',#1327,#1317,#568,.T.);
#1620=EDGE_CURVE('',#1328,#1324,#569,.T.);
#1621=EDGE_CURVE('',#1326,#1328,#570,.T.);
#1622=EDGE_CURVE('',#1328,#1329,#1218,.F.);
#1623=EDGE_CURVE('',#1329,#1330,#571,.T.);
#1624=EDGE_CURVE('',#1330,#1326,#1219,.T.);
#1625=EDGE_CURVE('',#1330,#1327,#1220,.T.);
#1626=EDGE_CURVE('',#1323,#1327,#572,.T.);
#1627=EDGE_CURVE('',#1330,#1322,#573,.T.);
#1628=EDGE_CURVE('',#1319,#1329,#574,.T.);
#1629=EDGE_CURVE('',#1331,#1332,#1221,.F.);
#1630=EDGE_CURVE('',#1332,#1333,#575,.T.);
#1631=EDGE_CURVE('',#1333,#1334,#1222,.T.);
#1632=EDGE_CURVE('',#1334,#1331,#576,.T.);
#1633=EDGE_CURVE('',#1333,#1335,#1223,.T.);
#1634=EDGE_CURVE('',#1335,#1334,#1224,.T.);
#1635=EDGE_CURVE('',#1333,#1336,#577,.T.);
#1636=EDGE_CURVE('',#1337,#1336,#1225,.T.);
#1637=EDGE_CURVE('',#1337,#1335,#578,.T.);
#1638=EDGE_CURVE('',#1338,#1332,#579,.T.);
#1639=EDGE_CURVE('',#1336,#1338,#580,.T.);
#1640=EDGE_CURVE('',#1339,#1340,#1226,.F.);
#1641=EDGE_CURVE('',#1340,#1341,#581,.T.);
#1642=EDGE_CURVE('',#1341,#1342,#1227,.T.);
#1643=EDGE_CURVE('',#1342,#1339,#582,.T.);
#1644=EDGE_CURVE('',#1341,#1343,#1228,.T.);
#1645=EDGE_CURVE('',#1343,#1342,#1229,.T.);
#1646=EDGE_CURVE('',#1341,#1344,#583,.T.);
#1647=EDGE_CURVE('',#1345,#1344,#1230,.T.);
#1648=EDGE_CURVE('',#1345,#1343,#584,.T.);
#1649=EDGE_CURVE('',#1346,#1340,#585,.T.);
#1650=EDGE_CURVE('',#1344,#1346,#586,.T.);
#1651=EDGE_CURVE('',#1346,#1347,#1231,.F.);
#1652=EDGE_CURVE('',#1347,#1348,#587,.T.);
#1653=EDGE_CURVE('',#1348,#1344,#1232,.T.);
#1654=EDGE_CURVE('',#1348,#1345,#1233,.T.);
#1655=EDGE_CURVE('',#1348,#1349,#588,.T.);
#1656=EDGE_CURVE('',#1350,#1349,#1234,.T.);
#1657=EDGE_CURVE('',#1350,#1345,#589,.T.);
#1658=EDGE_CURVE('',#1351,#1347,#590,.T.);
#1659=EDGE_CURVE('',#1349,#1351,#591,.T.);
#1660=EDGE_CURVE('',#1352,#1353,#1235,.F.);
#1661=EDGE_CURVE('',#1353,#1354,#592,.T.);
#1662=EDGE_CURVE('',#1354,#1355,#1236,.T.);
#1663=EDGE_CURVE('',#1355,#1352,#593,.T.);
#1664=EDGE_CURVE('',#1354,#1356,#1237,.T.);
#1665=EDGE_CURVE('',#1356,#1355,#1238,.T.);
#1666=EDGE_CURVE('',#1335,#1356,#594,.T.);
#1667=EDGE_CURVE('',#1354,#1334,#595,.T.);
#1668=EDGE_CURVE('',#1331,#1353,#596,.T.);
#1669=EDGE_CURVE('',#1338,#1357,#1239,.F.);
#1670=EDGE_CURVE('',#1357,#1358,#597,.T.);
#1671=EDGE_CURVE('',#1358,#1336,#1240,.T.);
#1672=EDGE_CURVE('',#1358,#1337,#1241,.T.);
#1673=EDGE_CURVE('',#1358,#1359,#598,.T.);
#1674=EDGE_CURVE('',#1360,#1359,#1242,.T.);
#1675=EDGE_CURVE('',#1360,#1337,#599,.T.);
#1676=EDGE_CURVE('',#1361,#1357,#600,.T.);
#1677=EDGE_CURVE('',#1359,#1361,#601,.T.);
#1678=EDGE_CURVE('',#1361,#1362,#1243,.F.);
#1679=EDGE_CURVE('',#1362,#1363,#602,.T.);
#1680=EDGE_CURVE('',#1363,#1359,#1244,.T.);
#1681=EDGE_CURVE('',#1363,#1360,#1245,.T.);
#1682=EDGE_CURVE('',#1356,#1360,#603,.T.);
#1683=EDGE_CURVE('',#1363,#1355,#604,.T.);
#1684=EDGE_CURVE('',#1352,#1362,#605,.T.);
#1685=EDGE_CURVE('',#1351,#1364,#1246,.F.);
#1686=EDGE_CURVE('',#1364,#1365,#606,.T.);
#1687=EDGE_CURVE('',#1365,#1349,#1247,.T.);
#1688=EDGE_CURVE('',#1365,#1350,#1248,.T.);
#1689=EDGE_CURVE('',#1365,#1366,#607,.T.);
#1690=EDGE_CURVE('',#1367,#1366,#1249,.T.);
#1691=EDGE_CURVE('',#1367,#1350,#608,.T.);
#1692=EDGE_CURVE('',#1368,#1364,#609,.T.);
#1693=EDGE_CURVE('',#1366,#1368,#610,.T.);
#1694=EDGE_CURVE('',#1368,#1369,#1250,.F.);
#1695=EDGE_CURVE('',#1369,#1370,#611,.T.);
#1696=EDGE_CURVE('',#1370,#1366,#1251,.T.);
#1697=EDGE_CURVE('',#1370,#1367,#1252,.T.);
#1698=EDGE_CURVE('',#1343,#1367,#612,.T.);
#1699=EDGE_CURVE('',#1370,#1342,#613,.T.);
#1700=EDGE_CURVE('',#1339,#1369,#614,.T.);
#1701=EDGE_CURVE('',#1371,#1372,#615,.T.);
#1702=EDGE_CURVE('',#1371,#1373,#616,.T.);
#1703=EDGE_CURVE('',#1373,#1374,#617,.T.);
#1704=EDGE_CURVE('',#1372,#1374,#618,.T.);
#1705=EDGE_CURVE('',#1375,#1376,#619,.T.);
#1706=EDGE_CURVE('',#1375,#1377,#620,.T.);
#1707=EDGE_CURVE('',#1377,#1378,#621,.T.);
#1708=EDGE_CURVE('',#1376,#1378,#622,.T.);
#1709=EDGE_CURVE('',#1374,#1377,#623,.T.);
#1710=EDGE_CURVE('',#1378,#1373,#624,.T.);
#1711=EDGE_CURVE('',#1379,#1372,#625,.T.);
#1712=EDGE_CURVE('',#1380,#1379,#626,.T.);
#1713=EDGE_CURVE('',#1371,#1380,#627,.T.);
#1714=EDGE_CURVE('',#1381,#1382,#628,.T.);
#1715=EDGE_CURVE('',#1379,#1381,#629,.T.);
#1716=EDGE_CURVE('',#1375,#1383,#630,.T.);
#1717=EDGE_CURVE('',#1382,#1383,#631,.T.);
#1718=EDGE_CURVE('',#1384,#1385,#632,.T.);
#1719=EDGE_CURVE('',#1384,#1386,#633,.T.);
#1720=EDGE_CURVE('',#1386,#1376,#634,.T.);
#1721=EDGE_CURVE('',#1385,#1380,#635,.T.);
#1722=EDGE_CURVE('',#1383,#1386,#636,.T.);
#1723=EDGE_CURVE('',#1387,#1382,#637,.T.);
#1724=EDGE_CURVE('',#1388,#1387,#638,.T.);
#1725=EDGE_CURVE('',#1381,#1388,#639,.T.);
#1726=EDGE_CURVE('',#1389,#1385,#640,.T.);
#1727=EDGE_CURVE('',#1390,#1389,#641,.T.);
#1728=EDGE_CURVE('',#1391,#1390,#642,.T.);
#1729=EDGE_CURVE('',#1391,#1392,#643,.T.);
#1730=EDGE_CURVE('',#1392,#1393,#644,.T.);
#1731=EDGE_CURVE('',#1393,#1394,#645,.T.);
#1732=EDGE_CURVE('',#1394,#1395,#646,.T.);
#1733=EDGE_CURVE('',#1395,#1396,#647,.T.);
#1734=EDGE_CURVE('',#1396,#1397,#648,.T.);
#1735=EDGE_CURVE('',#1384,#1397,#649,.T.);
#1736=EDGE_CURVE('',#1388,#1398,#650,.T.);
#1737=EDGE_CURVE('',#1398,#1399,#48,.T.);
#1738=EDGE_CURVE('',#1399,#1400,#651,.T.);
#1739=EDGE_CURVE('',#1400,#1401,#652,.T.);
#1740=EDGE_CURVE('',#1401,#1402,#653,.T.);
#1741=EDGE_CURVE('',#1402,#1403,#654,.T.);
#1742=EDGE_CURVE('',#1403,#1404,#655,.T.);
#1743=EDGE_CURVE('',#1404,#1405,#49,.T.);
#1744=EDGE_CURVE('',#1405,#1389,#656,.T.);
#1745=EDGE_CURVE('',#1406,#1407,#657,.T.);
#1746=EDGE_CURVE('',#1408,#1406,#658,.T.);
#1747=EDGE_CURVE('',#1408,#1409,#659,.T.);
#1748=EDGE_CURVE('',#1407,#1409,#660,.T.);
#1749=EDGE_CURVE('',#1410,#1411,#661,.T.);
#1750=EDGE_CURVE('',#1407,#1411,#662,.T.);
#1751=EDGE_CURVE('',#1409,#1410,#663,.T.);
#1752=EDGE_CURVE('',#1412,#1408,#664,.T.);
#1753=EDGE_CURVE('',#1413,#1412,#665,.T.);
#1754=EDGE_CURVE('',#1410,#1413,#666,.T.);
#1755=EDGE_CURVE('',#1413,#1414,#667,.T.);
#1756=EDGE_CURVE('',#1415,#1414,#668,.T.);
#1757=EDGE_CURVE('',#1416,#1415,#669,.T.);
#1758=EDGE_CURVE('',#1417,#1416,#670,.T.);
#1759=EDGE_CURVE('',#1417,#1410,#671,.T.);
#1760=EDGE_CURVE('',#1414,#1418,#672,.T.);
#1761=EDGE_CURVE('',#1419,#1418,#673,.T.);
#1762=EDGE_CURVE('',#1420,#1419,#674,.T.);
#1763=EDGE_CURVE('',#1420,#1421,#1253,.T.);
#1764=EDGE_CURVE('',#1421,#1422,#1254,.T.);
#1765=EDGE_CURVE('',#1423,#1422,#675,.T.);
#1766=EDGE_CURVE('',#1424,#1423,#676,.F.);
#1767=EDGE_CURVE('',#1424,#1415,#677,.T.);
#1768=EDGE_CURVE('',#1425,#1406,#678,.T.);
#1769=EDGE_CURVE('',#1426,#1425,#679,.T.);
#1770=EDGE_CURVE('',#1427,#1426,#680,.T.);
#1771=EDGE_CURVE('',#1412,#1427,#681,.T.);
#1772=EDGE_CURVE('',#1396,#1428,#682,.T.);
#1773=EDGE_CURVE('',#1428,#1426,#683,.T.);
#1774=EDGE_CURVE('',#1429,#1425,#684,.T.);
#1775=EDGE_CURVE('',#1397,#1429,#685,.T.);
#1776=EDGE_CURVE('',#1395,#1392,#686,.T.);
#1777=EDGE_CURVE('',#1392,#1430,#687,.T.);
#1778=EDGE_CURVE('',#1430,#1428,#688,.T.);
#1779=EDGE_CURVE('',#1418,#1391,#689,.T.);
#1780=EDGE_CURVE('',#1427,#1430,#690,.T.);
#1781=EDGE_CURVE('',#1431,#1431,#1255,.T.);
#1782=EDGE_CURVE('',#1431,#1421,#691,.T.);
#1783=EDGE_CURVE('',#1422,#1420,#1256,.T.);
#1784=EDGE_CURVE('',#1422,#1420,#692,.T.);
#1785=EDGE_CURVE('',#1411,#1432,#693,.T.);
#1786=EDGE_CURVE('',#1433,#1432,#694,.F.);
#1787=EDGE_CURVE('',#1434,#1433,#695,.T.);
#1788=EDGE_CURVE('',#1429,#1434,#696,.T.);
#1789=EDGE_CURVE('',#1435,#1395,#697,.T.);
#1790=EDGE_CURVE('',#1436,#1435,#698,.T.);
#1791=EDGE_CURVE('',#1437,#1436,#699,.T.);
#1792=EDGE_CURVE('',#1438,#1437,#700,.T.);
#1793=EDGE_CURVE('',#1439,#1438,#701,.T.);
#1794=EDGE_CURVE('',#1440,#1439,#702,.T.);
#1795=EDGE_CURVE('',#1440,#1392,#703,.T.);
#1796=EDGE_CURVE('',#1441,#1438,#704,.T.);
#1797=EDGE_CURVE('',#1439,#1441,#705,.T.);
#1798=EDGE_CURVE('',#1437,#1442,#706,.T.);
#1799=EDGE_CURVE('',#1442,#1443,#707,.T.);
#1800=EDGE_CURVE('',#1443,#1444,#708,.T.);
#1801=EDGE_CURVE('',#1444,#1441,#709,.T.);
#1802=EDGE_CURVE('',#1435,#1442,#710,.T.);
#1803=EDGE_CURVE('',#1442,#1436,#711,.T.);
#1804=EDGE_CURVE('',#1401,#1445,#712,.T.);
#1805=EDGE_CURVE('',#1445,#1446,#713,.T.);
#1806=EDGE_CURVE('',#1446,#1402,#714,.T.);
#1807=EDGE_CURVE('',#1447,#1448,#715,.T.);
#1808=EDGE_CURVE('',#1447,#1449,#716,.T.);
#1809=EDGE_CURVE('',#1449,#1450,#717,.T.);
#1810=EDGE_CURVE('',#1450,#1451,#718,.T.);
#1811=EDGE_CURVE('',#1452,#1451,#719,.T.);
#1812=EDGE_CURVE('',#1452,#1453,#720,.T.);
#1813=EDGE_CURVE('',#1453,#1454,#721,.T.);
#1814=EDGE_CURVE('',#1454,#1448,#722,.T.);
#1815=EDGE_CURVE('',#1442,#1452,#723,.T.);
#1816=EDGE_CURVE('',#1442,#1443,#724,.T.);
#1817=EDGE_CURVE('',#1443,#1453,#725,.T.);
#1818=EDGE_CURVE('',#1448,#1441,#726,.T.);
#1819=EDGE_CURVE('',#1444,#1454,#727,.T.);
#1820=EDGE_CURVE('',#1444,#1441,#728,.T.);
#1821=EDGE_CURVE('',#1443,#1444,#729,.T.);
#1822=EDGE_CURVE('',#1441,#1440,#730,.T.);
#1823=EDGE_CURVE('',#1443,#1455,#731,.T.);
#1824=EDGE_CURVE('',#1456,#1455,#732,.T.);
#1825=EDGE_CURVE('',#1444,#1456,#733,.T.);
#1826=EDGE_CURVE('',#1441,#1438,#734,.T.);
#1827=EDGE_CURVE('',#1457,#1456,#735,.T.);
#1828=EDGE_CURVE('',#1457,#1393,#736,.T.);
#1829=EDGE_CURVE('',#1458,#1457,#737,.T.);
#1830=EDGE_CURVE('',#1458,#1394,#738,.T.);
#1831=EDGE_CURVE('',#1437,#1442,#739,.T.);
#1832=EDGE_CURVE('',#1455,#1458,#740,.T.);
#1833=EDGE_CURVE('',#1459,#1446,#741,.T.);
#1834=EDGE_CURVE('',#1460,#1459,#742,.T.);
#1835=EDGE_CURVE('',#1449,#1460,#743,.T.);
#1836=EDGE_CURVE('',#1403,#1447,#744,.T.);
#1837=EDGE_CURVE('',#1461,#1460,#745,.T.);
#1838=EDGE_CURVE('',#1450,#1461,#746,.T.);
#1839=EDGE_CURVE('',#1451,#1400,#747,.T.);
#1840=EDGE_CURVE('',#1462,#1461,#748,.T.);
#1841=EDGE_CURVE('',#1445,#1462,#749,.T.);
#1842=EDGE_CURVE('',#1459,#1462,#750,.T.);
#1843=EDGE_CURVE('',#1441,#1463,#751,.T.);
#1844=EDGE_CURVE('',#1444,#1464,#752,.T.);
#1845=EDGE_CURVE('',#1464,#1463,#753,.T.);
#1846=EDGE_CURVE('',#1465,#1442,#754,.T.);
#1847=EDGE_CURVE('',#1465,#1466,#755,.T.);
#1848=EDGE_CURVE('',#1443,#1466,#756,.T.);
#1849=EDGE_CURVE('',#1466,#1464,#757,.T.);
#1850=EDGE_CURVE('',#1463,#1465,#758,.T.);
#1851=EDGE_CURVE('',#1467,#1399,#759,.T.);
#1852=EDGE_CURVE('',#1468,#1467,#760,.T.);
#1853=EDGE_CURVE('',#1468,#1469,#761,.T.);
#1854=EDGE_CURVE('',#1470,#1469,#762,.T.);
#1855=EDGE_CURVE('',#1470,#1404,#763,.T.);
#1856=EDGE_CURVE('',#1471,#1472,#764,.T.);
#1857=EDGE_CURVE('',#1472,#1473,#765,.T.);
#1858=EDGE_CURVE('',#1473,#1474,#766,.T.);
#1859=EDGE_CURVE('',#1474,#1475,#30,.T.);
#1860=EDGE_CURVE('',#1475,#1476,#767,.T.);
#1861=EDGE_CURVE('',#1476,#1477,#31,.T.);
#1862=EDGE_CURVE('',#1477,#1478,#768,.T.);
#1863=EDGE_CURVE('',#1478,#1479,#769,.T.);
#1864=EDGE_CURVE('',#1479,#1480,#770,.T.);
#1865=EDGE_CURVE('',#1480,#1481,#32,.T.);
#1866=EDGE_CURVE('',#1481,#1482,#771,.T.);
#1867=EDGE_CURVE('',#1482,#1471,#33,.T.);
#1868=EDGE_CURVE('',#1471,#1483,#772,.T.);
#1869=EDGE_CURVE('',#1483,#1484,#773,.T.);
#1870=EDGE_CURVE('',#1472,#1484,#774,.T.);
#1871=EDGE_CURVE('',#1482,#1485,#775,.T.);
#1872=EDGE_CURVE('',#1485,#1483,#34,.T.);
#1873=EDGE_CURVE('',#1486,#1485,#776,.T.);
#1874=EDGE_CURVE('',#1484,#1486,#777,.T.);
#1875=EDGE_CURVE('',#1477,#1487,#778,.T.);
#1876=EDGE_CURVE('',#1487,#1488,#779,.T.);
#1877=EDGE_CURVE('',#1478,#1488,#780,.T.);
#1878=EDGE_CURVE('',#1476,#1489,#781,.T.);
#1879=EDGE_CURVE('',#1489,#1487,#35,.T.);
#1880=EDGE_CURVE('',#1490,#1489,#782,.T.);
#1881=EDGE_CURVE('',#1488,#1490,#783,.T.);
#1882=EDGE_CURVE('',#1480,#1491,#784,.T.);
#1883=EDGE_CURVE('',#1491,#1492,#36,.T.);
#1884=EDGE_CURVE('',#1481,#1492,#785,.T.);
#1885=EDGE_CURVE('',#1493,#1479,#786,.T.);
#1886=EDGE_CURVE('',#1493,#1491,#787,.T.);
#1887=EDGE_CURVE('',#1494,#1493,#788,.T.);
#1888=EDGE_CURVE('',#1492,#1494,#789,.T.);
#1889=EDGE_CURVE('',#1474,#1495,#790,.T.);
#1890=EDGE_CURVE('',#1495,#1496,#37,.T.);
#1891=EDGE_CURVE('',#1475,#1496,#791,.T.);
#1892=EDGE_CURVE('',#1497,#1473,#792,.T.);
#1893=EDGE_CURVE('',#1497,#1495,#793,.T.);
#1894=EDGE_CURVE('',#1498,#1497,#794,.T.);
#1895=EDGE_CURVE('',#1496,#1498,#795,.T.);
#1896=EDGE_CURVE('',#1490,#1499,#796,.T.);
#1897=EDGE_CURVE('',#1499,#1500,#797,.T.);
#1898=EDGE_CURVE('',#1494,#1500,#798,.T.);
#1899=EDGE_CURVE('',#1486,#1501,#799,.T.);
#1900=EDGE_CURVE('',#1501,#1416,#800,.T.);
#1901=EDGE_CURVE('',#1424,#1502,#801,.T.);
#1902=EDGE_CURVE('',#1502,#1503,#802,.T.);
#1903=EDGE_CURVE('',#1503,#1498,#803,.T.);
#1904=EDGE_CURVE('',#1504,#1504,#1257,.T.);
#1905=EDGE_CURVE('',#1504,#1505,#804,.T.);
#1906=EDGE_CURVE('',#1505,#1505,#1258,.T.);
#1907=EDGE_CURVE('',#1506,#1507,#805,.T.);
#1908=EDGE_CURVE('',#1503,#1506,#806,.T.);
#1909=EDGE_CURVE('',#1507,#1502,#807,.T.);
#1910=EDGE_CURVE('',#1508,#1417,#808,.T.);
#1911=EDGE_CURVE('',#1506,#1508,#809,.T.);
#1912=EDGE_CURVE('',#1432,#1507,#810,.T.);
#1913=EDGE_CURVE('',#1500,#1501,#811,.T.);
#1914=EDGE_CURVE('',#1508,#1499,#812,.T.);
#1915=EDGE_CURVE('',#1509,#1405,#813,.T.);
#1916=EDGE_CURVE('',#1509,#1390,#814,.F.);
#1917=EDGE_CURVE('',#1509,#1470,#50,.T.);
#1918=EDGE_CURVE('',#1467,#1510,#51,.T.);
#1919=EDGE_CURVE('',#1510,#1398,#815,.T.);
#1920=EDGE_CURVE('',#1387,#1510,#816,.F.);
#1921=EDGE_CURVE('',#1511,#1512,#1259,.T.);
#1922=EDGE_CURVE('',#1513,#1512,#1260,.T.);
#1923=EDGE_CURVE('',#1514,#1513,#1261,.F.);
#1924=EDGE_CURVE('',#1511,#1514,#1262,.T.);
#1925=EDGE_CURVE('',#1515,#1516,#1263,.F.);
#1926=EDGE_CURVE('',#1517,#1515,#1264,.T.);
#1927=EDGE_CURVE('',#1517,#1518,#1265,.T.);
#1928=EDGE_CURVE('',#1516,#1518,#1266,.T.);
#1929=EDGE_CURVE('',#1512,#1517,#817,.T.);
#1930=EDGE_CURVE('',#1515,#1513,#818,.T.);
#1931=EDGE_CURVE('',#1519,#1520,#1267,.F.);
#1932=EDGE_CURVE('',#1521,#1519,#1268,.T.);
#1933=EDGE_CURVE('',#1521,#1522,#1269,.T.);
#1934=EDGE_CURVE('',#1520,#1522,#1270,.T.);
#1935=EDGE_CURVE('',#1523,#1524,#1271,.T.);
#1936=EDGE_CURVE('',#1525,#1524,#1272,.T.);
#1937=EDGE_CURVE('',#1526,#1525,#1273,.F.);
#1938=EDGE_CURVE('',#1523,#1526,#1274,.T.);
#1939=EDGE_CURVE('',#1524,#1511,#819,.T.);
#1940=EDGE_CURVE('',#1514,#1525,#820,.T.);
#1941=EDGE_CURVE('',#1527,#1528,#1275,.T.);
#1942=EDGE_CURVE('',#1529,#1528,#1276,.T.);
#1943=EDGE_CURVE('',#1530,#1529,#1277,.F.);
#1944=EDGE_CURVE('',#1527,#1530,#1278,.T.);
#1945=EDGE_CURVE('',#1528,#1521,#821,.T.);
#1946=EDGE_CURVE('',#1519,#1529,#822,.T.);
#1947=EDGE_CURVE('',#1516,#1530,#823,.T.);
#1948=EDGE_CURVE('',#1529,#1515,#824,.T.);
#1949=EDGE_CURVE('',#1531,#1532,#1279,.T.);
#1950=EDGE_CURVE('',#1533,#1532,#1280,.T.);
#1951=EDGE_CURVE('',#1534,#1533,#1281,.F.);
#1952=EDGE_CURVE('',#1531,#1534,#1282,.T.);
#1953=EDGE_CURVE('',#1523,#1532,#825,.F.);
#1954=EDGE_CURVE('',#1526,#1533,#826,.T.);
#1955=EDGE_CURVE('',#1535,#1536,#1283,.F.);
#1956=EDGE_CURVE('',#1537,#1535,#1284,.T.);
#1957=EDGE_CURVE('',#1537,#1538,#1285,.T.);
#1958=EDGE_CURVE('',#1536,#1538,#1286,.T.);
#1959=EDGE_CURVE('',#1522,#1537,#827,.T.);
#1960=EDGE_CURVE('',#1535,#1520,#828,.T.);
#1961=EDGE_CURVE('',#1539,#1540,#1287,.F.);
#1962=EDGE_CURVE('',#1541,#1539,#1288,.T.);
#1963=EDGE_CURVE('',#1541,#1542,#1289,.T.);
#1964=EDGE_CURVE('',#1540,#1542,#1290,.T.);
#1965=EDGE_CURVE('',#1538,#1541,#829,.T.);
#1966=EDGE_CURVE('',#1539,#1536,#830,.T.);
#1967=EDGE_CURVE('',#1542,#1527,#831,.T.);
#1968=EDGE_CURVE('',#1530,#1540,#832,.T.);
#1969=EDGE_CURVE('',#1533,#1539,#833,.T.);
#1970=EDGE_CURVE('',#1540,#1534,#834,.T.);
#1971=EDGE_CURVE('',#1525,#1535,#835,.T.);
#1972=EDGE_CURVE('',#1536,#1526,#836,.T.);
#1973=EDGE_CURVE('',#1518,#1531,#837,.T.);
#1974=EDGE_CURVE('',#1534,#1516,#838,.T.);
#1975=EDGE_CURVE('',#1513,#1519,#839,.T.);
#1976=EDGE_CURVE('',#1520,#1514,#840,.T.);
#1977=EDGE_CURVE('',#1543,#1544,#841,.T.);
#1978=EDGE_CURVE('',#1543,#1545,#842,.T.);
#1979=EDGE_CURVE('',#1546,#1545,#843,.T.);
#1980=EDGE_CURVE('',#1544,#1546,#844,.T.);
#1981=EDGE_CURVE('',#1423,#1547,#845,.T.);
#1982=EDGE_CURVE('',#1548,#1419,#846,.T.);
#1983=EDGE_CURVE('',#1548,#1547,#847,.T.);
#1984=EDGE_CURVE('',#1434,#1549,#848,.T.);
#1985=EDGE_CURVE('',#1550,#1433,#849,.T.);
#1986=EDGE_CURVE('',#1549,#1550,#850,.F.);
#1987=EDGE_CURVE('',#1547,#1523,#851,.F.);
#1988=EDGE_CURVE('',#1532,#1550,#852,.F.);
#1989=EDGE_CURVE('',#1549,#1548,#853,.T.);
#1990=EDGE_CURVE('',#1551,#1543,#52,.T.);
#1991=EDGE_CURVE('',#1544,#1552,#53,.T.);
#1992=EDGE_CURVE('',#1552,#1551,#854,.T.);
#1993=EDGE_CURVE('',#1553,#1551,#855,.T.);
#1994=EDGE_CURVE('',#1469,#1553,#54,.T.);
#1995=EDGE_CURVE('',#1554,#1468,#55,.T.);
#1996=EDGE_CURVE('',#1555,#1554,#856,.T.);
#1997=EDGE_CURVE('',#1545,#1555,#56,.T.);
#1998=EDGE_CURVE('',#1555,#1556,#857,.T.);
#1999=EDGE_CURVE('',#1556,#1546,#57,.T.);
#2000=EDGE_CURVE('',#1510,#1554,#858,.T.);
#2001=EDGE_CURVE('',#1556,#1387,#859,.F.);
#2002=EDGE_CURVE('',#1553,#1509,#860,.T.);
#2003=EDGE_CURVE('',#1390,#1552,#861,.F.);
#2004=ORIENTED_EDGE('',*,*,#1557,.T.);
#2005=ORIENTED_EDGE('',*,*,#1558,.T.);
#2006=ORIENTED_EDGE('',*,*,#1559,.T.);
#2007=ORIENTED_EDGE('',*,*,#1560,.T.);
#2008=ORIENTED_EDGE('',*,*,#1559,.F.);
#2009=ORIENTED_EDGE('',*,*,#1561,.T.);
#2010=ORIENTED_EDGE('',*,*,#1562,.T.);
#2011=ORIENTED_EDGE('',*,*,#1561,.F.);
#2012=ORIENTED_EDGE('',*,*,#1563,.T.);
#2013=ORIENTED_EDGE('',*,*,#1564,.F.);
#2014=ORIENTED_EDGE('',*,*,#1565,.T.);
#2015=ORIENTED_EDGE('',*,*,#1558,.F.);
#2016=ORIENTED_EDGE('',*,*,#1566,.F.);
#2017=ORIENTED_EDGE('',*,*,#1567,.F.);
#2018=ORIENTED_EDGE('',*,*,#1563,.F.);
#2019=ORIENTED_EDGE('',*,*,#1568,.T.);
#2020=ORIENTED_EDGE('',*,*,#1569,.T.);
#2021=ORIENTED_EDGE('',*,*,#1570,.T.);
#2022=ORIENTED_EDGE('',*,*,#1571,.T.);
#2023=ORIENTED_EDGE('',*,*,#1570,.F.);
#2024=ORIENTED_EDGE('',*,*,#1572,.T.);
#2025=ORIENTED_EDGE('',*,*,#1573,.T.);
#2026=ORIENTED_EDGE('',*,*,#1562,.F.);
#2027=ORIENTED_EDGE('',*,*,#1574,.T.);
#2028=ORIENTED_EDGE('',*,*,#1572,.F.);
#2029=ORIENTED_EDGE('',*,*,#1575,.T.);
#2030=ORIENTED_EDGE('',*,*,#1560,.F.);
#2031=ORIENTED_EDGE('',*,*,#1575,.F.);
#2032=ORIENTED_EDGE('',*,*,#1569,.F.);
#2033=ORIENTED_EDGE('',*,*,#1576,.F.);
#2034=ORIENTED_EDGE('',*,*,#1577,.T.);
#2035=ORIENTED_EDGE('',*,*,#1578,.T.);
#2036=ORIENTED_EDGE('',*,*,#1579,.T.);
#2037=ORIENTED_EDGE('',*,*,#1580,.T.);
#2038=ORIENTED_EDGE('',*,*,#1579,.F.);
#2039=ORIENTED_EDGE('',*,*,#1581,.T.);
#2040=ORIENTED_EDGE('',*,*,#1582,.T.);
#2041=ORIENTED_EDGE('',*,*,#1573,.F.);
#2042=ORIENTED_EDGE('',*,*,#1583,.T.);
#2043=ORIENTED_EDGE('',*,*,#1581,.F.);
#2044=ORIENTED_EDGE('',*,*,#1584,.T.);
#2045=ORIENTED_EDGE('',*,*,#1571,.F.);
#2046=ORIENTED_EDGE('',*,*,#1584,.F.);
#2047=ORIENTED_EDGE('',*,*,#1578,.F.);
#2048=ORIENTED_EDGE('',*,*,#1585,.F.);
#2049=ORIENTED_EDGE('',*,*,#1586,.T.);
#2050=ORIENTED_EDGE('',*,*,#1587,.T.);
#2051=ORIENTED_EDGE('',*,*,#1588,.T.);
#2052=ORIENTED_EDGE('',*,*,#1567,.T.);
#2053=ORIENTED_EDGE('',*,*,#1588,.F.);
#2054=ORIENTED_EDGE('',*,*,#1589,.T.);
#2055=ORIENTED_EDGE('',*,*,#1564,.T.);
#2056=ORIENTED_EDGE('',*,*,#1582,.F.);
#2057=ORIENTED_EDGE('',*,*,#1590,.T.);
#2058=ORIENTED_EDGE('',*,*,#1589,.F.);
#2059=ORIENTED_EDGE('',*,*,#1591,.T.);
#2060=ORIENTED_EDGE('',*,*,#1580,.F.);
#2061=ORIENTED_EDGE('',*,*,#1591,.F.);
#2062=ORIENTED_EDGE('',*,*,#1587,.F.);
#2063=ORIENTED_EDGE('',*,*,#1592,.F.);
#2064=ORIENTED_EDGE('',*,*,#1593,.T.);
#2065=ORIENTED_EDGE('',*,*,#1594,.T.);
#2066=ORIENTED_EDGE('',*,*,#1595,.T.);
#2067=ORIENTED_EDGE('',*,*,#1596,.T.);
#2068=ORIENTED_EDGE('',*,*,#1595,.F.);
#2069=ORIENTED_EDGE('',*,*,#1597,.T.);
#2070=ORIENTED_EDGE('',*,*,#1598,.T.);
#2071=ORIENTED_EDGE('',*,*,#1597,.F.);
#2072=ORIENTED_EDGE('',*,*,#1599,.T.);
#2073=ORIENTED_EDGE('',*,*,#1600,.F.);
#2074=ORIENTED_EDGE('',*,*,#1601,.T.);
#2075=ORIENTED_EDGE('',*,*,#1594,.F.);
#2076=ORIENTED_EDGE('',*,*,#1602,.F.);
#2077=ORIENTED_EDGE('',*,*,#1603,.F.);
#2078=ORIENTED_EDGE('',*,*,#1599,.F.);
#2079=ORIENTED_EDGE('',*,*,#1604,.T.);
#2080=ORIENTED_EDGE('',*,*,#1605,.T.);
#2081=ORIENTED_EDGE('',*,*,#1606,.T.);
#2082=ORIENTED_EDGE('',*,*,#1607,.T.);
#2083=ORIENTED_EDGE('',*,*,#1606,.F.);
#2084=ORIENTED_EDGE('',*,*,#1608,.T.);
#2085=ORIENTED_EDGE('',*,*,#1609,.T.);
#2086=ORIENTED_EDGE('',*,*,#1598,.F.);
#2087=ORIENTED_EDGE('',*,*,#1610,.T.);
#2088=ORIENTED_EDGE('',*,*,#1608,.F.);
#2089=ORIENTED_EDGE('',*,*,#1611,.T.);
#2090=ORIENTED_EDGE('',*,*,#1596,.F.);
#2091=ORIENTED_EDGE('',*,*,#1611,.F.);
#2092=ORIENTED_EDGE('',*,*,#1605,.F.);
#2093=ORIENTED_EDGE('',*,*,#1612,.F.);
#2094=ORIENTED_EDGE('',*,*,#1613,.T.);
#2095=ORIENTED_EDGE('',*,*,#1614,.T.);
#2096=ORIENTED_EDGE('',*,*,#1615,.T.);
#2097=ORIENTED_EDGE('',*,*,#1603,.T.);
#2098=ORIENTED_EDGE('',*,*,#1615,.F.);
#2099=ORIENTED_EDGE('',*,*,#1616,.T.);
#2100=ORIENTED_EDGE('',*,*,#1600,.T.);
#2101=ORIENTED_EDGE('',*,*,#1616,.F.);
#2102=ORIENTED_EDGE('',*,*,#1617,.T.);
#2103=ORIENTED_EDGE('',*,*,#1618,.F.);
#2104=ORIENTED_EDGE('',*,*,#1619,.T.);
#2105=ORIENTED_EDGE('',*,*,#1614,.F.);
#2106=ORIENTED_EDGE('',*,*,#1620,.F.);
#2107=ORIENTED_EDGE('',*,*,#1621,.F.);
#2108=ORIENTED_EDGE('',*,*,#1617,.F.);
#2109=ORIENTED_EDGE('',*,*,#1622,.T.);
#2110=ORIENTED_EDGE('',*,*,#1623,.T.);
#2111=ORIENTED_EDGE('',*,*,#1624,.T.);
#2112=ORIENTED_EDGE('',*,*,#1621,.T.);
#2113=ORIENTED_EDGE('',*,*,#1624,.F.);
#2114=ORIENTED_EDGE('',*,*,#1625,.T.);
#2115=ORIENTED_EDGE('',*,*,#1618,.T.);
#2116=ORIENTED_EDGE('',*,*,#1609,.F.);
#2117=ORIENTED_EDGE('',*,*,#1626,.T.);
#2118=ORIENTED_EDGE('',*,*,#1625,.F.);
#2119=ORIENTED_EDGE('',*,*,#1627,.T.);
#2120=ORIENTED_EDGE('',*,*,#1607,.F.);
#2121=ORIENTED_EDGE('',*,*,#1627,.F.);
#2122=ORIENTED_EDGE('',*,*,#1623,.F.);
#2123=ORIENTED_EDGE('',*,*,#1628,.F.);
#2124=ORIENTED_EDGE('',*,*,#1629,.T.);
#2125=ORIENTED_EDGE('',*,*,#1630,.T.);
#2126=ORIENTED_EDGE('',*,*,#1631,.T.);
#2127=ORIENTED_EDGE('',*,*,#1632,.T.);
#2128=ORIENTED_EDGE('',*,*,#1631,.F.);
#2129=ORIENTED_EDGE('',*,*,#1633,.T.);
#2130=ORIENTED_EDGE('',*,*,#1634,.T.);
#2131=ORIENTED_EDGE('',*,*,#1633,.F.);
#2132=ORIENTED_EDGE('',*,*,#1635,.T.);
#2133=ORIENTED_EDGE('',*,*,#1636,.F.);
#2134=ORIENTED_EDGE('',*,*,#1637,.T.);
#2135=ORIENTED_EDGE('',*,*,#1630,.F.);
#2136=ORIENTED_EDGE('',*,*,#1638,.F.);
#2137=ORIENTED_EDGE('',*,*,#1639,.F.);
#2138=ORIENTED_EDGE('',*,*,#1635,.F.);
#2139=ORIENTED_EDGE('',*,*,#1640,.T.);
#2140=ORIENTED_EDGE('',*,*,#1641,.T.);
#2141=ORIENTED_EDGE('',*,*,#1642,.T.);
#2142=ORIENTED_EDGE('',*,*,#1643,.T.);
#2143=ORIENTED_EDGE('',*,*,#1642,.F.);
#2144=ORIENTED_EDGE('',*,*,#1644,.T.);
#2145=ORIENTED_EDGE('',*,*,#1645,.T.);
#2146=ORIENTED_EDGE('',*,*,#1644,.F.);
#2147=ORIENTED_EDGE('',*,*,#1646,.T.);
#2148=ORIENTED_EDGE('',*,*,#1647,.F.);
#2149=ORIENTED_EDGE('',*,*,#1648,.T.);
#2150=ORIENTED_EDGE('',*,*,#1641,.F.);
#2151=ORIENTED_EDGE('',*,*,#1649,.F.);
#2152=ORIENTED_EDGE('',*,*,#1650,.F.);
#2153=ORIENTED_EDGE('',*,*,#1646,.F.);
#2154=ORIENTED_EDGE('',*,*,#1651,.T.);
#2155=ORIENTED_EDGE('',*,*,#1652,.T.);
#2156=ORIENTED_EDGE('',*,*,#1653,.T.);
#2157=ORIENTED_EDGE('',*,*,#1650,.T.);
#2158=ORIENTED_EDGE('',*,*,#1653,.F.);
#2159=ORIENTED_EDGE('',*,*,#1654,.T.);
#2160=ORIENTED_EDGE('',*,*,#1647,.T.);
#2161=ORIENTED_EDGE('',*,*,#1654,.F.);
#2162=ORIENTED_EDGE('',*,*,#1655,.T.);
#2163=ORIENTED_EDGE('',*,*,#1656,.F.);
#2164=ORIENTED_EDGE('',*,*,#1657,.T.);
#2165=ORIENTED_EDGE('',*,*,#1652,.F.);
#2166=ORIENTED_EDGE('',*,*,#1658,.F.);
#2167=ORIENTED_EDGE('',*,*,#1659,.F.);
#2168=ORIENTED_EDGE('',*,*,#1655,.F.);
#2169=ORIENTED_EDGE('',*,*,#1660,.T.);
#2170=ORIENTED_EDGE('',*,*,#1661,.T.);
#2171=ORIENTED_EDGE('',*,*,#1662,.T.);
#2172=ORIENTED_EDGE('',*,*,#1663,.T.);
#2173=ORIENTED_EDGE('',*,*,#1662,.F.);
#2174=ORIENTED_EDGE('',*,*,#1664,.T.);
#2175=ORIENTED_EDGE('',*,*,#1665,.T.);
#2176=ORIENTED_EDGE('',*,*,#1634,.F.);
#2177=ORIENTED_EDGE('',*,*,#1666,.T.);
#2178=ORIENTED_EDGE('',*,*,#1664,.F.);
#2179=ORIENTED_EDGE('',*,*,#1667,.T.);
#2180=ORIENTED_EDGE('',*,*,#1632,.F.);
#2181=ORIENTED_EDGE('',*,*,#1667,.F.);
#2182=ORIENTED_EDGE('',*,*,#1661,.F.);
#2183=ORIENTED_EDGE('',*,*,#1668,.F.);
#2184=ORIENTED_EDGE('',*,*,#1669,.T.);
#2185=ORIENTED_EDGE('',*,*,#1670,.T.);
#2186=ORIENTED_EDGE('',*,*,#1671,.T.);
#2187=ORIENTED_EDGE('',*,*,#1639,.T.);
#2188=ORIENTED_EDGE('',*,*,#1671,.F.);
#2189=ORIENTED_EDGE('',*,*,#1672,.T.);
#2190=ORIENTED_EDGE('',*,*,#1636,.T.);
#2191=ORIENTED_EDGE('',*,*,#1672,.F.);
#2192=ORIENTED_EDGE('',*,*,#1673,.T.);
#2193=ORIENTED_EDGE('',*,*,#1674,.F.);
#2194=ORIENTED_EDGE('',*,*,#1675,.T.);
#2195=ORIENTED_EDGE('',*,*,#1670,.F.);
#2196=ORIENTED_EDGE('',*,*,#1676,.F.);
#2197=ORIENTED_EDGE('',*,*,#1677,.F.);
#2198=ORIENTED_EDGE('',*,*,#1673,.F.);
#2199=ORIENTED_EDGE('',*,*,#1678,.T.);
#2200=ORIENTED_EDGE('',*,*,#1679,.T.);
#2201=ORIENTED_EDGE('',*,*,#1680,.T.);
#2202=ORIENTED_EDGE('',*,*,#1677,.T.);
#2203=ORIENTED_EDGE('',*,*,#1680,.F.);
#2204=ORIENTED_EDGE('',*,*,#1681,.T.);
#2205=ORIENTED_EDGE('',*,*,#1674,.T.);
#2206=ORIENTED_EDGE('',*,*,#1665,.F.);
#2207=ORIENTED_EDGE('',*,*,#1682,.T.);
#2208=ORIENTED_EDGE('',*,*,#1681,.F.);
#2209=ORIENTED_EDGE('',*,*,#1683,.T.);
#2210=ORIENTED_EDGE('',*,*,#1663,.F.);
#2211=ORIENTED_EDGE('',*,*,#1683,.F.);
#2212=ORIENTED_EDGE('',*,*,#1679,.F.);
#2213=ORIENTED_EDGE('',*,*,#1684,.F.);
#2214=ORIENTED_EDGE('',*,*,#1685,.T.);
#2215=ORIENTED_EDGE('',*,*,#1686,.T.);
#2216=ORIENTED_EDGE('',*,*,#1687,.T.);
#2217=ORIENTED_EDGE('',*,*,#1659,.T.);
#2218=ORIENTED_EDGE('',*,*,#1687,.F.);
#2219=ORIENTED_EDGE('',*,*,#1688,.T.);
#2220=ORIENTED_EDGE('',*,*,#1656,.T.);
#2221=ORIENTED_EDGE('',*,*,#1688,.F.);
#2222=ORIENTED_EDGE('',*,*,#1689,.T.);
#2223=ORIENTED_EDGE('',*,*,#1690,.F.);
#2224=ORIENTED_EDGE('',*,*,#1691,.T.);
#2225=ORIENTED_EDGE('',*,*,#1686,.F.);
#2226=ORIENTED_EDGE('',*,*,#1692,.F.);
#2227=ORIENTED_EDGE('',*,*,#1693,.F.);
#2228=ORIENTED_EDGE('',*,*,#1689,.F.);
#2229=ORIENTED_EDGE('',*,*,#1694,.T.);
#2230=ORIENTED_EDGE('',*,*,#1695,.T.);
#2231=ORIENTED_EDGE('',*,*,#1696,.T.);
#2232=ORIENTED_EDGE('',*,*,#1693,.T.);
#2233=ORIENTED_EDGE('',*,*,#1696,.F.);
#2234=ORIENTED_EDGE('',*,*,#1697,.T.);
#2235=ORIENTED_EDGE('',*,*,#1690,.T.);
#2236=ORIENTED_EDGE('',*,*,#1645,.F.);
#2237=ORIENTED_EDGE('',*,*,#1698,.T.);
#2238=ORIENTED_EDGE('',*,*,#1697,.F.);
#2239=ORIENTED_EDGE('',*,*,#1699,.T.);
#2240=ORIENTED_EDGE('',*,*,#1643,.F.);
#2241=ORIENTED_EDGE('',*,*,#1699,.F.);
#2242=ORIENTED_EDGE('',*,*,#1695,.F.);
#2243=ORIENTED_EDGE('',*,*,#1700,.F.);
#2244=ORIENTED_EDGE('',*,*,#1583,.F.);
#2245=ORIENTED_EDGE('',*,*,#1574,.F.);
#2246=ORIENTED_EDGE('',*,*,#1565,.F.);
#2247=ORIENTED_EDGE('',*,*,#1590,.F.);
#2248=ORIENTED_EDGE('',*,*,#1626,.F.);
#2249=ORIENTED_EDGE('',*,*,#1610,.F.);
#2250=ORIENTED_EDGE('',*,*,#1601,.F.);
#2251=ORIENTED_EDGE('',*,*,#1619,.F.);
#2252=ORIENTED_EDGE('',*,*,#1682,.F.);
#2253=ORIENTED_EDGE('',*,*,#1666,.F.);
#2254=ORIENTED_EDGE('',*,*,#1637,.F.);
#2255=ORIENTED_EDGE('',*,*,#1675,.F.);
#2256=ORIENTED_EDGE('',*,*,#1657,.F.);
#2257=ORIENTED_EDGE('',*,*,#1691,.F.);
#2258=ORIENTED_EDGE('',*,*,#1698,.F.);
#2259=ORIENTED_EDGE('',*,*,#1648,.F.);
#2260=ORIENTED_EDGE('',*,*,#1701,.F.);
#2261=ORIENTED_EDGE('',*,*,#1702,.T.);
#2262=ORIENTED_EDGE('',*,*,#1703,.T.);
#2263=ORIENTED_EDGE('',*,*,#1704,.F.);
#2264=ORIENTED_EDGE('',*,*,#1705,.F.);
#2265=ORIENTED_EDGE('',*,*,#1706,.T.);
#2266=ORIENTED_EDGE('',*,*,#1707,.T.);
#2267=ORIENTED_EDGE('',*,*,#1708,.F.);
#2268=ORIENTED_EDGE('',*,*,#1707,.F.);
#2269=ORIENTED_EDGE('',*,*,#1709,.F.);
#2270=ORIENTED_EDGE('',*,*,#1703,.F.);
#2271=ORIENTED_EDGE('',*,*,#1710,.F.);
#2272=ORIENTED_EDGE('',*,*,#1701,.T.);
#2273=ORIENTED_EDGE('',*,*,#1711,.F.);
#2274=ORIENTED_EDGE('',*,*,#1712,.F.);
#2275=ORIENTED_EDGE('',*,*,#1713,.F.);
#2276=ORIENTED_EDGE('',*,*,#1714,.F.);
#2277=ORIENTED_EDGE('',*,*,#1715,.F.);
#2278=ORIENTED_EDGE('',*,*,#1711,.T.);
#2279=ORIENTED_EDGE('',*,*,#1704,.T.);
#2280=ORIENTED_EDGE('',*,*,#1709,.T.);
#2281=ORIENTED_EDGE('',*,*,#1706,.F.);
#2282=ORIENTED_EDGE('',*,*,#1716,.T.);
#2283=ORIENTED_EDGE('',*,*,#1717,.F.);
#2284=ORIENTED_EDGE('',*,*,#1718,.F.);
#2285=ORIENTED_EDGE('',*,*,#1719,.T.);
#2286=ORIENTED_EDGE('',*,*,#1720,.T.);
#2287=ORIENTED_EDGE('',*,*,#1708,.T.);
#2288=ORIENTED_EDGE('',*,*,#1710,.T.);
#2289=ORIENTED_EDGE('',*,*,#1702,.F.);
#2290=ORIENTED_EDGE('',*,*,#1713,.T.);
#2291=ORIENTED_EDGE('',*,*,#1721,.F.);
#2292=ORIENTED_EDGE('',*,*,#1705,.T.);
#2293=ORIENTED_EDGE('',*,*,#1720,.F.);
#2294=ORIENTED_EDGE('',*,*,#1722,.F.);
#2295=ORIENTED_EDGE('',*,*,#1716,.F.);
#2296=ORIENTED_EDGE('',*,*,#1714,.T.);
#2297=ORIENTED_EDGE('',*,*,#1723,.F.);
#2298=ORIENTED_EDGE('',*,*,#1724,.F.);
#2299=ORIENTED_EDGE('',*,*,#1725,.F.);
#2300=ORIENTED_EDGE('',*,*,#1718,.T.);
#2301=ORIENTED_EDGE('',*,*,#1726,.F.);
#2302=ORIENTED_EDGE('',*,*,#1727,.F.);
#2303=ORIENTED_EDGE('',*,*,#1728,.F.);
#2304=ORIENTED_EDGE('',*,*,#1729,.T.);
#2305=ORIENTED_EDGE('',*,*,#1730,.T.);
#2306=ORIENTED_EDGE('',*,*,#1731,.T.);
#2307=ORIENTED_EDGE('',*,*,#1732,.T.);
#2308=ORIENTED_EDGE('',*,*,#1733,.T.);
#2309=ORIENTED_EDGE('',*,*,#1734,.T.);
#2310=ORIENTED_EDGE('',*,*,#1735,.F.);
#2311=ORIENTED_EDGE('',*,*,#1721,.T.);
#2312=ORIENTED_EDGE('',*,*,#1712,.T.);
#2313=ORIENTED_EDGE('',*,*,#1715,.T.);
#2314=ORIENTED_EDGE('',*,*,#1725,.T.);
#2315=ORIENTED_EDGE('',*,*,#1736,.T.);
#2316=ORIENTED_EDGE('',*,*,#1737,.T.);
#2317=ORIENTED_EDGE('',*,*,#1738,.T.);
#2318=ORIENTED_EDGE('',*,*,#1739,.T.);
#2319=ORIENTED_EDGE('',*,*,#1740,.T.);
#2320=ORIENTED_EDGE('',*,*,#1741,.T.);
#2321=ORIENTED_EDGE('',*,*,#1742,.T.);
#2322=ORIENTED_EDGE('',*,*,#1743,.T.);
#2323=ORIENTED_EDGE('',*,*,#1744,.T.);
#2324=ORIENTED_EDGE('',*,*,#1726,.T.);
#2325=ORIENTED_EDGE('',*,*,#1745,.F.);
#2326=ORIENTED_EDGE('',*,*,#1746,.F.);
#2327=ORIENTED_EDGE('',*,*,#1747,.T.);
#2328=ORIENTED_EDGE('',*,*,#1748,.F.);
#2329=ORIENTED_EDGE('',*,*,#1749,.T.);
#2330=ORIENTED_EDGE('',*,*,#1750,.F.);
#2331=ORIENTED_EDGE('',*,*,#1748,.T.);
#2332=ORIENTED_EDGE('',*,*,#1751,.T.);
#2333=ORIENTED_EDGE('',*,*,#1751,.F.);
#2334=ORIENTED_EDGE('',*,*,#1747,.F.);
#2335=ORIENTED_EDGE('',*,*,#1752,.F.);
#2336=ORIENTED_EDGE('',*,*,#1753,.F.);
#2337=ORIENTED_EDGE('',*,*,#1754,.F.);
#2338=ORIENTED_EDGE('',*,*,#1754,.T.);
#2339=ORIENTED_EDGE('',*,*,#1755,.T.);
#2340=ORIENTED_EDGE('',*,*,#1756,.F.);
#2341=ORIENTED_EDGE('',*,*,#1757,.F.);
#2342=ORIENTED_EDGE('',*,*,#1758,.F.);
#2343=ORIENTED_EDGE('',*,*,#1759,.T.);
#2344=ORIENTED_EDGE('',*,*,#1760,.T.);
#2345=ORIENTED_EDGE('',*,*,#1761,.F.);
#2346=ORIENTED_EDGE('',*,*,#1762,.F.);
#2347=ORIENTED_EDGE('',*,*,#1763,.T.);
#2348=ORIENTED_EDGE('',*,*,#1764,.T.);
#2349=ORIENTED_EDGE('',*,*,#1765,.F.);
#2350=ORIENTED_EDGE('',*,*,#1766,.F.);
#2351=ORIENTED_EDGE('',*,*,#1767,.T.);
#2352=ORIENTED_EDGE('',*,*,#1756,.T.);
#2353=ORIENTED_EDGE('',*,*,#1746,.T.);
#2354=ORIENTED_EDGE('',*,*,#1768,.F.);
#2355=ORIENTED_EDGE('',*,*,#1769,.F.);
#2356=ORIENTED_EDGE('',*,*,#1770,.F.);
#2357=ORIENTED_EDGE('',*,*,#1771,.F.);
#2358=ORIENTED_EDGE('',*,*,#1752,.T.);
#2359=ORIENTED_EDGE('',*,*,#1734,.F.);
#2360=ORIENTED_EDGE('',*,*,#1772,.T.);
#2361=ORIENTED_EDGE('',*,*,#1773,.T.);
#2362=ORIENTED_EDGE('',*,*,#1769,.T.);
#2363=ORIENTED_EDGE('',*,*,#1774,.F.);
#2364=ORIENTED_EDGE('',*,*,#1775,.F.);
#2365=ORIENTED_EDGE('',*,*,#1776,.T.);
#2366=ORIENTED_EDGE('',*,*,#1777,.T.);
#2367=ORIENTED_EDGE('',*,*,#1778,.T.);
#2368=ORIENTED_EDGE('',*,*,#1772,.F.);
#2369=ORIENTED_EDGE('',*,*,#1733,.F.);
#2370=ORIENTED_EDGE('',*,*,#1729,.F.);
#2371=ORIENTED_EDGE('',*,*,#1779,.F.);
#2372=ORIENTED_EDGE('',*,*,#1760,.F.);
#2373=ORIENTED_EDGE('',*,*,#1755,.F.);
#2374=ORIENTED_EDGE('',*,*,#1753,.T.);
#2375=ORIENTED_EDGE('',*,*,#1771,.T.);
#2376=ORIENTED_EDGE('',*,*,#1780,.T.);
#2377=ORIENTED_EDGE('',*,*,#1777,.F.);
#2378=ORIENTED_EDGE('',*,*,#1773,.F.);
#2379=ORIENTED_EDGE('',*,*,#1778,.F.);
#2380=ORIENTED_EDGE('',*,*,#1780,.F.);
#2381=ORIENTED_EDGE('',*,*,#1770,.T.);
#2382=ORIENTED_EDGE('',*,*,#1781,.F.);
#2383=ORIENTED_EDGE('',*,*,#1782,.T.);
#2384=ORIENTED_EDGE('',*,*,#1763,.F.);
#2385=ORIENTED_EDGE('',*,*,#1783,.F.);
#2386=ORIENTED_EDGE('',*,*,#1764,.F.);
#2387=ORIENTED_EDGE('',*,*,#1782,.F.);
#2388=ORIENTED_EDGE('',*,*,#1784,.F.);
#2389=ORIENTED_EDGE('',*,*,#1783,.T.);
#2390=ORIENTED_EDGE('',*,*,#1750,.T.);
#2391=ORIENTED_EDGE('',*,*,#1785,.T.);
#2392=ORIENTED_EDGE('',*,*,#1786,.F.);
#2393=ORIENTED_EDGE('',*,*,#1787,.F.);
#2394=ORIENTED_EDGE('',*,*,#1788,.F.);
#2395=ORIENTED_EDGE('',*,*,#1774,.T.);
#2396=ORIENTED_EDGE('',*,*,#1768,.T.);
#2397=ORIENTED_EDGE('',*,*,#1745,.T.);
#2398=ORIENTED_EDGE('',*,*,#1776,.F.);
#2399=ORIENTED_EDGE('',*,*,#1789,.F.);
#2400=ORIENTED_EDGE('',*,*,#1790,.F.);
#2401=ORIENTED_EDGE('',*,*,#1791,.F.);
#2402=ORIENTED_EDGE('',*,*,#1792,.F.);
#2403=ORIENTED_EDGE('',*,*,#1793,.F.);
#2404=ORIENTED_EDGE('',*,*,#1794,.F.);
#2405=ORIENTED_EDGE('',*,*,#1795,.T.);
#2406=ORIENTED_EDGE('',*,*,#1793,.T.);
#2407=ORIENTED_EDGE('',*,*,#1796,.F.);
#2408=ORIENTED_EDGE('',*,*,#1797,.F.);
#2409=ORIENTED_EDGE('',*,*,#1792,.T.);
#2410=ORIENTED_EDGE('',*,*,#1798,.T.);
#2411=ORIENTED_EDGE('',*,*,#1799,.T.);
#2412=ORIENTED_EDGE('',*,*,#1800,.T.);
#2413=ORIENTED_EDGE('',*,*,#1801,.T.);
#2414=ORIENTED_EDGE('',*,*,#1796,.T.);
#2415=ORIENTED_EDGE('',*,*,#1790,.T.);
#2416=ORIENTED_EDGE('',*,*,#1802,.T.);
#2417=ORIENTED_EDGE('',*,*,#1803,.T.);
#2418=ORIENTED_EDGE('',*,*,#1740,.F.);
#2419=ORIENTED_EDGE('',*,*,#1804,.T.);
#2420=ORIENTED_EDGE('',*,*,#1805,.T.);
#2421=ORIENTED_EDGE('',*,*,#1806,.T.);
#2422=ORIENTED_EDGE('',*,*,#1807,.F.);
#2423=ORIENTED_EDGE('',*,*,#1808,.T.);
#2424=ORIENTED_EDGE('',*,*,#1809,.T.);
#2425=ORIENTED_EDGE('',*,*,#1810,.T.);
#2426=ORIENTED_EDGE('',*,*,#1811,.F.);
#2427=ORIENTED_EDGE('',*,*,#1812,.T.);
#2428=ORIENTED_EDGE('',*,*,#1813,.T.);
#2429=ORIENTED_EDGE('',*,*,#1814,.T.);
#2430=ORIENTED_EDGE('',*,*,#1815,.F.);
#2431=ORIENTED_EDGE('',*,*,#1816,.T.);
#2432=ORIENTED_EDGE('',*,*,#1817,.T.);
#2433=ORIENTED_EDGE('',*,*,#1812,.F.);
#2434=ORIENTED_EDGE('',*,*,#1818,.F.);
#2435=ORIENTED_EDGE('',*,*,#1814,.F.);
#2436=ORIENTED_EDGE('',*,*,#1819,.F.);
#2437=ORIENTED_EDGE('',*,*,#1820,.T.);
#2438=ORIENTED_EDGE('',*,*,#1821,.T.);
#2439=ORIENTED_EDGE('',*,*,#1819,.T.);
#2440=ORIENTED_EDGE('',*,*,#1813,.F.);
#2441=ORIENTED_EDGE('',*,*,#1817,.F.);
#2442=ORIENTED_EDGE('',*,*,#1794,.T.);
#2443=ORIENTED_EDGE('',*,*,#1797,.T.);
#2444=ORIENTED_EDGE('',*,*,#1822,.T.);
#2445=ORIENTED_EDGE('',*,*,#1821,.F.);
#2446=ORIENTED_EDGE('',*,*,#1823,.T.);
#2447=ORIENTED_EDGE('',*,*,#1824,.F.);
#2448=ORIENTED_EDGE('',*,*,#1825,.F.);
#2449=ORIENTED_EDGE('',*,*,#1826,.F.);
#2450=ORIENTED_EDGE('',*,*,#1820,.F.);
#2451=ORIENTED_EDGE('',*,*,#1825,.T.);
#2452=ORIENTED_EDGE('',*,*,#1827,.F.);
#2453=ORIENTED_EDGE('',*,*,#1828,.T.);
#2454=ORIENTED_EDGE('',*,*,#1730,.F.);
#2455=ORIENTED_EDGE('',*,*,#1795,.F.);
#2456=ORIENTED_EDGE('',*,*,#1822,.F.);
#2457=ORIENTED_EDGE('',*,*,#1826,.T.);
#2458=ORIENTED_EDGE('',*,*,#1828,.F.);
#2459=ORIENTED_EDGE('',*,*,#1829,.F.);
#2460=ORIENTED_EDGE('',*,*,#1830,.T.);
#2461=ORIENTED_EDGE('',*,*,#1731,.F.);
#2462=ORIENTED_EDGE('',*,*,#1816,.F.);
#2463=ORIENTED_EDGE('',*,*,#1831,.F.);
#2464=ORIENTED_EDGE('',*,*,#1831,.T.);
#2465=ORIENTED_EDGE('',*,*,#1802,.F.);
#2466=ORIENTED_EDGE('',*,*,#1789,.T.);
#2467=ORIENTED_EDGE('',*,*,#1732,.F.);
#2468=ORIENTED_EDGE('',*,*,#1830,.F.);
#2469=ORIENTED_EDGE('',*,*,#1832,.F.);
#2470=ORIENTED_EDGE('',*,*,#1823,.F.);
#2471=ORIENTED_EDGE('',*,*,#1833,.F.);
#2472=ORIENTED_EDGE('',*,*,#1834,.F.);
#2473=ORIENTED_EDGE('',*,*,#1835,.F.);
#2474=ORIENTED_EDGE('',*,*,#1808,.F.);
#2475=ORIENTED_EDGE('',*,*,#1836,.F.);
#2476=ORIENTED_EDGE('',*,*,#1741,.F.);
#2477=ORIENTED_EDGE('',*,*,#1806,.F.);
#2478=ORIENTED_EDGE('',*,*,#1835,.T.);
#2479=ORIENTED_EDGE('',*,*,#1837,.F.);
#2480=ORIENTED_EDGE('',*,*,#1838,.F.);
#2481=ORIENTED_EDGE('',*,*,#1809,.F.);
#2482=ORIENTED_EDGE('',*,*,#1839,.F.);
#2483=ORIENTED_EDGE('',*,*,#1810,.F.);
#2484=ORIENTED_EDGE('',*,*,#1838,.T.);
#2485=ORIENTED_EDGE('',*,*,#1840,.F.);
#2486=ORIENTED_EDGE('',*,*,#1841,.F.);
#2487=ORIENTED_EDGE('',*,*,#1804,.F.);
#2488=ORIENTED_EDGE('',*,*,#1739,.F.);
#2489=ORIENTED_EDGE('',*,*,#1841,.T.);
#2490=ORIENTED_EDGE('',*,*,#1842,.F.);
#2491=ORIENTED_EDGE('',*,*,#1833,.T.);
#2492=ORIENTED_EDGE('',*,*,#1805,.F.);
#2493=ORIENTED_EDGE('',*,*,#1842,.T.);
#2494=ORIENTED_EDGE('',*,*,#1840,.T.);
#2495=ORIENTED_EDGE('',*,*,#1837,.T.);
#2496=ORIENTED_EDGE('',*,*,#1834,.T.);
#2497=ORIENTED_EDGE('',*,*,#1832,.T.);
#2498=ORIENTED_EDGE('',*,*,#1829,.T.);
#2499=ORIENTED_EDGE('',*,*,#1827,.T.);
#2500=ORIENTED_EDGE('',*,*,#1824,.T.);
#2501=ORIENTED_EDGE('',*,*,#1843,.F.);
#2502=ORIENTED_EDGE('',*,*,#1801,.F.);
#2503=ORIENTED_EDGE('',*,*,#1844,.T.);
#2504=ORIENTED_EDGE('',*,*,#1845,.T.);
#2505=ORIENTED_EDGE('',*,*,#1791,.T.);
#2506=ORIENTED_EDGE('',*,*,#1803,.F.);
#2507=ORIENTED_EDGE('',*,*,#1798,.F.);
#2508=ORIENTED_EDGE('',*,*,#1846,.F.);
#2509=ORIENTED_EDGE('',*,*,#1847,.T.);
#2510=ORIENTED_EDGE('',*,*,#1848,.F.);
#2511=ORIENTED_EDGE('',*,*,#1799,.F.);
#2512=ORIENTED_EDGE('',*,*,#1849,.T.);
#2513=ORIENTED_EDGE('',*,*,#1844,.F.);
#2514=ORIENTED_EDGE('',*,*,#1800,.F.);
#2515=ORIENTED_EDGE('',*,*,#1848,.T.);
#2516=ORIENTED_EDGE('',*,*,#1850,.F.);
#2517=ORIENTED_EDGE('',*,*,#1845,.F.);
#2518=ORIENTED_EDGE('',*,*,#1849,.F.);
#2519=ORIENTED_EDGE('',*,*,#1847,.F.);
#2520=ORIENTED_EDGE('',*,*,#1818,.T.);
#2521=ORIENTED_EDGE('',*,*,#1843,.T.);
#2522=ORIENTED_EDGE('',*,*,#1850,.T.);
#2523=ORIENTED_EDGE('',*,*,#1846,.T.);
#2524=ORIENTED_EDGE('',*,*,#1815,.T.);
#2525=ORIENTED_EDGE('',*,*,#1811,.T.);
#2526=ORIENTED_EDGE('',*,*,#1839,.T.);
#2527=ORIENTED_EDGE('',*,*,#1738,.F.);
#2528=ORIENTED_EDGE('',*,*,#1851,.F.);
#2529=ORIENTED_EDGE('',*,*,#1852,.F.);
#2530=ORIENTED_EDGE('',*,*,#1853,.T.);
#2531=ORIENTED_EDGE('',*,*,#1854,.F.);
#2532=ORIENTED_EDGE('',*,*,#1855,.T.);
#2533=ORIENTED_EDGE('',*,*,#1742,.F.);
#2534=ORIENTED_EDGE('',*,*,#1836,.T.);
#2535=ORIENTED_EDGE('',*,*,#1807,.T.);
#2536=ORIENTED_EDGE('',*,*,#1781,.T.);
#2537=ORIENTED_EDGE('',*,*,#1856,.T.);
#2538=ORIENTED_EDGE('',*,*,#1857,.T.);
#2539=ORIENTED_EDGE('',*,*,#1858,.T.);
#2540=ORIENTED_EDGE('',*,*,#1859,.T.);
#2541=ORIENTED_EDGE('',*,*,#1860,.T.);
#2542=ORIENTED_EDGE('',*,*,#1861,.T.);
#2543=ORIENTED_EDGE('',*,*,#1862,.T.);
#2544=ORIENTED_EDGE('',*,*,#1863,.T.);
#2545=ORIENTED_EDGE('',*,*,#1864,.T.);
#2546=ORIENTED_EDGE('',*,*,#1865,.T.);
#2547=ORIENTED_EDGE('',*,*,#1866,.T.);
#2548=ORIENTED_EDGE('',*,*,#1867,.T.);
#2549=ORIENTED_EDGE('',*,*,#1856,.F.);
#2550=ORIENTED_EDGE('',*,*,#1868,.T.);
#2551=ORIENTED_EDGE('',*,*,#1869,.T.);
#2552=ORIENTED_EDGE('',*,*,#1870,.F.);
#2553=ORIENTED_EDGE('',*,*,#1867,.F.);
#2554=ORIENTED_EDGE('',*,*,#1871,.T.);
#2555=ORIENTED_EDGE('',*,*,#1872,.T.);
#2556=ORIENTED_EDGE('',*,*,#1868,.F.);
#2557=ORIENTED_EDGE('',*,*,#1873,.F.);
#2558=ORIENTED_EDGE('',*,*,#1874,.F.);
#2559=ORIENTED_EDGE('',*,*,#1869,.F.);
#2560=ORIENTED_EDGE('',*,*,#1872,.F.);
#2561=ORIENTED_EDGE('',*,*,#1862,.F.);
#2562=ORIENTED_EDGE('',*,*,#1875,.T.);
#2563=ORIENTED_EDGE('',*,*,#1876,.T.);
#2564=ORIENTED_EDGE('',*,*,#1877,.F.);
#2565=ORIENTED_EDGE('',*,*,#1861,.F.);
#2566=ORIENTED_EDGE('',*,*,#1878,.T.);
#2567=ORIENTED_EDGE('',*,*,#1879,.T.);
#2568=ORIENTED_EDGE('',*,*,#1875,.F.);
#2569=ORIENTED_EDGE('',*,*,#1880,.F.);
#2570=ORIENTED_EDGE('',*,*,#1881,.F.);
#2571=ORIENTED_EDGE('',*,*,#1876,.F.);
#2572=ORIENTED_EDGE('',*,*,#1879,.F.);
#2573=ORIENTED_EDGE('',*,*,#1865,.F.);
#2574=ORIENTED_EDGE('',*,*,#1882,.T.);
#2575=ORIENTED_EDGE('',*,*,#1883,.T.);
#2576=ORIENTED_EDGE('',*,*,#1884,.F.);
#2577=ORIENTED_EDGE('',*,*,#1864,.F.);
#2578=ORIENTED_EDGE('',*,*,#1885,.F.);
#2579=ORIENTED_EDGE('',*,*,#1886,.T.);
#2580=ORIENTED_EDGE('',*,*,#1882,.F.);
#2581=ORIENTED_EDGE('',*,*,#1887,.F.);
#2582=ORIENTED_EDGE('',*,*,#1888,.F.);
#2583=ORIENTED_EDGE('',*,*,#1883,.F.);
#2584=ORIENTED_EDGE('',*,*,#1886,.F.);
#2585=ORIENTED_EDGE('',*,*,#1859,.F.);
#2586=ORIENTED_EDGE('',*,*,#1889,.T.);
#2587=ORIENTED_EDGE('',*,*,#1890,.T.);
#2588=ORIENTED_EDGE('',*,*,#1891,.F.);
#2589=ORIENTED_EDGE('',*,*,#1858,.F.);
#2590=ORIENTED_EDGE('',*,*,#1892,.F.);
#2591=ORIENTED_EDGE('',*,*,#1893,.T.);
#2592=ORIENTED_EDGE('',*,*,#1889,.F.);
#2593=ORIENTED_EDGE('',*,*,#1894,.F.);
#2594=ORIENTED_EDGE('',*,*,#1895,.F.);
#2595=ORIENTED_EDGE('',*,*,#1890,.F.);
#2596=ORIENTED_EDGE('',*,*,#1893,.F.);
#2597=ORIENTED_EDGE('',*,*,#1877,.T.);
#2598=ORIENTED_EDGE('',*,*,#1881,.T.);
#2599=ORIENTED_EDGE('',*,*,#1896,.T.);
#2600=ORIENTED_EDGE('',*,*,#1897,.T.);
#2601=ORIENTED_EDGE('',*,*,#1898,.F.);
#2602=ORIENTED_EDGE('',*,*,#1887,.T.);
#2603=ORIENTED_EDGE('',*,*,#1885,.T.);
#2604=ORIENTED_EDGE('',*,*,#1863,.F.);
#2605=ORIENTED_EDGE('',*,*,#1870,.T.);
#2606=ORIENTED_EDGE('',*,*,#1874,.T.);
#2607=ORIENTED_EDGE('',*,*,#1899,.T.);
#2608=ORIENTED_EDGE('',*,*,#1900,.T.);
#2609=ORIENTED_EDGE('',*,*,#1757,.T.);
#2610=ORIENTED_EDGE('',*,*,#1767,.F.);
#2611=ORIENTED_EDGE('',*,*,#1901,.T.);
#2612=ORIENTED_EDGE('',*,*,#1902,.T.);
#2613=ORIENTED_EDGE('',*,*,#1903,.T.);
#2614=ORIENTED_EDGE('',*,*,#1894,.T.);
#2615=ORIENTED_EDGE('',*,*,#1892,.T.);
#2616=ORIENTED_EDGE('',*,*,#1857,.F.);
#2617=ORIENTED_EDGE('',*,*,#1904,.F.);
#2618=ORIENTED_EDGE('',*,*,#1905,.T.);
#2619=ORIENTED_EDGE('',*,*,#1906,.F.);
#2620=ORIENTED_EDGE('',*,*,#1905,.F.);
#2621=ORIENTED_EDGE('',*,*,#1907,.F.);
#2622=ORIENTED_EDGE('',*,*,#1908,.F.);
#2623=ORIENTED_EDGE('',*,*,#1902,.F.);
#2624=ORIENTED_EDGE('',*,*,#1909,.F.);
#2625=ORIENTED_EDGE('',*,*,#1910,.F.);
#2626=ORIENTED_EDGE('',*,*,#1911,.F.);
#2627=ORIENTED_EDGE('',*,*,#1907,.T.);
#2628=ORIENTED_EDGE('',*,*,#1912,.F.);
#2629=ORIENTED_EDGE('',*,*,#1785,.F.);
#2630=ORIENTED_EDGE('',*,*,#1749,.F.);
#2631=ORIENTED_EDGE('',*,*,#1759,.F.);
#2632=ORIENTED_EDGE('',*,*,#1866,.F.);
#2633=ORIENTED_EDGE('',*,*,#1884,.T.);
#2634=ORIENTED_EDGE('',*,*,#1888,.T.);
#2635=ORIENTED_EDGE('',*,*,#1898,.T.);
#2636=ORIENTED_EDGE('',*,*,#1913,.T.);
#2637=ORIENTED_EDGE('',*,*,#1899,.F.);
#2638=ORIENTED_EDGE('',*,*,#1873,.T.);
#2639=ORIENTED_EDGE('',*,*,#1871,.F.);
#2640=ORIENTED_EDGE('',*,*,#1911,.T.);
#2641=ORIENTED_EDGE('',*,*,#1914,.T.);
#2642=ORIENTED_EDGE('',*,*,#1896,.F.);
#2643=ORIENTED_EDGE('',*,*,#1880,.T.);
#2644=ORIENTED_EDGE('',*,*,#1878,.F.);
#2645=ORIENTED_EDGE('',*,*,#1860,.F.);
#2646=ORIENTED_EDGE('',*,*,#1891,.T.);
#2647=ORIENTED_EDGE('',*,*,#1895,.T.);
#2648=ORIENTED_EDGE('',*,*,#1903,.F.);
#2649=ORIENTED_EDGE('',*,*,#1908,.T.);
#2650=ORIENTED_EDGE('',*,*,#1758,.T.);
#2651=ORIENTED_EDGE('',*,*,#1900,.F.);
#2652=ORIENTED_EDGE('',*,*,#1913,.F.);
#2653=ORIENTED_EDGE('',*,*,#1897,.F.);
#2654=ORIENTED_EDGE('',*,*,#1914,.F.);
#2655=ORIENTED_EDGE('',*,*,#1910,.T.);
#2656=ORIENTED_EDGE('',*,*,#1727,.T.);
#2657=ORIENTED_EDGE('',*,*,#1744,.F.);
#2658=ORIENTED_EDGE('',*,*,#1915,.F.);
#2659=ORIENTED_EDGE('',*,*,#1916,.T.);
#2660=ORIENTED_EDGE('',*,*,#1917,.F.);
#2661=ORIENTED_EDGE('',*,*,#1915,.T.);
#2662=ORIENTED_EDGE('',*,*,#1743,.F.);
#2663=ORIENTED_EDGE('',*,*,#1855,.F.);
#2664=ORIENTED_EDGE('',*,*,#1918,.F.);
#2665=ORIENTED_EDGE('',*,*,#1851,.T.);
#2666=ORIENTED_EDGE('',*,*,#1737,.F.);
#2667=ORIENTED_EDGE('',*,*,#1919,.F.);
#2668=ORIENTED_EDGE('',*,*,#1724,.T.);
#2669=ORIENTED_EDGE('',*,*,#1920,.T.);
#2670=ORIENTED_EDGE('',*,*,#1919,.T.);
#2671=ORIENTED_EDGE('',*,*,#1736,.F.);
#2672=ORIENTED_EDGE('',*,*,#1921,.T.);
#2673=ORIENTED_EDGE('',*,*,#1922,.F.);
#2674=ORIENTED_EDGE('',*,*,#1923,.F.);
#2675=ORIENTED_EDGE('',*,*,#1924,.F.);
#2676=ORIENTED_EDGE('',*,*,#1925,.F.);
#2677=ORIENTED_EDGE('',*,*,#1926,.F.);
#2678=ORIENTED_EDGE('',*,*,#1927,.T.);
#2679=ORIENTED_EDGE('',*,*,#1928,.F.);
#2680=ORIENTED_EDGE('',*,*,#1922,.T.);
#2681=ORIENTED_EDGE('',*,*,#1929,.T.);
#2682=ORIENTED_EDGE('',*,*,#1926,.T.);
#2683=ORIENTED_EDGE('',*,*,#1930,.T.);
#2684=ORIENTED_EDGE('',*,*,#1931,.F.);
#2685=ORIENTED_EDGE('',*,*,#1932,.F.);
#2686=ORIENTED_EDGE('',*,*,#1933,.T.);
#2687=ORIENTED_EDGE('',*,*,#1934,.F.);
#2688=ORIENTED_EDGE('',*,*,#1935,.T.);
#2689=ORIENTED_EDGE('',*,*,#1936,.F.);
#2690=ORIENTED_EDGE('',*,*,#1937,.F.);
#2691=ORIENTED_EDGE('',*,*,#1938,.F.);
#2692=ORIENTED_EDGE('',*,*,#1936,.T.);
#2693=ORIENTED_EDGE('',*,*,#1939,.T.);
#2694=ORIENTED_EDGE('',*,*,#1924,.T.);
#2695=ORIENTED_EDGE('',*,*,#1940,.T.);
#2696=ORIENTED_EDGE('',*,*,#1941,.T.);
#2697=ORIENTED_EDGE('',*,*,#1942,.F.);
#2698=ORIENTED_EDGE('',*,*,#1943,.F.);
#2699=ORIENTED_EDGE('',*,*,#1944,.F.);
#2700=ORIENTED_EDGE('',*,*,#1942,.T.);
#2701=ORIENTED_EDGE('',*,*,#1945,.T.);
#2702=ORIENTED_EDGE('',*,*,#1932,.T.);
#2703=ORIENTED_EDGE('',*,*,#1946,.T.);
#2704=ORIENTED_EDGE('',*,*,#1925,.T.);
#2705=ORIENTED_EDGE('',*,*,#1947,.T.);
#2706=ORIENTED_EDGE('',*,*,#1943,.T.);
#2707=ORIENTED_EDGE('',*,*,#1948,.T.);
#2708=ORIENTED_EDGE('',*,*,#1949,.T.);
#2709=ORIENTED_EDGE('',*,*,#1950,.F.);
#2710=ORIENTED_EDGE('',*,*,#1951,.F.);
#2711=ORIENTED_EDGE('',*,*,#1952,.F.);
#2712=ORIENTED_EDGE('',*,*,#1950,.T.);
#2713=ORIENTED_EDGE('',*,*,#1953,.F.);
#2714=ORIENTED_EDGE('',*,*,#1938,.T.);
#2715=ORIENTED_EDGE('',*,*,#1954,.T.);
#2716=ORIENTED_EDGE('',*,*,#1955,.F.);
#2717=ORIENTED_EDGE('',*,*,#1956,.F.);
#2718=ORIENTED_EDGE('',*,*,#1957,.T.);
#2719=ORIENTED_EDGE('',*,*,#1958,.F.);
#2720=ORIENTED_EDGE('',*,*,#1934,.T.);
#2721=ORIENTED_EDGE('',*,*,#1959,.T.);
#2722=ORIENTED_EDGE('',*,*,#1956,.T.);
#2723=ORIENTED_EDGE('',*,*,#1960,.T.);
#2724=ORIENTED_EDGE('',*,*,#1961,.F.);
#2725=ORIENTED_EDGE('',*,*,#1962,.F.);
#2726=ORIENTED_EDGE('',*,*,#1963,.T.);
#2727=ORIENTED_EDGE('',*,*,#1964,.F.);
#2728=ORIENTED_EDGE('',*,*,#1958,.T.);
#2729=ORIENTED_EDGE('',*,*,#1965,.T.);
#2730=ORIENTED_EDGE('',*,*,#1962,.T.);
#2731=ORIENTED_EDGE('',*,*,#1966,.T.);
#2732=ORIENTED_EDGE('',*,*,#1964,.T.);
#2733=ORIENTED_EDGE('',*,*,#1967,.T.);
#2734=ORIENTED_EDGE('',*,*,#1944,.T.);
#2735=ORIENTED_EDGE('',*,*,#1968,.T.);
#2736=ORIENTED_EDGE('',*,*,#1951,.T.);
#2737=ORIENTED_EDGE('',*,*,#1969,.T.);
#2738=ORIENTED_EDGE('',*,*,#1961,.T.);
#2739=ORIENTED_EDGE('',*,*,#1970,.T.);
#2740=ORIENTED_EDGE('',*,*,#1937,.T.);
#2741=ORIENTED_EDGE('',*,*,#1971,.T.);
#2742=ORIENTED_EDGE('',*,*,#1955,.T.);
#2743=ORIENTED_EDGE('',*,*,#1972,.T.);
#2744=ORIENTED_EDGE('',*,*,#1928,.T.);
#2745=ORIENTED_EDGE('',*,*,#1973,.T.);
#2746=ORIENTED_EDGE('',*,*,#1952,.T.);
#2747=ORIENTED_EDGE('',*,*,#1974,.T.);
#2748=ORIENTED_EDGE('',*,*,#1923,.T.);
#2749=ORIENTED_EDGE('',*,*,#1975,.T.);
#2750=ORIENTED_EDGE('',*,*,#1931,.T.);
#2751=ORIENTED_EDGE('',*,*,#1976,.T.);
#2752=ORIENTED_EDGE('',*,*,#1946,.F.);
#2753=ORIENTED_EDGE('',*,*,#1975,.F.);
#2754=ORIENTED_EDGE('',*,*,#1930,.F.);
#2755=ORIENTED_EDGE('',*,*,#1948,.F.);
#2756=ORIENTED_EDGE('',*,*,#1947,.F.);
#2757=ORIENTED_EDGE('',*,*,#1974,.F.);
#2758=ORIENTED_EDGE('',*,*,#1970,.F.);
#2759=ORIENTED_EDGE('',*,*,#1968,.F.);
#2760=ORIENTED_EDGE('',*,*,#1960,.F.);
#2761=ORIENTED_EDGE('',*,*,#1971,.F.);
#2762=ORIENTED_EDGE('',*,*,#1940,.F.);
#2763=ORIENTED_EDGE('',*,*,#1976,.F.);
#2764=ORIENTED_EDGE('',*,*,#1977,.F.);
#2765=ORIENTED_EDGE('',*,*,#1978,.T.);
#2766=ORIENTED_EDGE('',*,*,#1979,.F.);
#2767=ORIENTED_EDGE('',*,*,#1980,.F.);
#2768=ORIENTED_EDGE('',*,*,#1963,.F.);
#2769=ORIENTED_EDGE('',*,*,#1965,.F.);
#2770=ORIENTED_EDGE('',*,*,#1957,.F.);
#2771=ORIENTED_EDGE('',*,*,#1959,.F.);
#2772=ORIENTED_EDGE('',*,*,#1933,.F.);
#2773=ORIENTED_EDGE('',*,*,#1945,.F.);
#2774=ORIENTED_EDGE('',*,*,#1941,.F.);
#2775=ORIENTED_EDGE('',*,*,#1967,.F.);
#2776=ORIENTED_EDGE('',*,*,#1966,.F.);
#2777=ORIENTED_EDGE('',*,*,#1969,.F.);
#2778=ORIENTED_EDGE('',*,*,#1954,.F.);
#2779=ORIENTED_EDGE('',*,*,#1972,.F.);
#2780=ORIENTED_EDGE('',*,*,#1981,.F.);
#2781=ORIENTED_EDGE('',*,*,#1765,.T.);
#2782=ORIENTED_EDGE('',*,*,#1784,.T.);
#2783=ORIENTED_EDGE('',*,*,#1762,.T.);
#2784=ORIENTED_EDGE('',*,*,#1982,.F.);
#2785=ORIENTED_EDGE('',*,*,#1983,.T.);
#2786=ORIENTED_EDGE('',*,*,#1984,.F.);
#2787=ORIENTED_EDGE('',*,*,#1787,.T.);
#2788=ORIENTED_EDGE('',*,*,#1985,.F.);
#2789=ORIENTED_EDGE('',*,*,#1986,.F.);
#2790=ORIENTED_EDGE('',*,*,#1906,.T.);
#2791=ORIENTED_EDGE('',*,*,#1981,.T.);
#2792=ORIENTED_EDGE('',*,*,#1987,.T.);
#2793=ORIENTED_EDGE('',*,*,#1953,.T.);
#2794=ORIENTED_EDGE('',*,*,#1988,.T.);
#2795=ORIENTED_EDGE('',*,*,#1985,.T.);
#2796=ORIENTED_EDGE('',*,*,#1786,.T.);
#2797=ORIENTED_EDGE('',*,*,#1912,.T.);
#2798=ORIENTED_EDGE('',*,*,#1909,.T.);
#2799=ORIENTED_EDGE('',*,*,#1901,.F.);
#2800=ORIENTED_EDGE('',*,*,#1766,.T.);
#2801=ORIENTED_EDGE('',*,*,#1935,.F.);
#2802=ORIENTED_EDGE('',*,*,#1987,.F.);
#2803=ORIENTED_EDGE('',*,*,#1983,.F.);
#2804=ORIENTED_EDGE('',*,*,#1989,.F.);
#2805=ORIENTED_EDGE('',*,*,#1986,.T.);
#2806=ORIENTED_EDGE('',*,*,#1988,.F.);
#2807=ORIENTED_EDGE('',*,*,#1949,.F.);
#2808=ORIENTED_EDGE('',*,*,#1973,.F.);
#2809=ORIENTED_EDGE('',*,*,#1927,.F.);
#2810=ORIENTED_EDGE('',*,*,#1929,.F.);
#2811=ORIENTED_EDGE('',*,*,#1921,.F.);
#2812=ORIENTED_EDGE('',*,*,#1939,.F.);
#2813=ORIENTED_EDGE('',*,*,#1990,.T.);
#2814=ORIENTED_EDGE('',*,*,#1977,.T.);
#2815=ORIENTED_EDGE('',*,*,#1991,.T.);
#2816=ORIENTED_EDGE('',*,*,#1992,.T.);
#2817=ORIENTED_EDGE('',*,*,#1990,.F.);
#2818=ORIENTED_EDGE('',*,*,#1993,.F.);
#2819=ORIENTED_EDGE('',*,*,#1994,.F.);
#2820=ORIENTED_EDGE('',*,*,#1853,.F.);
#2821=ORIENTED_EDGE('',*,*,#1995,.F.);
#2822=ORIENTED_EDGE('',*,*,#1996,.F.);
#2823=ORIENTED_EDGE('',*,*,#1997,.F.);
#2824=ORIENTED_EDGE('',*,*,#1978,.F.);
#2825=ORIENTED_EDGE('',*,*,#1997,.T.);
#2826=ORIENTED_EDGE('',*,*,#1998,.T.);
#2827=ORIENTED_EDGE('',*,*,#1999,.T.);
#2828=ORIENTED_EDGE('',*,*,#1979,.T.);
#2829=ORIENTED_EDGE('',*,*,#1998,.F.);
#2830=ORIENTED_EDGE('',*,*,#1996,.T.);
#2831=ORIENTED_EDGE('',*,*,#2000,.F.);
#2832=ORIENTED_EDGE('',*,*,#1920,.F.);
#2833=ORIENTED_EDGE('',*,*,#2001,.F.);
#2834=ORIENTED_EDGE('',*,*,#1904,.T.);
#2835=ORIENTED_EDGE('',*,*,#1995,.T.);
#2836=ORIENTED_EDGE('',*,*,#1852,.T.);
#2837=ORIENTED_EDGE('',*,*,#1918,.T.);
#2838=ORIENTED_EDGE('',*,*,#2000,.T.);
#2839=ORIENTED_EDGE('',*,*,#1917,.T.);
#2840=ORIENTED_EDGE('',*,*,#1854,.T.);
#2841=ORIENTED_EDGE('',*,*,#1994,.T.);
#2842=ORIENTED_EDGE('',*,*,#2002,.T.);
#2843=ORIENTED_EDGE('',*,*,#1992,.F.);
#2844=ORIENTED_EDGE('',*,*,#2003,.F.);
#2845=ORIENTED_EDGE('',*,*,#1916,.F.);
#2846=ORIENTED_EDGE('',*,*,#2002,.F.);
#2847=ORIENTED_EDGE('',*,*,#1993,.T.);
#2848=ORIENTED_EDGE('',*,*,#1779,.T.);
#2849=ORIENTED_EDGE('',*,*,#1728,.T.);
#2850=ORIENTED_EDGE('',*,*,#2003,.T.);
#2851=ORIENTED_EDGE('',*,*,#1991,.F.);
#2852=ORIENTED_EDGE('',*,*,#1980,.T.);
#2853=ORIENTED_EDGE('',*,*,#1999,.F.);
#2854=ORIENTED_EDGE('',*,*,#2001,.T.);
#2855=ORIENTED_EDGE('',*,*,#1723,.T.);
#2856=ORIENTED_EDGE('',*,*,#1717,.T.);
#2857=ORIENTED_EDGE('',*,*,#1722,.T.);
#2858=ORIENTED_EDGE('',*,*,#1719,.F.);
#2859=ORIENTED_EDGE('',*,*,#1735,.T.);
#2860=ORIENTED_EDGE('',*,*,#1775,.T.);
#2861=ORIENTED_EDGE('',*,*,#1788,.T.);
#2862=ORIENTED_EDGE('',*,*,#1984,.T.);
#2863=ORIENTED_EDGE('',*,*,#1989,.T.);
#2864=ORIENTED_EDGE('',*,*,#1982,.T.);
#2865=ORIENTED_EDGE('',*,*,#1761,.T.);
#2866=ORIENTED_EDGE('',*,*,#1576,.T.);
#2867=ORIENTED_EDGE('',*,*,#1568,.F.);
#2868=ORIENTED_EDGE('',*,*,#1585,.T.);
#2869=ORIENTED_EDGE('',*,*,#1577,.F.);
#2870=ORIENTED_EDGE('',*,*,#1592,.T.);
#2871=ORIENTED_EDGE('',*,*,#1586,.F.);
#2872=ORIENTED_EDGE('',*,*,#1566,.T.);
#2873=ORIENTED_EDGE('',*,*,#1557,.F.);
#2874=ORIENTED_EDGE('',*,*,#1612,.T.);
#2875=ORIENTED_EDGE('',*,*,#1604,.F.);
#2876=ORIENTED_EDGE('',*,*,#1628,.T.);
#2877=ORIENTED_EDGE('',*,*,#1622,.F.);
#2878=ORIENTED_EDGE('',*,*,#1620,.T.);
#2879=ORIENTED_EDGE('',*,*,#1613,.F.);
#2880=ORIENTED_EDGE('',*,*,#1602,.T.);
#2881=ORIENTED_EDGE('',*,*,#1593,.F.);
#2882=ORIENTED_EDGE('',*,*,#1668,.T.);
#2883=ORIENTED_EDGE('',*,*,#1660,.F.);
#2884=ORIENTED_EDGE('',*,*,#1684,.T.);
#2885=ORIENTED_EDGE('',*,*,#1678,.F.);
#2886=ORIENTED_EDGE('',*,*,#1676,.T.);
#2887=ORIENTED_EDGE('',*,*,#1669,.F.);
#2888=ORIENTED_EDGE('',*,*,#1638,.T.);
#2889=ORIENTED_EDGE('',*,*,#1629,.F.);
#2890=ORIENTED_EDGE('',*,*,#1692,.T.);
#2891=ORIENTED_EDGE('',*,*,#1685,.F.);
#2892=ORIENTED_EDGE('',*,*,#1658,.T.);
#2893=ORIENTED_EDGE('',*,*,#1651,.F.);
#2894=ORIENTED_EDGE('',*,*,#1649,.T.);
#2895=ORIENTED_EDGE('',*,*,#1640,.F.);
#2896=ORIENTED_EDGE('',*,*,#1700,.T.);
#2897=ORIENTED_EDGE('',*,*,#1694,.F.);
#2898=CYLINDRICAL_SURFACE('',#3138,0.5);
#2899=CYLINDRICAL_SURFACE('',#3144,0.5);
#2900=CYLINDRICAL_SURFACE('',#3147,0.5);
#2901=CYLINDRICAL_SURFACE('',#3153,0.5);
#2902=CYLINDRICAL_SURFACE('',#3155,0.5);
#2903=CYLINDRICAL_SURFACE('',#3161,0.5);
#2904=CYLINDRICAL_SURFACE('',#3163,0.5);
#2905=CYLINDRICAL_SURFACE('',#3168,0.5);
#2906=CYLINDRICAL_SURFACE('',#3170,0.5);
#2907=CYLINDRICAL_SURFACE('',#3176,0.5);
#2908=CYLINDRICAL_SURFACE('',#3179,0.5);
#2909=CYLINDRICAL_SURFACE('',#3185,0.5);
#2910=CYLINDRICAL_SURFACE('',#3187,0.5);
#2911=CYLINDRICAL_SURFACE('',#3192,0.5);
#2912=CYLINDRICAL_SURFACE('',#3195,0.5);
#2913=CYLINDRICAL_SURFACE('',#3200,0.5);
#2914=CYLINDRICAL_SURFACE('',#3202,0.5);
#2915=CYLINDRICAL_SURFACE('',#3208,0.5);
#2916=CYLINDRICAL_SURFACE('',#3211,0.5);
#2917=CYLINDRICAL_SURFACE('',#3217,0.5);
#2918=CYLINDRICAL_SURFACE('',#3220,0.5);
#2919=CYLINDRICAL_SURFACE('',#3225,0.5);
#2920=CYLINDRICAL_SURFACE('',#3228,0.5);
#2921=CYLINDRICAL_SURFACE('',#3234,0.5);
#2922=CYLINDRICAL_SURFACE('',#3236,0.5);
#2923=CYLINDRICAL_SURFACE('',#3241,0.5);
#2924=CYLINDRICAL_SURFACE('',#3244,0.5);
#2925=CYLINDRICAL_SURFACE('',#3249,0.5);
#2926=CYLINDRICAL_SURFACE('',#3251,0.5);
#2927=CYLINDRICAL_SURFACE('',#3256,0.5);
#2928=CYLINDRICAL_SURFACE('',#3259,0.5);
#2929=CYLINDRICAL_SURFACE('',#3264,0.5);
#2930=CYLINDRICAL_SURFACE('',#3294,9.);
#2931=CYLINDRICAL_SURFACE('',#3356,1.);
#2932=CYLINDRICAL_SURFACE('',#3367,1.);
#2933=CYLINDRICAL_SURFACE('',#3373,1.);
#2934=CYLINDRICAL_SURFACE('',#3374,1.);
#2935=CYLINDRICAL_SURFACE('',#3380,1.);
#2936=CYLINDRICAL_SURFACE('',#3386,1.);
#2937=CYLINDRICAL_SURFACE('',#3392,1.);
#2938=CYLINDRICAL_SURFACE('',#3393,1.);
#2939=CYLINDRICAL_SURFACE('',#3394,1.);
#2940=CYLINDRICAL_SURFACE('',#3395,1.);
#2941=CYLINDRICAL_SURFACE('',#3396,1.);
#2942=CYLINDRICAL_SURFACE('',#3397,1.);
#2943=CYLINDRICAL_SURFACE('',#3407,5.00000000000001);
#2944=CYLINDRICAL_SURFACE('',#3414,4.99999999999999);
#2945=CYLINDRICAL_SURFACE('',#3417,5.);
#2946=CYLINDRICAL_SURFACE('',#3418,5.);
#2947=ADVANCED_FACE('',(#171),#2898,.T.);
#2948=ADVANCED_FACE('',(#172),#155,.T.);
#2949=ADVANCED_FACE('',(#173),#2899,.T.);
#2950=ADVANCED_FACE('',(#174),#58,.T.);
#2951=ADVANCED_FACE('',(#175),#2900,.T.);
#2952=ADVANCED_FACE('',(#176),#156,.T.);
#2953=ADVANCED_FACE('',(#177),#2901,.T.);
#2954=ADVANCED_FACE('',(#178),#59,.T.);
#2955=ADVANCED_FACE('',(#179),#2902,.T.);
#2956=ADVANCED_FACE('',(#180),#157,.T.);
#2957=ADVANCED_FACE('',(#181),#2903,.T.);
#2958=ADVANCED_FACE('',(#182),#60,.T.);
#2959=ADVANCED_FACE('',(#183),#2904,.T.);
#2960=ADVANCED_FACE('',(#184),#158,.T.);
#2961=ADVANCED_FACE('',(#185),#2905,.T.);
#2962=ADVANCED_FACE('',(#186),#61,.T.);
#2963=ADVANCED_FACE('',(#187),#2906,.T.);
#2964=ADVANCED_FACE('',(#188),#159,.T.);
#2965=ADVANCED_FACE('',(#189),#2907,.T.);
#2966=ADVANCED_FACE('',(#190),#62,.T.);
#2967=ADVANCED_FACE('',(#191),#2908,.T.);
#2968=ADVANCED_FACE('',(#192),#160,.T.);
#2969=ADVANCED_FACE('',(#193),#2909,.T.);
#2970=ADVANCED_FACE('',(#194),#63,.T.);
#2971=ADVANCED_FACE('',(#195),#2910,.T.);
#2972=ADVANCED_FACE('',(#196),#161,.T.);
#2973=ADVANCED_FACE('',(#197),#2911,.T.);
#2974=ADVANCED_FACE('',(#198),#64,.T.);
#2975=ADVANCED_FACE('',(#199),#2912,.T.);
#2976=ADVANCED_FACE('',(#200),#162,.T.);
#2977=ADVANCED_FACE('',(#201),#2913,.T.);
#2978=ADVANCED_FACE('',(#202),#65,.T.);
#2979=ADVANCED_FACE('',(#203),#2914,.T.);
#2980=ADVANCED_FACE('',(#204),#163,.T.);
#2981=ADVANCED_FACE('',(#205),#2915,.T.);
#2982=ADVANCED_FACE('',(#206),#66,.T.);
#2983=ADVANCED_FACE('',(#207),#2916,.T.);
#2984=ADVANCED_FACE('',(#208),#164,.T.);
#2985=ADVANCED_FACE('',(#209),#2917,.T.);
#2986=ADVANCED_FACE('',(#210),#67,.T.);
#2987=ADVANCED_FACE('',(#211),#2918,.T.);
#2988=ADVANCED_FACE('',(#212),#165,.T.);
#2989=ADVANCED_FACE('',(#213),#2919,.T.);
#2990=ADVANCED_FACE('',(#214),#68,.T.);
#2991=ADVANCED_FACE('',(#215),#2920,.T.);
#2992=ADVANCED_FACE('',(#216),#166,.T.);
#2993=ADVANCED_FACE('',(#217),#2921,.T.);
#2994=ADVANCED_FACE('',(#218),#69,.T.);
#2995=ADVANCED_FACE('',(#219),#2922,.T.);
#2996=ADVANCED_FACE('',(#220),#167,.T.);
#2997=ADVANCED_FACE('',(#221),#2923,.T.);
#2998=ADVANCED_FACE('',(#222),#70,.T.);
#2999=ADVANCED_FACE('',(#223),#2924,.T.);
#3000=ADVANCED_FACE('',(#224),#168,.T.);
#3001=ADVANCED_FACE('',(#225),#2925,.T.);
#3002=ADVANCED_FACE('',(#226),#71,.T.);
#3003=ADVANCED_FACE('',(#227),#2926,.T.);
#3004=ADVANCED_FACE('',(#228),#169,.T.);
#3005=ADVANCED_FACE('',(#229),#2927,.T.);
#3006=ADVANCED_FACE('',(#230),#72,.T.);
#3007=ADVANCED_FACE('',(#231),#2928,.T.);
#3008=ADVANCED_FACE('',(#232),#170,.T.);
#3009=ADVANCED_FACE('',(#233),#2929,.T.);
#3010=ADVANCED_FACE('',(#234),#73,.T.);
#3011=ADVANCED_FACE('',(#235),#74,.T.);
#3012=ADVANCED_FACE('',(#236),#75,.T.);
#3013=ADVANCED_FACE('',(#237),#76,.T.);
#3014=ADVANCED_FACE('',(#238),#77,.T.);
#3015=ADVANCED_FACE('',(#239),#78,.F.);
#3016=ADVANCED_FACE('',(#240),#79,.F.);
#3017=ADVANCED_FACE('',(#241),#80,.F.);
#3018=ADVANCED_FACE('',(#242),#81,.F.);
#3019=ADVANCED_FACE('',(#243),#82,.F.);
#3020=ADVANCED_FACE('',(#244),#83,.F.);
#3021=ADVANCED_FACE('',(#245),#84,.F.);
#3022=ADVANCED_FACE('',(#246),#85,.F.);
#3023=ADVANCED_FACE('',(#247),#86,.F.);
#3024=ADVANCED_FACE('',(#248),#87,.T.);
#3025=ADVANCED_FACE('',(#249),#88,.F.);
#3026=ADVANCED_FACE('',(#250),#89,.F.);
#3027=ADVANCED_FACE('',(#251),#90,.F.);
#3028=ADVANCED_FACE('',(#252),#91,.F.);
#3029=ADVANCED_FACE('',(#253),#92,.F.);
#3030=ADVANCED_FACE('',(#254),#93,.F.);
#3031=ADVANCED_FACE('',(#255),#94,.F.);
#3032=ADVANCED_FACE('',(#256),#95,.F.);
#3033=ADVANCED_FACE('',(#257),#96,.F.);
#3034=ADVANCED_FACE('',(#258),#97,.F.);
#3035=ADVANCED_FACE('',(#259),#2930,.F.);
#3036=ADVANCED_FACE('',(#260),#98,.F.);
#3037=ADVANCED_FACE('',(#261),#99,.F.);
#3038=ADVANCED_FACE('',(#262),#100,.F.);
#3039=ADVANCED_FACE('',(#263),#101,.T.);
#3040=ADVANCED_FACE('',(#264),#102,.T.);
#3041=ADVANCED_FACE('',(#265),#103,.T.);
#3042=ADVANCED_FACE('',(#266),#104,.T.);
#3043=ADVANCED_FACE('',(#267),#105,.T.);
#3044=ADVANCED_FACE('',(#268),#106,.T.);
#3045=ADVANCED_FACE('',(#269),#107,.T.);
#3046=ADVANCED_FACE('',(#270),#108,.T.);
#3047=ADVANCED_FACE('',(#271),#109,.T.);
#3048=ADVANCED_FACE('',(#272),#110,.T.);
#3049=ADVANCED_FACE('',(#273),#111,.T.);
#3050=ADVANCED_FACE('',(#274),#112,.T.);
#3051=ADVANCED_FACE('',(#275),#113,.T.);
#3052=ADVANCED_FACE('',(#276),#114,.T.);
#3053=ADVANCED_FACE('',(#277),#115,.T.);
#3054=ADVANCED_FACE('',(#278),#116,.T.);
#3055=ADVANCED_FACE('',(#279),#117,.T.);
#3056=ADVANCED_FACE('',(#280,#38),#118,.T.);
#3057=ADVANCED_FACE('',(#281),#119,.T.);
#3058=ADVANCED_FACE('',(#282),#120,.T.);
#3059=ADVANCED_FACE('',(#283),#121,.T.);
#3060=ADVANCED_FACE('',(#284),#122,.T.);
#3061=ADVANCED_FACE('',(#285),#123,.F.);
#3062=ADVANCED_FACE('',(#286,#39,#40),#124,.T.);
#3063=ADVANCED_FACE('',(#287),#125,.F.);
#3064=ADVANCED_FACE('',(#288),#24,.F.);
#3065=ADVANCED_FACE('',(#289),#126,.T.);
#3066=ADVANCED_FACE('',(#290),#127,.F.);
#3067=ADVANCED_FACE('',(#291),#25,.F.);
#3068=ADVANCED_FACE('',(#292),#128,.T.);
#3069=ADVANCED_FACE('',(#293),#26,.F.);
#3070=ADVANCED_FACE('',(#294),#129,.F.);
#3071=ADVANCED_FACE('',(#295),#130,.T.);
#3072=ADVANCED_FACE('',(#296),#27,.F.);
#3073=ADVANCED_FACE('',(#297),#131,.F.);
#3074=ADVANCED_FACE('',(#298),#132,.T.);
#3075=ADVANCED_FACE('',(#299),#133,.F.);
#3076=ADVANCED_FACE('',(#300),#134,.F.);
#3077=ADVANCED_FACE('',(#301),#23,.F.);
#3078=ADVANCED_FACE('',(#302),#135,.F.);
#3079=ADVANCED_FACE('',(#303),#136,.F.);
#3080=ADVANCED_FACE('',(#304),#137,.F.);
#3081=ADVANCED_FACE('',(#305),#138,.F.);
#3082=ADVANCED_FACE('',(#306),#139,.F.);
#3083=ADVANCED_FACE('',(#307),#140,.T.);
#3084=ADVANCED_FACE('',(#308),#28,.F.);
#3085=ADVANCED_FACE('',(#309),#29,.F.);
#3086=ADVANCED_FACE('',(#310),#141,.T.);
#3087=ADVANCED_FACE('',(#311),#15,.T.);
#3088=ADVANCED_FACE('',(#312),#16,.T.);
#3089=ADVANCED_FACE('',(#313),#2931,.T.);
#3090=ADVANCED_FACE('',(#314),#17,.T.);
#3091=ADVANCED_FACE('',(#315),#18,.T.);
#3092=ADVANCED_FACE('',(#316),#2932,.T.);
#3093=ADVANCED_FACE('',(#317),#19,.T.);
#3094=ADVANCED_FACE('',(#318),#2933,.T.);
#3095=ADVANCED_FACE('',(#319),#2934,.F.);
#3096=ADVANCED_FACE('',(#320),#20,.T.);
#3097=ADVANCED_FACE('',(#321),#2935,.T.);
#3098=ADVANCED_FACE('',(#322),#21,.T.);
#3099=ADVANCED_FACE('',(#323),#2936,.T.);
#3100=ADVANCED_FACE('',(#324),#22,.T.);
#3101=ADVANCED_FACE('',(#325),#2937,.T.);
#3102=ADVANCED_FACE('',(#326),#2938,.T.);
#3103=ADVANCED_FACE('',(#327),#2939,.F.);
#3104=ADVANCED_FACE('',(#328),#2940,.F.);
#3105=ADVANCED_FACE('',(#329),#2941,.T.);
#3106=ADVANCED_FACE('',(#330),#2942,.F.);
#3107=ADVANCED_FACE('',(#331),#142,.F.);
#3108=ADVANCED_FACE('',(#332),#143,.F.);
#3109=ADVANCED_FACE('',(#333),#144,.F.);
#3110=ADVANCED_FACE('',(#334,#41),#145,.T.);
#3111=ADVANCED_FACE('',(#335),#146,.F.);
#3112=ADVANCED_FACE('',(#336),#147,.F.);
#3113=ADVANCED_FACE('',(#337,#42),#148,.F.);
#3114=ADVANCED_FACE('',(#338),#149,.T.);
#3115=ADVANCED_FACE('',(#339),#150,.F.);
#3116=ADVANCED_FACE('',(#340),#2943,.T.);
#3117=ADVANCED_FACE('',(#341),#151,.F.);
#3118=ADVANCED_FACE('',(#342),#2944,.T.);
#3119=ADVANCED_FACE('',(#343,#43),#152,.T.);
#3120=ADVANCED_FACE('',(#344),#2945,.T.);
#3121=ADVANCED_FACE('',(#345),#2946,.T.);
#3122=ADVANCED_FACE('',(#346),#153,.T.);
#3123=ADVANCED_FACE('',(#347,#44,#45,#46,#47),#154,.T.);
#3124=CLOSED_SHELL('',(#2947,#2948,#2949,#2950,#2951,#2952,#2953,#2954,
#2955,#2956,#2957,#2958,#2959,#2960,#2961,#2962,#2963,#2964,#2965,#2966,
#2967,#2968,#2969,#2970,#2971,#2972,#2973,#2974,#2975,#2976,#2977,#2978,
#2979,#2980,#2981,#2982,#2983,#2984,#2985,#2986,#2987,#2988,#2989,#2990,
#2991,#2992,#2993,#2994,#2995,#2996,#2997,#2998,#2999,#3000,#3001,#3002,
#3003,#3004,#3005,#3006,#3007,#3008,#3009,#3010,#3011,#3012,#3013,#3014,
#3015,#3016,#3017,#3018,#3019,#3020,#3021,#3022,#3023,#3024,#3025,#3026,
#3027,#3028,#3029,#3030,#3031,#3032,#3033,#3034,#3035,#3036,#3037,#3038,
#3039,#3040,#3041,#3042,#3043,#3044,#3045,#3046,#3047,#3048,#3049,#3050,
#3051,#3052,#3053,#3054,#3055,#3056,#3057,#3058,#3059,#3060,#3061,#3062,
#3063,#3064,#3065,#3066,#3067,#3068,#3069,#3070,#3071,#3072,#3073,#3074,
#3075,#3076,#3077,#3078,#3079,#3080,#3081,#3082,#3083,#3084,#3085,#3086,
#3087,#3088,#3089,#3090,#3091,#3092,#3093,#3094,#3095,#3096,#3097,#3098,
#3099,#3100,#3101,#3102,#3103,#3104,#3105,#3106,#3107,#3108,#3109,#3110,
#3111,#3112,#3113,#3114,#3115,#3116,#3117,#3118,#3119,#3120,#3121,#3122,
#3123));
#3125=DERIVED_UNIT_ELEMENT(#3127,1.);
#3126=DERIVED_UNIT_ELEMENT(#5450,-3.);
#3127=(
MASS_UNIT()
NAMED_UNIT(*)
SI_UNIT(.KILO.,.GRAM.)
);
#3128=DERIVED_UNIT((#3125,#3126));
#3129=MEASURE_REPRESENTATION_ITEM('density measure',
POSITIVE_RATIO_MEASURE(7850.),#3128);
#3130=PROPERTY_DEFINITION_REPRESENTATION(#3135,#3132);
#3131=PROPERTY_DEFINITION_REPRESENTATION(#3136,#3133);
#3132=REPRESENTATION('material name',(#3134),#5447);
#3133=REPRESENTATION('density',(#3129),#5447);
#3134=DESCRIPTIVE_REPRESENTATION_ITEM('Steel','Steel');
#3135=PROPERTY_DEFINITION('material property','material name',#5457);
#3136=PROPERTY_DEFINITION('material property','density of part',#5457);
#3137=AXIS2_PLACEMENT_3D('',#4316,#3421,#3422);
#3138=AXIS2_PLACEMENT_3D('',#4317,#3423,#3424);
#3139=AXIS2_PLACEMENT_3D('',#4320,#3425,#3426);
#3140=AXIS2_PLACEMENT_3D('',#4324,#3428,#3429);
#3141=AXIS2_PLACEMENT_3D('',#4326,#3431,#3432);
#3142=AXIS2_PLACEMENT_3D('',#4328,#3433,#3434);
#3143=AXIS2_PLACEMENT_3D('',#4329,#3435,#3436);
#3144=AXIS2_PLACEMENT_3D('',#4330,#3437,#3438);
#3145=AXIS2_PLACEMENT_3D('',#4334,#3440,#3441);
#3146=AXIS2_PLACEMENT_3D('',#4336,#3443,#3444);
#3147=AXIS2_PLACEMENT_3D('',#4340,#3447,#3448);
#3148=AXIS2_PLACEMENT_3D('',#4343,#3449,#3450);
#3149=AXIS2_PLACEMENT_3D('',#4347,#3452,#3453);
#3150=AXIS2_PLACEMENT_3D('',#4349,#3455,#3456);
#3151=AXIS2_PLACEMENT_3D('',#4351,#3457,#3458);
#3152=AXIS2_PLACEMENT_3D('',#4352,#3459,#3460);
#3153=AXIS2_PLACEMENT_3D('',#4353,#3461,#3462);
#3154=AXIS2_PLACEMENT_3D('',#4356,#3465,#3466);
#3155=AXIS2_PLACEMENT_3D('',#4358,#3468,#3469);
#3156=AXIS2_PLACEMENT_3D('',#4361,#3470,#3471);
#3157=AXIS2_PLACEMENT_3D('',#4365,#3473,#3474);
#3158=AXIS2_PLACEMENT_3D('',#4367,#3476,#3477);
#3159=AXIS2_PLACEMENT_3D('',#4369,#3478,#3479);
#3160=AXIS2_PLACEMENT_3D('',#4370,#3480,#3481);
#3161=AXIS2_PLACEMENT_3D('',#4371,#3482,#3483);
#3162=AXIS2_PLACEMENT_3D('',#4374,#3486,#3487);
#3163=AXIS2_PLACEMENT_3D('',#4376,#3489,#3490);
#3164=AXIS2_PLACEMENT_3D('',#4378,#3491,#3492);
#3165=AXIS2_PLACEMENT_3D('',#4381,#3494,#3495);
#3166=AXIS2_PLACEMENT_3D('',#4382,#3496,#3497);
#3167=AXIS2_PLACEMENT_3D('',#4383,#3498,#3499);
#3168=AXIS2_PLACEMENT_3D('',#4384,#3500,#3501);
#3169=AXIS2_PLACEMENT_3D('',#4387,#3504,#3505);
#3170=AXIS2_PLACEMENT_3D('',#4389,#3507,#3508);
#3171=AXIS2_PLACEMENT_3D('',#4392,#3509,#3510);
#3172=AXIS2_PLACEMENT_3D('',#4396,#3512,#3513);
#3173=AXIS2_PLACEMENT_3D('',#4398,#3515,#3516);
#3174=AXIS2_PLACEMENT_3D('',#4400,#3517,#3518);
#3175=AXIS2_PLACEMENT_3D('',#4401,#3519,#3520);
#3176=AXIS2_PLACEMENT_3D('',#4402,#3521,#3522);
#3177=AXIS2_PLACEMENT_3D('',#4406,#3524,#3525);
#3178=AXIS2_PLACEMENT_3D('',#4408,#3527,#3528);
#3179=AXIS2_PLACEMENT_3D('',#4412,#3531,#3532);
#3180=AXIS2_PLACEMENT_3D('',#4415,#3533,#3534);
#3181=AXIS2_PLACEMENT_3D('',#4419,#3536,#3537);
#3182=AXIS2_PLACEMENT_3D('',#4421,#3539,#3540);
#3183=AXIS2_PLACEMENT_3D('',#4423,#3541,#3542);
#3184=AXIS2_PLACEMENT_3D('',#4424,#3543,#3544);
#3185=AXIS2_PLACEMENT_3D('',#4425,#3545,#3546);
#3186=AXIS2_PLACEMENT_3D('',#4428,#3549,#3550);
#3187=AXIS2_PLACEMENT_3D('',#4430,#3552,#3553);
#3188=AXIS2_PLACEMENT_3D('',#4432,#3554,#3555);
#3189=AXIS2_PLACEMENT_3D('',#4435,#3557,#3558);
#3190=AXIS2_PLACEMENT_3D('',#4436,#3559,#3560);
#3191=AXIS2_PLACEMENT_3D('',#4437,#3561,#3562);
#3192=AXIS2_PLACEMENT_3D('',#4438,#3563,#3564);
#3193=AXIS2_PLACEMENT_3D('',#4442,#3566,#3567);
#3194=AXIS2_PLACEMENT_3D('',#4444,#3569,#3570);
#3195=AXIS2_PLACEMENT_3D('',#4448,#3573,#3574);
#3196=AXIS2_PLACEMENT_3D('',#4450,#3575,#3576);
#3197=AXIS2_PLACEMENT_3D('',#4453,#3578,#3579);
#3198=AXIS2_PLACEMENT_3D('',#4454,#3580,#3581);
#3199=AXIS2_PLACEMENT_3D('',#4455,#3582,#3583);
#3200=AXIS2_PLACEMENT_3D('',#4456,#3584,#3585);
#3201=AXIS2_PLACEMENT_3D('',#4459,#3588,#3589);
#3202=AXIS2_PLACEMENT_3D('',#4461,#3591,#3592);
#3203=AXIS2_PLACEMENT_3D('',#4464,#3593,#3594);
#3204=AXIS2_PLACEMENT_3D('',#4468,#3596,#3597);
#3205=AXIS2_PLACEMENT_3D('',#4470,#3599,#3600);
#3206=AXIS2_PLACEMENT_3D('',#4472,#3601,#3602);
#3207=AXIS2_PLACEMENT_3D('',#4473,#3603,#3604);
#3208=AXIS2_PLACEMENT_3D('',#4474,#3605,#3606);
#3209=AXIS2_PLACEMENT_3D('',#4478,#3608,#3609);
#3210=AXIS2_PLACEMENT_3D('',#4480,#3611,#3612);
#3211=AXIS2_PLACEMENT_3D('',#4484,#3615,#3616);
#3212=AXIS2_PLACEMENT_3D('',#4487,#3617,#3618);
#3213=AXIS2_PLACEMENT_3D('',#4491,#3620,#3621);
#3214=AXIS2_PLACEMENT_3D('',#4493,#3623,#3624);
#3215=AXIS2_PLACEMENT_3D('',#4495,#3625,#3626);
#3216=AXIS2_PLACEMENT_3D('',#4496,#3627,#3628);
#3217=AXIS2_PLACEMENT_3D('',#4497,#3629,#3630);
#3218=AXIS2_PLACEMENT_3D('',#4501,#3632,#3633);
#3219=AXIS2_PLACEMENT_3D('',#4503,#3635,#3636);
#3220=AXIS2_PLACEMENT_3D('',#4507,#3639,#3640);
#3221=AXIS2_PLACEMENT_3D('',#4509,#3641,#3642);
#3222=AXIS2_PLACEMENT_3D('',#4512,#3644,#3645);
#3223=AXIS2_PLACEMENT_3D('',#4513,#3646,#3647);
#3224=AXIS2_PLACEMENT_3D('',#4514,#3648,#3649);
#3225=AXIS2_PLACEMENT_3D('',#4515,#3650,#3651);
#3226=AXIS2_PLACEMENT_3D('',#4519,#3653,#3654);
#3227=AXIS2_PLACEMENT_3D('',#4521,#3656,#3657);
#3228=AXIS2_PLACEMENT_3D('',#4525,#3660,#3661);
#3229=AXIS2_PLACEMENT_3D('',#4528,#3662,#3663);
#3230=AXIS2_PLACEMENT_3D('',#4532,#3665,#3666);
#3231=AXIS2_PLACEMENT_3D('',#4534,#3668,#3669);
#3232=AXIS2_PLACEMENT_3D('',#4536,#3670,#3671);
#3233=AXIS2_PLACEMENT_3D('',#4537,#3672,#3673);
#3234=AXIS2_PLACEMENT_3D('',#4538,#3674,#3675);
#3235=AXIS2_PLACEMENT_3D('',#4541,#3678,#3679);
#3236=AXIS2_PLACEMENT_3D('',#4543,#3681,#3682);
#3237=AXIS2_PLACEMENT_3D('',#4545,#3683,#3684);
#3238=AXIS2_PLACEMENT_3D('',#4548,#3686,#3687);
#3239=AXIS2_PLACEMENT_3D('',#4549,#3688,#3689);
#3240=AXIS2_PLACEMENT_3D('',#4550,#3690,#3691);
#3241=AXIS2_PLACEMENT_3D('',#4551,#3692,#3693);
#3242=AXIS2_PLACEMENT_3D('',#4555,#3695,#3696);
#3243=AXIS2_PLACEMENT_3D('',#4557,#3698,#3699);
#3244=AXIS2_PLACEMENT_3D('',#4561,#3702,#3703);
#3245=AXIS2_PLACEMENT_3D('',#4563,#3704,#3705);
#3246=AXIS2_PLACEMENT_3D('',#4566,#3707,#3708);
#3247=AXIS2_PLACEMENT_3D('',#4567,#3709,#3710);
#3248=AXIS2_PLACEMENT_3D('',#4568,#3711,#3712);
#3249=AXIS2_PLACEMENT_3D('',#4569,#3713,#3714);
#3250=AXIS2_PLACEMENT_3D('',#4572,#3717,#3718);
#3251=AXIS2_PLACEMENT_3D('',#4574,#3720,#3721);
#3252=AXIS2_PLACEMENT_3D('',#4576,#3722,#3723);
#3253=AXIS2_PLACEMENT_3D('',#4579,#3725,#3726);
#3254=AXIS2_PLACEMENT_3D('',#4580,#3727,#3728);
#3255=AXIS2_PLACEMENT_3D('',#4581,#3729,#3730);
#3256=AXIS2_PLACEMENT_3D('',#4582,#3731,#3732);
#3257=AXIS2_PLACEMENT_3D('',#4586,#3734,#3735);
#3258=AXIS2_PLACEMENT_3D('',#4588,#3737,#3738);
#3259=AXIS2_PLACEMENT_3D('',#4592,#3741,#3742);
#3260=AXIS2_PLACEMENT_3D('',#4594,#3743,#3744);
#3261=AXIS2_PLACEMENT_3D('',#4597,#3746,#3747);
#3262=AXIS2_PLACEMENT_3D('',#4598,#3748,#3749);
#3263=AXIS2_PLACEMENT_3D('',#4599,#3750,#3751);
#3264=AXIS2_PLACEMENT_3D('',#4600,#3752,#3753);
#3265=AXIS2_PLACEMENT_3D('',#4603,#3756,#3757);
#3266=AXIS2_PLACEMENT_3D('',#4605,#3759,#3760);
#3267=AXIS2_PLACEMENT_3D('',#4606,#3761,#3762);
#3268=AXIS2_PLACEMENT_3D('',#4607,#3763,#3764);
#3269=AXIS2_PLACEMENT_3D('',#4608,#3765,#3766);
#3270=AXIS2_PLACEMENT_3D('',#4609,#3767,#3768);
#3271=AXIS2_PLACEMENT_3D('',#4618,#3773,#3774);
#3272=AXIS2_PLACEMENT_3D('',#4627,#3779,#3780);
#3273=AXIS2_PLACEMENT_3D('',#4630,#3783,#3784);
#3274=AXIS2_PLACEMENT_3D('',#4636,#3788,#3789);
#3275=AXIS2_PLACEMENT_3D('',#4644,#3794,#3795);
#3276=AXIS2_PLACEMENT_3D('',#4652,#3800,#3801);
#3277=AXIS2_PLACEMENT_3D('',#4654,#3803,#3804);
#3278=AXIS2_PLACEMENT_3D('',#4660,#3808,#3809);
#3279=AXIS2_PLACEMENT_3D('',#4680,#3820,#3821);
#3280=AXIS2_PLACEMENT_3D('',#4684,#3823,#3824);
#3281=AXIS2_PLACEMENT_3D('',#4696,#3830,#3831);
#3282=AXIS2_PLACEMENT_3D('',#4698,#3833,#3834);
#3283=AXIS2_PLACEMENT_3D('',#4707,#3839,#3840);
#3284=AXIS2_PLACEMENT_3D('',#4713,#3844,#3845);
#3285=AXIS2_PLACEMENT_3D('',#4719,#3849,#3850);
#3286=AXIS2_PLACEMENT_3D('',#4729,#3856,#3857);
#3287=AXIS2_PLACEMENT_3D('',#4737,#3861,#3862);
#3288=AXIS2_PLACEMENT_3D('',#4739,#3863,#3864);
#3289=AXIS2_PLACEMENT_3D('',#4745,#3868,#3869);
#3290=AXIS2_PLACEMENT_3D('',#4753,#3874,#3875);
#3291=AXIS2_PLACEMENT_3D('',#4760,#3880,#3881);
#3292=AXIS2_PLACEMENT_3D('',#4765,#3885,#3886);
#3293=AXIS2_PLACEMENT_3D('',#4768,#3889,#3890);
#3294=AXIS2_PLACEMENT_3D('',#4769,#3891,#3892);
#3295=AXIS2_PLACEMENT_3D('',#4771,#3893,#3894);
#3296=AXIS2_PLACEMENT_3D('',#4773,#3896,#3897);
#3297=AXIS2_PLACEMENT_3D('',#4774,#3898,#3899);
#3298=AXIS2_PLACEMENT_3D('',#4776,#3901,#3902);
#3299=AXIS2_PLACEMENT_3D('',#4784,#3907,#3908);
#3300=AXIS2_PLACEMENT_3D('',#4798,#3916,#3917);
#3301=AXIS2_PLACEMENT_3D('',#4802,#3920,#3921);
#3302=AXIS2_PLACEMENT_3D('',#4810,#3926,#3927);
#3303=AXIS2_PLACEMENT_3D('',#4813,#3930,#3931);
#3304=AXIS2_PLACEMENT_3D('',#4819,#3935,#3936);
#3305=AXIS2_PLACEMENT_3D('',#4836,#3945,#3946);
#3306=AXIS2_PLACEMENT_3D('',#4840,#3950,#3951);
#3307=AXIS2_PLACEMENT_3D('',#4844,#3955,#3956);
#3308=AXIS2_PLACEMENT_3D('',#4846,#3958,#3959);
#3309=AXIS2_PLACEMENT_3D('',#4848,#3961,#3962);
#3310=AXIS2_PLACEMENT_3D('',#4854,#3966,#3967);
#3311=AXIS2_PLACEMENT_3D('',#4859,#3971,#3972);
#3312=AXIS2_PLACEMENT_3D('',#4863,#3975,#3976);
#3313=AXIS2_PLACEMENT_3D('',#4866,#3979,#3980);
#3314=AXIS2_PLACEMENT_3D('',#4873,#3985,#3986);
#3315=AXIS2_PLACEMENT_3D('',#4877,#3989,#3990);
#3316=AXIS2_PLACEMENT_3D('',#4882,#3994,#3995);
#3317=AXIS2_PLACEMENT_3D('',#4884,#3997,#3998);
#3318=AXIS2_PLACEMENT_3D('',#4885,#3999,#4000);
#3319=AXIS2_PLACEMENT_3D('',#4891,#4004,#4005);
#3320=AXIS2_PLACEMENT_3D('',#4892,#4006,#4007);
#3321=AXIS2_PLACEMENT_3D('',#4898,#4011,#4012);
#3322=AXIS2_PLACEMENT_3D('',#4900,#4014,#4015);
#3323=AXIS2_PLACEMENT_3D('',#4902,#4017,#4018);
#3324=AXIS2_PLACEMENT_3D('',#4992,#4032,#4033);
#3325=AXIS2_PLACEMENT_3D('',#5045,#4038,#4039);
#3326=AXIS2_PLACEMENT_3D('',#5049,#4042,#4043);
#3327=AXIS2_PLACEMENT_3D('',#5102,#4048,#4049);
#3328=AXIS2_PLACEMENT_3D('',#5155,#4054,#4055);
#3329=AXIS2_PLACEMENT_3D('',#5159,#4058,#4059);
#3330=AXIS2_PLACEMENT_3D('',#5212,#4064,#4065);
#3331=AXIS2_PLACEMENT_3D('',#5216,#4068,#4069);
#3332=AXIS2_PLACEMENT_3D('',#5220,#4072,#4073);
#3333=AXIS2_PLACEMENT_3D('',#5226,#4077,#4078);
#3334=AXIS2_PLACEMENT_3D('',#5235,#4084,#4085);
#3335=AXIS2_PLACEMENT_3D('',#5237,#4086,#4087);
#3336=AXIS2_PLACEMENT_3D('',#5240,#4089,#4090);
#3337=AXIS2_PLACEMENT_3D('',#5241,#4091,#4092);
#3338=AXIS2_PLACEMENT_3D('',#5247,#4096,#4097);
#3339=AXIS2_PLACEMENT_3D('',#5252,#4101,#4102);
#3340=AXIS2_PLACEMENT_3D('',#5254,#4104,#4105);
#3341=AXIS2_PLACEMENT_3D('',#5256,#4107,#4108);
#3342=AXIS2_PLACEMENT_3D('',#5257,#4109,#4110);
#3343=AXIS2_PLACEMENT_3D('',#5267,#4113,#4114);
#3344=AXIS2_PLACEMENT_3D('',#5275,#4115,#4116);
#3345=AXIS2_PLACEMENT_3D('',#5277,#4118,#4119);
#3346=AXIS2_PLACEMENT_3D('',#5279,#4121,#4122);
#3347=AXIS2_PLACEMENT_3D('',#5282,#4123,#4124);
#3348=AXIS2_PLACEMENT_3D('',#5284,#4125,#4126);
#3349=AXIS2_PLACEMENT_3D('',#5286,#4127,#4128);
#3350=AXIS2_PLACEMENT_3D('',#5287,#4129,#4130);
#3351=AXIS2_PLACEMENT_3D('',#5288,#4131,#4132);
#3352=AXIS2_PLACEMENT_3D('',#5291,#4133,#4134);
#3353=AXIS2_PLACEMENT_3D('',#5293,#4135,#4136);
#3354=AXIS2_PLACEMENT_3D('',#5295,#4137,#4138);
#3355=AXIS2_PLACEMENT_3D('',#5296,#4139,#4140);
#3356=AXIS2_PLACEMENT_3D('',#5297,#4141,#4142);
#3357=AXIS2_PLACEMENT_3D('',#5300,#4145,#4146);
#3358=AXIS2_PLACEMENT_3D('',#5303,#4147,#4148);
#3359=AXIS2_PLACEMENT_3D('',#5305,#4149,#4150);
#3360=AXIS2_PLACEMENT_3D('',#5307,#4151,#4152);
#3361=AXIS2_PLACEMENT_3D('',#5308,#4153,#4154);
#3362=AXIS2_PLACEMENT_3D('',#5309,#4155,#4156);
#3363=AXIS2_PLACEMENT_3D('',#5312,#4157,#4158);
#3364=AXIS2_PLACEMENT_3D('',#5314,#4159,#4160);
#3365=AXIS2_PLACEMENT_3D('',#5316,#4161,#4162);
#3366=AXIS2_PLACEMENT_3D('',#5317,#4163,#4164);
#3367=AXIS2_PLACEMENT_3D('',#5318,#4165,#4166);
#3368=AXIS2_PLACEMENT_3D('',#5321,#4169,#4170);
#3369=AXIS2_PLACEMENT_3D('',#5324,#4171,#4172);
#3370=AXIS2_PLACEMENT_3D('',#5326,#4173,#4174);
#3371=AXIS2_PLACEMENT_3D('',#5328,#4175,#4176);
#3372=AXIS2_PLACEMENT_3D('',#5329,#4177,#4178);
#3373=AXIS2_PLACEMENT_3D('',#5330,#4179,#4180);
#3374=AXIS2_PLACEMENT_3D('',#5333,#4183,#4184);
#3375=AXIS2_PLACEMENT_3D('',#5336,#4187,#4188);
#3376=AXIS2_PLACEMENT_3D('',#5339,#4189,#4190);
#3377=AXIS2_PLACEMENT_3D('',#5341,#4191,#4192);
#3378=AXIS2_PLACEMENT_3D('',#5343,#4193,#4194);
#3379=AXIS2_PLACEMENT_3D('',#5344,#4195,#4196);
#3380=AXIS2_PLACEMENT_3D('',#5345,#4197,#4198);
#3381=AXIS2_PLACEMENT_3D('',#5348,#4201,#4202);
#3382=AXIS2_PLACEMENT_3D('',#5351,#4203,#4204);
#3383=AXIS2_PLACEMENT_3D('',#5353,#4205,#4206);
#3384=AXIS2_PLACEMENT_3D('',#5355,#4207,#4208);
#3385=AXIS2_PLACEMENT_3D('',#5356,#4209,#4210);
#3386=AXIS2_PLACEMENT_3D('',#5357,#4211,#4212);
#3387=AXIS2_PLACEMENT_3D('',#5360,#4215,#4216);
#3388=AXIS2_PLACEMENT_3D('',#5363,#4217,#4218);
#3389=AXIS2_PLACEMENT_3D('',#5365,#4219,#4220);
#3390=AXIS2_PLACEMENT_3D('',#5367,#4221,#4222);
#3391=AXIS2_PLACEMENT_3D('',#5368,#4223,#4224);
#3392=AXIS2_PLACEMENT_3D('',#5369,#4225,#4226);
#3393=AXIS2_PLACEMENT_3D('',#5372,#4229,#4230);
#3394=AXIS2_PLACEMENT_3D('',#5375,#4233,#4234);
#3395=AXIS2_PLACEMENT_3D('',#5378,#4237,#4238);
#3396=AXIS2_PLACEMENT_3D('',#5381,#4241,#4242);
#3397=AXIS2_PLACEMENT_3D('',#5384,#4245,#4246);
#3398=AXIS2_PLACEMENT_3D('',#5387,#4249,#4250);
#3399=AXIS2_PLACEMENT_3D('',#5388,#4251,#4252);
#3400=AXIS2_PLACEMENT_3D('',#5389,#4253,#4254);
#3401=AXIS2_PLACEMENT_3D('',#5390,#4255,#4256);
#3402=AXIS2_PLACEMENT_3D('',#5399,#4261,#4262);
#3403=AXIS2_PLACEMENT_3D('',#5400,#4263,#4264);
#3404=AXIS2_PLACEMENT_3D('',#5406,#4268,#4269);
#3405=AXIS2_PLACEMENT_3D('',#5412,#4273,#4274);
#3406=AXIS2_PLACEMENT_3D('',#5415,#4277,#4278);
#3407=AXIS2_PLACEMENT_3D('',#5417,#4280,#4281);
#3408=AXIS2_PLACEMENT_3D('',#5419,#4282,#4283);
#3409=AXIS2_PLACEMENT_3D('',#5421,#4284,#4285);
#3410=AXIS2_PLACEMENT_3D('',#5423,#4287,#4288);
#3411=AXIS2_PLACEMENT_3D('',#5426,#4290,#4291);
#3412=AXIS2_PLACEMENT_3D('',#5428,#4292,#4293);
#3413=AXIS2_PLACEMENT_3D('',#5431,#4295,#4296);
#3414=AXIS2_PLACEMENT_3D('',#5432,#4297,#4298);
#3415=AXIS2_PLACEMENT_3D('',#5435,#4300,#4301);
#3416=AXIS2_PLACEMENT_3D('',#5436,#4302,#4303);
#3417=AXIS2_PLACEMENT_3D('',#5439,#4306,#4307);
#3418=AXIS2_PLACEMENT_3D('',#5440,#4308,#4309);
#3419=AXIS2_PLACEMENT_3D('',#5442,#4311,#4312);
#3420=AXIS2_PLACEMENT_3D('',#5444,#4314,#4315);
#3421=DIRECTION('axis',(0.,0.,1.));
#3422=DIRECTION('refdir',(1.,0.,0.));
#3423=DIRECTION('center_axis',(0.,0.,1.));
#3424=DIRECTION('ref_axis',(0.00272826634947193,0.999996278274438,0.));
#3425=DIRECTION('center_axis',(0.,0.,-1.));
#3426=DIRECTION('ref_axis',(0.00272826634947193,0.999996278274438,0.));
#3427=DIRECTION('',(0.,0.,1.));
#3428=DIRECTION('center_axis',(0.,0.,-1.));
#3429=DIRECTION('ref_axis',(-0.70517497389257,0.709033325165759,0.));
#3430=DIRECTION('',(0.,0.,-1.));
#3431=DIRECTION('center_axis',(-0.999997518851164,0.00181884197655791,0.00128612028211705));
#3432=DIRECTION('ref_axis',(0.00222762014618638,0.816493542151532,0.577350269189622));
#3433=DIRECTION('center_axis',(0.709033325165754,0.705174973892576,0.));
#3434=DIRECTION('ref_axis',(-0.498634005962477,0.50136227231196,0.707106781186548));
#3435=DIRECTION('center_axis',(-0.705174973892573,0.709033325165756,0.));
#3436=DIRECTION('ref_axis',(0.501362272311955,0.498634005962481,0.707106781186548));
#3437=DIRECTION('center_axis',(-0.709033325165754,-0.705174973892576,0.));
#3438=DIRECTION('ref_axis',(-0.498634005962476,0.501362272311967,0.707106781186543));
#3439=DIRECTION('',(-0.709033325165754,-0.705174973892576,0.));
#3440=DIRECTION('center_axis',(-0.709033325165754,-0.705174973892576,0.));
#3441=DIRECTION('ref_axis',(-0.498634005962487,0.501362272311957,0.707106781186544));
#3442=DIRECTION('',(0.709033325165754,0.705174973892576,0.));
#3443=DIRECTION('center_axis',(-0.705174973892576,0.709033325165754,0.));
#3444=DIRECTION('ref_axis',(-0.709033325165754,-0.705174973892576,0.));
#3445=DIRECTION('',(0.709033325165754,0.705174973892576,0.));
#3446=DIRECTION('',(0.,0.,-1.));
#3447=DIRECTION('center_axis',(0.,0.,1.));
#3448=DIRECTION('ref_axis',(0.999996278274438,-0.00272826634946565,0.));
#3449=DIRECTION('center_axis',(0.,0.,-1.));
#3450=DIRECTION('ref_axis',(0.999996278274438,-0.00272826634946565,0.));
#3451=DIRECTION('',(0.,0.,1.));
#3452=DIRECTION('center_axis',(0.,0.,-1.));
#3453=DIRECTION('ref_axis',(0.709033325165757,0.705174973892572,0.));
#3454=DIRECTION('',(0.,0.,-1.));
#3455=DIRECTION('center_axis',(0.577348120450376,-0.00157516531129432,-0.816496580927722));
#3456=DIRECTION('ref_axis',(0.81649354215153,-0.00222762014618639,0.577350269189625));
#3457=DIRECTION('center_axis',(0.705174973892573,-0.709033325165756,0.));
#3458=DIRECTION('ref_axis',(0.501362272311957,0.498634005962504,0.707106781186531));
#3459=DIRECTION('center_axis',(0.70903332516576,0.705174973892569,0.));
#3460=DIRECTION('ref_axis',(0.498634005962472,-0.501362272311938,0.707106781186567));
#3461=DIRECTION('center_axis',(-0.705174973892573,0.709033325165756,0.));
#3462=DIRECTION('ref_axis',(0.501362272311942,0.498634005962502,0.707106781186543));
#3463=DIRECTION('',(0.705174973892573,-0.709033325165756,0.));
#3464=DIRECTION('',(-0.705174973892573,0.709033325165756,0.));
#3465=DIRECTION('center_axis',(0.709033325165756,0.705174973892573,0.));
#3466=DIRECTION('ref_axis',(-0.705174973892573,0.709033325165756,0.));
#3467=DIRECTION('',(0.705174973892573,-0.709033325165756,0.));
#3468=DIRECTION('center_axis',(0.,0.,1.));
#3469=DIRECTION('ref_axis',(-0.00272826634946565,-0.999996278274438,0.));
#3470=DIRECTION('center_axis',(0.,0.,-1.));
#3471=DIRECTION('ref_axis',(-0.00272826634946565,-0.999996278274438,0.));
#3472=DIRECTION('',(0.,0.,1.));
#3473=DIRECTION('center_axis',(0.,0.,-1.));
#3474=DIRECTION('ref_axis',(0.705174973892577,-0.709033325165753,0.));
#3475=DIRECTION('',(0.,0.,-1.));
#3476=DIRECTION('center_axis',(-0.999997518851164,0.00181884197655791,-0.00128612028211705));
#3477=DIRECTION('ref_axis',(-0.0022276201462148,-0.816493542151532,0.577350269189622));
#3478=DIRECTION('center_axis',(-0.70903332516576,-0.705174973892569,0.));
#3479=DIRECTION('ref_axis',(0.498634005962472,-0.501362272311938,0.707106781186567));
#3480=DIRECTION('center_axis',(0.705174973892576,-0.709033325165754,0.));
#3481=DIRECTION('ref_axis',(-0.501362272311953,-0.498634005962506,0.707106781186533));
#3482=DIRECTION('center_axis',(0.70903332516576,0.705174973892569,0.));
#3483=DIRECTION('ref_axis',(0.498634005962484,-0.501362272311931,0.707106781186563));
#3484=DIRECTION('',(-0.70903332516576,-0.705174973892569,0.));
#3485=DIRECTION('',(0.70903332516576,0.705174973892569,0.));
#3486=DIRECTION('center_axis',(0.705174973892569,-0.70903332516576,0.));
#3487=DIRECTION('ref_axis',(0.70903332516576,0.705174973892569,0.));
#3488=DIRECTION('',(-0.70903332516576,-0.705174973892569,0.));
#3489=DIRECTION('center_axis',(0.,0.,1.));
#3490=DIRECTION('ref_axis',(-0.999996278274438,0.00272826634946565,0.));
#3491=DIRECTION('center_axis',(0.,0.,-1.));
#3492=DIRECTION('ref_axis',(-0.999996278274438,0.00272826634946565,0.));
#3493=DIRECTION('',(0.,0.,1.));
#3494=DIRECTION('center_axis',(0.,0.,-1.));
#3495=DIRECTION('ref_axis',(-0.709033325165748,-0.705174973892581,0.));
#3496=DIRECTION('center_axis',(-0.577348120450371,0.00157516531129433,-0.816496580927725));
#3497=DIRECTION('ref_axis',(-0.816493542151531,0.00222762014618638,0.577350269189623));
#3498=DIRECTION('center_axis',(-0.705174973892576,0.709033325165754,0.));
#3499=DIRECTION('ref_axis',(-0.501362272311957,-0.498634005962504,0.707106781186531));
#3500=DIRECTION('center_axis',(0.705174973892576,-0.709033325165754,0.));
#3501=DIRECTION('ref_axis',(-0.501362272311942,-0.498634005962502,0.707106781186543));
#3502=DIRECTION('',(-0.705174973892576,0.709033325165754,0.));
#3503=DIRECTION('',(0.705174973892576,-0.709033325165754,0.));
#3504=DIRECTION('center_axis',(-0.709033325165754,-0.705174973892576,0.));
#3505=DIRECTION('ref_axis',(0.705174973892576,-0.709033325165754,0.));
#3506=DIRECTION('',(-0.705174973892576,0.709033325165754,0.));
#3507=DIRECTION('center_axis',(0.,0.,1.));
#3508=DIRECTION('ref_axis',(0.00272826634946565,0.999996278274438,0.));
#3509=DIRECTION('center_axis',(0.,0.,-1.));
#3510=DIRECTION('ref_axis',(0.00272826634946565,0.999996278274438,0.));
#3511=DIRECTION('',(0.,0.,1.));
#3512=DIRECTION('center_axis',(0.,0.,-1.));
#3513=DIRECTION('ref_axis',(-0.705174973892565,0.709033325165764,0.));
#3514=DIRECTION('',(0.,0.,-1.));
#3515=DIRECTION('center_axis',(-0.999997518851164,0.00181884197652949,0.00128612028211706));
#3516=DIRECTION('ref_axis',(0.00222762014617217,0.816493542151532,0.577350269189622));
#3517=DIRECTION('center_axis',(0.709033325165754,0.705174973892576,0.));
#3518=DIRECTION('ref_axis',(-0.498634005962493,0.501362272311954,0.707106781186541));
#3519=DIRECTION('center_axis',(-0.705174973892573,0.709033325165756,0.));
#3520=DIRECTION('ref_axis',(0.501362272311945,0.498634005962484,0.707106781186553));
#3521=DIRECTION('center_axis',(-0.709033325165754,-0.705174973892576,0.));
#3522=DIRECTION('ref_axis',(-0.498634005962476,0.501362272311967,0.707106781186543));
#3523=DIRECTION('',(-0.709033325165754,-0.705174973892576,0.));
#3524=DIRECTION('center_axis',(-0.709033325165754,-0.705174973892576,0.));
#3525=DIRECTION('ref_axis',(-0.498634005962493,0.501362272311954,0.707106781186541));
#3526=DIRECTION('',(0.709033325165754,0.705174973892576,0.));
#3527=DIRECTION('center_axis',(-0.705174973892576,0.709033325165754,0.));
#3528=DIRECTION('ref_axis',(-0.709033325165754,-0.705174973892576,0.));
#3529=DIRECTION('',(0.709033325165754,0.705174973892576,0.));
#3530=DIRECTION('',(0.,0.,-1.));
#3531=DIRECTION('center_axis',(0.,0.,1.));
#3532=DIRECTION('ref_axis',(0.999996278274438,-0.00272826634946565,0.));
#3533=DIRECTION('center_axis',(0.,0.,-1.));
#3534=DIRECTION('ref_axis',(0.999996278274438,-0.00272826634946565,0.));
#3535=DIRECTION('',(0.,0.,1.));
#3536=DIRECTION('center_axis',(0.,0.,-1.));
#3537=DIRECTION('ref_axis',(0.709033325165755,0.705174973892574,0.));
#3538=DIRECTION('',(0.,0.,-1.));
#3539=DIRECTION('center_axis',(0.577348120450381,-0.00157516531129431,-0.816496580927719));
#3540=DIRECTION('ref_axis',(0.816493542151527,-0.0022276201461864,0.577350269189628));
#3541=DIRECTION('center_axis',(0.705174973892573,-0.709033325165756,0.));
#3542=DIRECTION('ref_axis',(0.501362272311959,0.49863400596248,0.707106781186547));
#3543=DIRECTION('center_axis',(0.70903332516576,0.705174973892569,0.));
#3544=DIRECTION('ref_axis',(0.498634005962475,-0.501362272311937,0.707106781186566));
#3545=DIRECTION('center_axis',(-0.705174973892573,0.709033325165756,0.));
#3546=DIRECTION('ref_axis',(0.501362272311955,0.498634005962464,0.707106781186561));
#3547=DIRECTION('',(0.705174973892573,-0.709033325165756,0.));
#3548=DIRECTION('',(-0.705174973892573,0.709033325165756,0.));
#3549=DIRECTION('center_axis',(0.709033325165756,0.705174973892573,0.));
#3550=DIRECTION('ref_axis',(-0.705174973892573,0.709033325165756,0.));
#3551=DIRECTION('',(0.705174973892573,-0.709033325165756,0.));
#3552=DIRECTION('center_axis',(0.,0.,1.));
#3553=DIRECTION('ref_axis',(-0.999996278274438,0.00272826634946565,0.));
#3554=DIRECTION('center_axis',(0.,0.,-1.));
#3555=DIRECTION('ref_axis',(-0.999996278274438,0.00272826634946565,0.));
#3556=DIRECTION('',(0.,0.,1.));
#3557=DIRECTION('center_axis',(0.,0.,-1.));
#3558=DIRECTION('ref_axis',(-0.709033325165755,-0.705174973892574,0.));
#3559=DIRECTION('center_axis',(-0.577348120450371,0.00157516531129433,-0.816496580927725));
#3560=DIRECTION('ref_axis',(-0.816493542151532,0.00222762014618638,0.577350269189622));
#3561=DIRECTION('center_axis',(-0.705174973892576,0.709033325165754,0.));
#3562=DIRECTION('ref_axis',(-0.501362272311963,-0.498634005962502,0.707106781186528));
#3563=DIRECTION('center_axis',(0.705174973892576,-0.709033325165754,0.));
#3564=DIRECTION('ref_axis',(-0.501362272311942,-0.498634005962502,0.707106781186543));
#3565=DIRECTION('',(0.705174973892576,-0.709033325165754,0.));
#3566=DIRECTION('center_axis',(0.705174973892576,-0.709033325165754,0.));
#3567=DIRECTION('ref_axis',(-0.50136227231195,-0.498634005962507,0.707106781186534));
#3568=DIRECTION('',(-0.705174973892576,0.709033325165754,0.));
#3569=DIRECTION('center_axis',(-0.709033325165754,-0.705174973892576,0.));
#3570=DIRECTION('ref_axis',(0.705174973892576,-0.709033325165754,0.));
#3571=DIRECTION('',(-0.705174973892576,0.709033325165754,0.));
#3572=DIRECTION('',(0.,0.,-1.));
#3573=DIRECTION('center_axis',(0.,0.,1.));
#3574=DIRECTION('ref_axis',(-0.00272826634946565,-0.999996278274438,0.));
#3575=DIRECTION('center_axis',(0.,0.,-1.));
#3576=DIRECTION('ref_axis',(-0.00272826634946565,-0.999996278274438,0.));
#3577=DIRECTION('',(0.,0.,1.));
#3578=DIRECTION('center_axis',(0.,0.,-1.));
#3579=DIRECTION('ref_axis',(0.705174973892574,-0.709033325165755,0.));
#3580=DIRECTION('center_axis',(-0.999997518851164,0.00181884197655791,-0.00128612028211706));
#3581=DIRECTION('ref_axis',(-0.0022276201462148,-0.816493542151532,0.577350269189622));
#3582=DIRECTION('center_axis',(-0.70903332516576,-0.705174973892569,0.));
#3583=DIRECTION('ref_axis',(0.49863400596248,-0.501362272311959,0.707106781186547));
#3584=DIRECTION('center_axis',(0.70903332516576,0.705174973892569,0.));
#3585=DIRECTION('ref_axis',(0.498634005962489,-0.50136227231193,0.707106781186561));
#3586=DIRECTION('',(-0.70903332516576,-0.705174973892569,0.));
#3587=DIRECTION('',(0.70903332516576,0.705174973892569,0.));
#3588=DIRECTION('center_axis',(0.705174973892569,-0.70903332516576,0.));
#3589=DIRECTION('ref_axis',(0.70903332516576,0.705174973892569,0.));
#3590=DIRECTION('',(-0.70903332516576,-0.705174973892569,0.));
#3591=DIRECTION('center_axis',(0.,0.,1.));
#3592=DIRECTION('ref_axis',(0.00272826634947193,0.999996278274438,0.));
#3593=DIRECTION('center_axis',(0.,0.,-1.));
#3594=DIRECTION('ref_axis',(0.00272826634947193,0.999996278274438,0.));
#3595=DIRECTION('',(0.,0.,1.));
#3596=DIRECTION('center_axis',(0.,0.,-1.));
#3597=DIRECTION('ref_axis',(-0.70517497389257,0.709033325165759,0.));
#3598=DIRECTION('',(0.,0.,-1.));
#3599=DIRECTION('center_axis',(-0.999997518851164,0.00181884197655791,0.00128612028211705));
#3600=DIRECTION('ref_axis',(0.00222762014618638,0.816493542151532,0.577350269189622));
#3601=DIRECTION('center_axis',(0.709033325165754,0.705174973892576,0.));
#3602=DIRECTION('ref_axis',(-0.498634005962477,0.50136227231196,0.707106781186548));
#3603=DIRECTION('center_axis',(-0.705174973892573,0.709033325165756,0.));
#3604=DIRECTION('ref_axis',(0.501362272311955,0.498634005962481,0.707106781186548));
#3605=DIRECTION('center_axis',(-0.709033325165754,-0.705174973892576,0.));
#3606=DIRECTION('ref_axis',(-0.498634005962476,0.501362272311967,0.707106781186543));
#3607=DIRECTION('',(-0.709033325165754,-0.705174973892576,0.));
#3608=DIRECTION('center_axis',(-0.709033325165754,-0.705174973892576,0.));
#3609=DIRECTION('ref_axis',(-0.498634005962487,0.501362272311957,0.707106781186544));
#3610=DIRECTION('',(0.709033325165754,0.705174973892576,0.));
#3611=DIRECTION('center_axis',(-0.705174973892576,0.709033325165754,0.));
#3612=DIRECTION('ref_axis',(-0.709033325165754,-0.705174973892576,0.));
#3613=DIRECTION('',(0.709033325165754,0.705174973892576,0.));
#3614=DIRECTION('',(0.,0.,-1.));
#3615=DIRECTION('center_axis',(0.,0.,1.));
#3616=DIRECTION('ref_axis',(0.999996278274438,-0.00272826634946565,0.));
#3617=DIRECTION('center_axis',(0.,0.,-1.));
#3618=DIRECTION('ref_axis',(0.999996278274438,-0.00272826634946565,0.));
#3619=DIRECTION('',(0.,0.,1.));
#3620=DIRECTION('center_axis',(0.,0.,-1.));
#3621=DIRECTION('ref_axis',(0.709033325165755,0.705174973892574,0.));
#3622=DIRECTION('',(0.,0.,-1.));
#3623=DIRECTION('center_axis',(0.577348120450381,-0.00157516531129431,-0.816496580927719));
#3624=DIRECTION('ref_axis',(0.816493542151527,-0.0022276201461864,0.577350269189628));
#3625=DIRECTION('center_axis',(0.705174973892573,-0.709033325165756,0.));
#3626=DIRECTION('ref_axis',(0.501362272311959,0.49863400596248,0.707106781186547));
#3627=DIRECTION('center_axis',(0.70903332516576,0.705174973892569,0.));
#3628=DIRECTION('ref_axis',(0.498634005962475,-0.501362272311937,0.707106781186566));
#3629=DIRECTION('center_axis',(-0.705174973892573,0.709033325165756,0.));
#3630=DIRECTION('ref_axis',(0.501362272311955,0.498634005962464,0.707106781186561));
#3631=DIRECTION('',(-0.705174973892573,0.709033325165756,0.));
#3632=DIRECTION('center_axis',(-0.705174973892573,0.709033325165756,0.));
#3633=DIRECTION('ref_axis',(0.501362272311945,0.498634005962484,0.707106781186553));
#3634=DIRECTION('',(0.705174973892573,-0.709033325165756,0.));
#3635=DIRECTION('center_axis',(0.709033325165756,0.705174973892573,0.));
#3636=DIRECTION('ref_axis',(-0.705174973892573,0.709033325165756,0.));
#3637=DIRECTION('',(0.705174973892573,-0.709033325165756,0.));
#3638=DIRECTION('',(0.,0.,-1.));
#3639=DIRECTION('center_axis',(0.,0.,1.));
#3640=DIRECTION('ref_axis',(0.00272826634946565,0.999996278274438,0.));
#3641=DIRECTION('center_axis',(0.,0.,-1.));
#3642=DIRECTION('ref_axis',(0.00272826634946565,0.999996278274438,0.));
#3643=DIRECTION('',(0.,0.,1.));
#3644=DIRECTION('center_axis',(0.,0.,-1.));
#3645=DIRECTION('ref_axis',(-0.705174973892565,0.709033325165764,0.));
#3646=DIRECTION('center_axis',(-0.999997518851164,0.00181884197652949,0.00128612028211706));
#3647=DIRECTION('ref_axis',(0.00222762014617217,0.816493542151532,0.577350269189622));
#3648=DIRECTION('center_axis',(0.709033325165754,0.705174973892576,0.));
#3649=DIRECTION('ref_axis',(-0.498634005962493,0.501362272311954,0.707106781186541));
#3650=DIRECTION('center_axis',(-0.709033325165754,-0.705174973892576,0.));
#3651=DIRECTION('ref_axis',(-0.498634005962476,0.501362272311967,0.707106781186543));
#3652=DIRECTION('',(-0.709033325165754,-0.705174973892576,0.));
#3653=DIRECTION('center_axis',(-0.709033325165754,-0.705174973892576,0.));
#3654=DIRECTION('ref_axis',(-0.498634005962493,0.501362272311954,0.707106781186541));
#3655=DIRECTION('',(0.709033325165754,0.705174973892576,0.));
#3656=DIRECTION('center_axis',(-0.705174973892576,0.709033325165754,0.));
#3657=DIRECTION('ref_axis',(-0.709033325165754,-0.705174973892576,0.));
#3658=DIRECTION('',(0.709033325165754,0.705174973892576,0.));
#3659=DIRECTION('',(0.,0.,-1.));
#3660=DIRECTION('center_axis',(0.,0.,1.));
#3661=DIRECTION('ref_axis',(0.999996278274438,-0.00272826634946565,0.));
#3662=DIRECTION('center_axis',(0.,0.,-1.));
#3663=DIRECTION('ref_axis',(0.999996278274438,-0.00272826634946565,0.));
#3664=DIRECTION('',(0.,0.,1.));
#3665=DIRECTION('center_axis',(0.,0.,-1.));
#3666=DIRECTION('ref_axis',(0.709033325165757,0.705174973892572,0.));
#3667=DIRECTION('',(0.,0.,-1.));
#3668=DIRECTION('center_axis',(0.577348120450376,-0.00157516531129432,-0.816496580927722));
#3669=DIRECTION('ref_axis',(0.81649354215153,-0.00222762014618639,0.577350269189625));
#3670=DIRECTION('center_axis',(0.705174973892573,-0.709033325165756,0.));
#3671=DIRECTION('ref_axis',(0.501362272311957,0.498634005962504,0.707106781186531));
#3672=DIRECTION('center_axis',(0.70903332516576,0.705174973892569,0.));
#3673=DIRECTION('ref_axis',(0.498634005962472,-0.501362272311938,0.707106781186567));
#3674=DIRECTION('center_axis',(-0.705174973892573,0.709033325165756,0.));
#3675=DIRECTION('ref_axis',(0.501362272311942,0.498634005962502,0.707106781186543));
#3676=DIRECTION('',(0.705174973892573,-0.709033325165756,0.));
#3677=DIRECTION('',(-0.705174973892573,0.709033325165756,0.));
#3678=DIRECTION('center_axis',(0.709033325165756,0.705174973892573,0.));
#3679=DIRECTION('ref_axis',(-0.705174973892573,0.709033325165756,0.));
#3680=DIRECTION('',(0.705174973892573,-0.709033325165756,0.));
#3681=DIRECTION('center_axis',(0.,0.,1.));
#3682=DIRECTION('ref_axis',(-0.999996278274438,0.00272826634946565,0.));
#3683=DIRECTION('center_axis',(0.,0.,-1.));
#3684=DIRECTION('ref_axis',(-0.999996278274438,0.00272826634946565,0.));
#3685=DIRECTION('',(0.,0.,1.));
#3686=DIRECTION('center_axis',(0.,0.,-1.));
#3687=DIRECTION('ref_axis',(-0.709033325165748,-0.705174973892581,0.));
#3688=DIRECTION('center_axis',(-0.577348120450371,0.00157516531129433,-0.816496580927725));
#3689=DIRECTION('ref_axis',(-0.816493542151531,0.00222762014618638,0.577350269189623));
#3690=DIRECTION('center_axis',(-0.705174973892576,0.709033325165754,0.));
#3691=DIRECTION('ref_axis',(-0.501362272311957,-0.498634005962504,0.707106781186531));
#3692=DIRECTION('center_axis',(0.705174973892576,-0.709033325165754,0.));
#3693=DIRECTION('ref_axis',(-0.501362272311942,-0.498634005962502,0.707106781186543));
#3694=DIRECTION('',(0.705174973892576,-0.709033325165754,0.));
#3695=DIRECTION('center_axis',(0.705174973892576,-0.709033325165754,0.));
#3696=DIRECTION('ref_axis',(-0.501362272311953,-0.498634005962506,0.707106781186533));
#3697=DIRECTION('',(-0.705174973892576,0.709033325165754,0.));
#3698=DIRECTION('center_axis',(-0.709033325165754,-0.705174973892576,0.));
#3699=DIRECTION('ref_axis',(0.705174973892576,-0.709033325165754,0.));
#3700=DIRECTION('',(-0.705174973892576,0.709033325165754,0.));
#3701=DIRECTION('',(0.,0.,-1.));
#3702=DIRECTION('center_axis',(0.,0.,1.));
#3703=DIRECTION('ref_axis',(-0.00272826634946565,-0.999996278274438,0.));
#3704=DIRECTION('center_axis',(0.,0.,-1.));
#3705=DIRECTION('ref_axis',(-0.00272826634946565,-0.999996278274438,0.));
#3706=DIRECTION('',(0.,0.,1.));
#3707=DIRECTION('center_axis',(0.,0.,-1.));
#3708=DIRECTION('ref_axis',(0.705174973892577,-0.709033325165753,0.));
#3709=DIRECTION('center_axis',(-0.999997518851164,0.00181884197655791,-0.00128612028211705));
#3710=DIRECTION('ref_axis',(-0.0022276201462148,-0.816493542151532,0.577350269189622));
#3711=DIRECTION('center_axis',(-0.70903332516576,-0.705174973892569,0.));
#3712=DIRECTION('ref_axis',(0.498634005962472,-0.501362272311938,0.707106781186567));
#3713=DIRECTION('center_axis',(0.70903332516576,0.705174973892569,0.));
#3714=DIRECTION('ref_axis',(0.498634005962484,-0.501362272311931,0.707106781186563));
#3715=DIRECTION('',(-0.70903332516576,-0.705174973892569,0.));
#3716=DIRECTION('',(0.70903332516576,0.705174973892569,0.));
#3717=DIRECTION('center_axis',(0.705174973892569,-0.70903332516576,0.));
#3718=DIRECTION('ref_axis',(0.70903332516576,0.705174973892569,0.));
#3719=DIRECTION('',(-0.70903332516576,-0.705174973892569,0.));
#3720=DIRECTION('center_axis',(0.,0.,1.));
#3721=DIRECTION('ref_axis',(-0.999996278274438,0.00272826634946565,0.));
#3722=DIRECTION('center_axis',(0.,0.,-1.));
#3723=DIRECTION('ref_axis',(-0.999996278274438,0.00272826634946565,0.));
#3724=DIRECTION('',(0.,0.,1.));
#3725=DIRECTION('center_axis',(0.,0.,-1.));
#3726=DIRECTION('ref_axis',(-0.709033325165755,-0.705174973892574,0.));
#3727=DIRECTION('center_axis',(-0.577348120450371,0.00157516531129433,-0.816496580927725));
#3728=DIRECTION('ref_axis',(-0.816493542151532,0.00222762014618638,0.577350269189622));
#3729=DIRECTION('center_axis',(-0.705174973892576,0.709033325165754,0.));
#3730=DIRECTION('ref_axis',(-0.501362272311963,-0.498634005962502,0.707106781186528));
#3731=DIRECTION('center_axis',(0.705174973892576,-0.709033325165754,0.));
#3732=DIRECTION('ref_axis',(-0.501362272311942,-0.498634005962502,0.707106781186543));
#3733=DIRECTION('',(0.705174973892576,-0.709033325165754,0.));
#3734=DIRECTION('center_axis',(0.705174973892576,-0.709033325165754,0.));
#3735=DIRECTION('ref_axis',(-0.50136227231195,-0.498634005962507,0.707106781186534));
#3736=DIRECTION('',(-0.705174973892576,0.709033325165754,0.));
#3737=DIRECTION('center_axis',(-0.709033325165754,-0.705174973892576,0.));
#3738=DIRECTION('ref_axis',(0.705174973892576,-0.709033325165754,0.));
#3739=DIRECTION('',(-0.705174973892576,0.709033325165754,0.));
#3740=DIRECTION('',(0.,0.,-1.));
#3741=DIRECTION('center_axis',(0.,0.,1.));
#3742=DIRECTION('ref_axis',(-0.00272826634946565,-0.999996278274438,0.));
#3743=DIRECTION('center_axis',(0.,0.,-1.));
#3744=DIRECTION('ref_axis',(-0.00272826634946565,-0.999996278274438,0.));
#3745=DIRECTION('',(0.,0.,1.));
#3746=DIRECTION('center_axis',(0.,0.,-1.));
#3747=DIRECTION('ref_axis',(0.705174973892574,-0.709033325165755,0.));
#3748=DIRECTION('center_axis',(-0.999997518851164,0.00181884197655791,-0.00128612028211706));
#3749=DIRECTION('ref_axis',(-0.0022276201462148,-0.816493542151532,0.577350269189622));
#3750=DIRECTION('center_axis',(-0.70903332516576,-0.705174973892569,0.));
#3751=DIRECTION('ref_axis',(0.49863400596248,-0.501362272311959,0.707106781186547));
#3752=DIRECTION('center_axis',(0.70903332516576,0.705174973892569,0.));
#3753=DIRECTION('ref_axis',(0.498634005962489,-0.50136227231193,0.707106781186561));
#3754=DIRECTION('',(-0.70903332516576,-0.705174973892569,0.));
#3755=DIRECTION('',(0.70903332516576,0.705174973892569,0.));
#3756=DIRECTION('center_axis',(0.705174973892569,-0.70903332516576,0.));
#3757=DIRECTION('ref_axis',(0.70903332516576,0.705174973892569,0.));
#3758=DIRECTION('',(-0.70903332516576,-0.705174973892569,0.));
#3759=DIRECTION('center_axis',(0.,0.,1.));
#3760=DIRECTION('ref_axis',(1.,0.,0.));
#3761=DIRECTION('center_axis',(0.,0.,1.));
#3762=DIRECTION('ref_axis',(1.,0.,0.));
#3763=DIRECTION('center_axis',(0.,0.,1.));
#3764=DIRECTION('ref_axis',(1.,0.,0.));
#3765=DIRECTION('center_axis',(0.,0.,1.));
#3766=DIRECTION('ref_axis',(1.,0.,0.));
#3767=DIRECTION('center_axis',(0.,0.,1.));
#3768=DIRECTION('ref_axis',(0.,-1.,0.));
#3769=DIRECTION('',(0.,-1.,0.));
#3770=DIRECTION('',(1.,0.,0.));
#3771=DIRECTION('',(0.,-1.,0.));
#3772=DIRECTION('',(1.,0.,0.));
#3773=DIRECTION('center_axis',(0.,0.,-1.));
#3774=DIRECTION('ref_axis',(0.,1.,0.));
#3775=DIRECTION('',(0.,1.,0.));
#3776=DIRECTION('',(1.,0.,0.));
#3777=DIRECTION('',(0.,1.,0.));
#3778=DIRECTION('',(1.,0.,0.));
#3779=DIRECTION('center_axis',(1.,0.,0.));
#3780=DIRECTION('ref_axis',(0.,0.,-1.));
#3781=DIRECTION('',(0.,2.22044604925031E-16,-1.));
#3782=DIRECTION('',(0.,0.,1.));
#3783=DIRECTION('center_axis',(1.,0.,0.));
#3784=DIRECTION('ref_axis',(0.,0.,-1.));
#3785=DIRECTION('',(0.,0.,-1.));
#3786=DIRECTION('',(0.,-1.,0.));
#3787=DIRECTION('',(0.,0.,1.));
#3788=DIRECTION('center_axis',(0.,-1.,0.));
#3789=DIRECTION('ref_axis',(0.,0.,-1.));
#3790=DIRECTION('',(0.,0.,-1.));
#3791=DIRECTION('',(-1.,0.,0.));
#3792=DIRECTION('',(0.,0.,-1.));
#3793=DIRECTION('',(1.,0.,0.));
#3794=DIRECTION('center_axis',(0.,1.,0.));
#3795=DIRECTION('ref_axis',(0.,0.,1.));
#3796=DIRECTION('',(0.,0.,1.));
#3797=DIRECTION('',(1.,0.,0.));
#3798=DIRECTION('',(0.,0.,1.));
#3799=DIRECTION('',(1.,0.,0.));
#3800=DIRECTION('center_axis',(1.,0.,0.));
#3801=DIRECTION('ref_axis',(0.,0.,-1.));
#3802=DIRECTION('',(0.,1.,0.));
#3803=DIRECTION('center_axis',(1.,0.,0.));
#3804=DIRECTION('ref_axis',(0.,0.,-1.));
#3805=DIRECTION('',(0.,1.,0.));
#3806=DIRECTION('',(0.,0.,-1.));
#3807=DIRECTION('',(0.,-1.,0.));
#3808=DIRECTION('center_axis',(1.,0.,0.));
#3809=DIRECTION('ref_axis',(0.,0.,-1.));
#3810=DIRECTION('',(0.,-1.,0.));
#3811=DIRECTION('',(0.,0.,1.));
#3812=DIRECTION('',(0.,1.,0.));
#3813=DIRECTION('',(0.,0.,1.));
#3814=DIRECTION('',(0.,1.78846008628606E-15,1.));
#3815=DIRECTION('',(0.,-1.,0.));
#3816=DIRECTION('',(0.,-1.78846008628606E-15,-1.));
#3817=DIRECTION('',(0.,-1.,0.));
#3818=DIRECTION('',(0.,0.,-1.));
#3819=DIRECTION('',(0.,1.,0.));
#3820=DIRECTION('center_axis',(0.,0.,1.));
#3821=DIRECTION('ref_axis',(1.,0.,0.));
#3822=DIRECTION('',(1.,1.36642833800019E-16,0.));
#3823=DIRECTION('center_axis',(0.,0.,1.));
#3824=DIRECTION('ref_axis',(-3.93608247200466E-15,-1.,0.));
#3825=DIRECTION('',(0.,1.,0.));
#3826=DIRECTION('',(-1.,0.,0.));
#3827=DIRECTION('',(0.,1.,0.));
#3828=DIRECTION('',(1.,0.,0.));
#3829=DIRECTION('',(0.,1.,0.));
#3830=DIRECTION('center_axis',(0.,0.,1.));
#3831=DIRECTION('ref_axis',(-2.29604810866939E-15,1.,0.));
#3832=DIRECTION('',(-1.,0.,0.));
#3833=DIRECTION('center_axis',(0.,-1.,0.));
#3834=DIRECTION('ref_axis',(0.,0.,-1.));
#3835=DIRECTION('',(0.,0.,-1.));
#3836=DIRECTION('',(-1.,0.,0.));
#3837=DIRECTION('',(0.,0.,-1.));
#3838=DIRECTION('',(1.,0.,0.));
#3839=DIRECTION('center_axis',(0.,0.,-1.));
#3840=DIRECTION('ref_axis',(0.,1.,0.));
#3841=DIRECTION('',(-1.,0.,0.));
#3842=DIRECTION('',(0.,1.,0.));
#3843=DIRECTION('',(0.,1.,0.));
#3844=DIRECTION('center_axis',(1.,0.,0.));
#3845=DIRECTION('ref_axis',(0.,0.,-1.));
#3846=DIRECTION('',(0.,-1.,0.));
#3847=DIRECTION('',(0.,0.,1.));
#3848=DIRECTION('',(0.,1.,0.));
#3849=DIRECTION('center_axis',(0.,0.,1.));
#3850=DIRECTION('ref_axis',(0.,1.,0.));
#3851=DIRECTION('',(-1.,0.,0.));
#3852=DIRECTION('',(0.,-1.,0.));
#3853=DIRECTION('',(-1.,0.,0.));
#3854=DIRECTION('',(0.,1.,0.));
#3855=DIRECTION('',(-1.,0.,0.));
#3856=DIRECTION('center_axis',(1.,0.,0.));
#3857=DIRECTION('ref_axis',(0.,1.,0.));
#3858=DIRECTION('',(0.,0.,1.));
#3859=DIRECTION('',(0.,-1.,0.));
#3860=DIRECTION('',(0.,0.17364817766693,0.984807753012208));
#3861=DIRECTION('center_axis',(1.,0.,0.));
#3862=DIRECTION('ref_axis',(0.,1.,0.));
#3863=DIRECTION('center_axis',(1.,0.,0.));
#3864=DIRECTION('ref_axis',(0.,1.,0.));
#3865=DIRECTION('',(0.,0.17364817766693,0.984807753012208));
#3866=DIRECTION('',(0.,-1.,0.));
#3867=DIRECTION('',(0.,0.,1.));
#3868=DIRECTION('center_axis',(0.,0.,-1.));
#3869=DIRECTION('ref_axis',(-1.,0.,0.));
#3870=DIRECTION('',(0.,1.,0.));
#3871=DIRECTION('',(-1.,0.,0.));
#3872=DIRECTION('',(0.,-1.,0.));
#3873=DIRECTION('',(1.,0.,0.));
#3874=DIRECTION('center_axis',(0.,-1.,0.));
#3875=DIRECTION('ref_axis',(0.,0.,-1.));
#3876=DIRECTION('',(1.,0.,0.));
#3877=DIRECTION('',(0.,0.,-1.));
#3878=DIRECTION('',(0.,0.,-1.));
#3879=DIRECTION('',(-1.,0.,0.));
#3880=DIRECTION('center_axis',(0.,0.,1.));
#3881=DIRECTION('ref_axis',(0.,-1.,0.));
#3882=DIRECTION('',(0.,1.,0.));
#3883=DIRECTION('',(1.,0.,0.));
#3884=DIRECTION('',(0.,-1.,0.));
#3885=DIRECTION('center_axis',(0.,1.,0.));
#3886=DIRECTION('ref_axis',(0.,0.,1.));
#3887=DIRECTION('',(1.,0.,0.));
#3888=DIRECTION('',(0.,0.,1.));
#3889=DIRECTION('center_axis',(1.,0.,0.));
#3890=DIRECTION('ref_axis',(0.,0.,-1.));
#3891=DIRECTION('center_axis',(-1.,0.,0.));
#3892=DIRECTION('ref_axis',(0.,1.,0.));
#3893=DIRECTION('center_axis',(-1.,0.,0.));
#3894=DIRECTION('ref_axis',(0.,1.,0.));
#3895=DIRECTION('',(-1.,0.,0.));
#3896=DIRECTION('center_axis',(1.,0.,0.));
#3897=DIRECTION('ref_axis',(0.,1.,0.));
#3898=DIRECTION('center_axis',(-1.,0.,0.));
#3899=DIRECTION('ref_axis',(0.,0.,1.));
#3900=DIRECTION('',(0.,0.17364817766693,0.984807753012208));
#3901=DIRECTION('center_axis',(1.,0.,0.));
#3902=DIRECTION('ref_axis',(0.,1.,0.));
#3903=DIRECTION('',(0.,0.,-1.));
#3904=DIRECTION('',(0.,-1.,0.));
#3905=DIRECTION('',(0.,0.17364817766693,-0.984807753012208));
#3906=DIRECTION('',(0.,-1.,0.));
#3907=DIRECTION('center_axis',(0.939692620785906,0.,-0.342020143325677));
#3908=DIRECTION('ref_axis',(0.,-1.,0.));
#3909=DIRECTION('',(-0.342020143325677,-1.90323947078598E-15,-0.939692620785906));
#3910=DIRECTION('',(0.,-1.,0.));
#3911=DIRECTION('',(-0.33036608954936,0.258819045102521,-0.907673371190366));
#3912=DIRECTION('',(0.,-1.,0.));
#3913=DIRECTION('',(0.33036608954936,0.258819045102521,0.907673371190366));
#3914=DIRECTION('',(0.,-1.,0.));
#3915=DIRECTION('',(-0.342020143325677,-1.90323947078598E-15,-0.939692620785906));
#3916=DIRECTION('center_axis',(-0.0885213269013769,0.965925826289068,-0.243210346801694));
#3917=DIRECTION('ref_axis',(0.939692620785909,0.,-0.342020143325669));
#3918=DIRECTION('',(-0.939692620785909,0.,0.342020143325669));
#3919=DIRECTION('',(0.995826954258741,0.0912615865069123,0.));
#3920=DIRECTION('center_axis',(0.34202014332568,0.,0.939692620785904));
#3921=DIRECTION('ref_axis',(0.,1.,0.));
#3922=DIRECTION('',(0.939692620785904,0.,-0.34202014332568));
#3923=DIRECTION('',(0.939692620785904,0.,-0.34202014332568));
#3924=DIRECTION('',(4.03630762156004E-15,1.,1.10896640482088E-14));
#3925=DIRECTION('',(-0.939692620785909,0.,0.342020143325669));
#3926=DIRECTION('center_axis',(0.,0.,1.));
#3927=DIRECTION('ref_axis',(1.,0.,0.));
#3928=DIRECTION('',(1.,0.,0.));
#3929=DIRECTION('',(-0.995826954258741,0.0912615865069151,0.));
#3930=DIRECTION('center_axis',(-0.342020143325679,0.,-0.939692620785905));
#3931=DIRECTION('ref_axis',(-0.939692620785905,0.,0.342020143325679));
#3932=DIRECTION('',(-0.939692620785904,0.,0.34202014332568));
#3933=DIRECTION('',(-8.14926418019379E-16,1.,-1.64879648392314E-15));
#3934=DIRECTION('',(0.939692620785904,0.,-0.34202014332568));
#3935=DIRECTION('center_axis',(-0.342020143325679,0.,-0.939692620785905));
#3936=DIRECTION('ref_axis',(-0.939692620785905,0.,0.342020143325679));
#3937=DIRECTION('',(0.,-1.,0.));
#3938=DIRECTION('',(0.939692620785904,0.,-0.34202014332568));
#3939=DIRECTION('',(-1.46274077934514E-17,-1.,1.07360389407853E-16));
#3940=DIRECTION('',(-0.939692620785904,0.,0.34202014332568));
#3941=DIRECTION('',(0.,-1.,0.));
#3942=DIRECTION('',(0.939692620785904,0.,-0.34202014332568));
#3943=DIRECTION('',(6.63549745661109E-17,1.,-1.42298702167261E-16));
#3944=DIRECTION('',(-0.939692620785904,0.,0.34202014332568));
#3945=DIRECTION('center_axis',(0.,1.,0.));
#3946=DIRECTION('ref_axis',(0.939692620785904,0.,-0.34202014332568));
#3947=DIRECTION('',(0.,0.,-1.));
#3948=DIRECTION('',(0.939692620785904,0.,-0.34202014332568));
#3949=DIRECTION('',(-0.342020143325679,0.,-0.939692620785905));
#3950=DIRECTION('center_axis',(0.,-1.,0.));
#3951=DIRECTION('ref_axis',(-0.939692620785904,0.,0.34202014332568));
#3952=DIRECTION('',(0.,0.,1.));
#3953=DIRECTION('',(-0.342020143325679,0.,-0.939692620785905));
#3954=DIRECTION('',(-0.939692620785909,0.,0.342020143325669));
#3955=DIRECTION('center_axis',(-0.939692620785905,1.11022302462516E-16,
0.342020143325679));
#3956=DIRECTION('ref_axis',(6.63549745661109E-17,1.,-1.42298702167261E-16));
#3957=DIRECTION('',(4.03630762156004E-15,1.,1.10896640482088E-14));
#3958=DIRECTION('center_axis',(0.,0.,1.));
#3959=DIRECTION('ref_axis',(1.,0.,0.));
#3960=DIRECTION('',(-1.,0.,0.));
#3961=DIRECTION('center_axis',(-0.939692620785906,1.11022302462515E-16,
0.342020143325674));
#3962=DIRECTION('ref_axis',(-6.63549745661109E-17,-1.,1.42298702167261E-16));
#3963=DIRECTION('',(0.342020143325674,0.,0.939692620785906));
#3964=DIRECTION('',(-6.63549745661109E-17,-1.,1.42298702167261E-16));
#3965=DIRECTION('',(0.342020143325674,0.,0.939692620785906));
#3966=DIRECTION('center_axis',(0.,-1.,0.));
#3967=DIRECTION('ref_axis',(0.939692620785904,0.,-0.34202014332568));
#3968=DIRECTION('',(-0.939692620785909,0.,0.342020143325669));
#3969=DIRECTION('',(0.939692620785904,0.,-0.34202014332568));
#3970=DIRECTION('',(-0.342020143325679,0.,-0.939692620785905));
#3971=DIRECTION('center_axis',(0.939692620785906,2.22044604925043E-16,-0.342020143325674));
#3972=DIRECTION('ref_axis',(-8.6366832729332E-16,1.,-1.72369423422419E-15));
#3973=DIRECTION('',(-8.6366832729332E-16,1.,-1.72369423422419E-15));
#3974=DIRECTION('',(-0.342020143325677,-1.90323947078598E-15,-0.939692620785906));
#3975=DIRECTION('center_axis',(0.,1.,0.));
#3976=DIRECTION('ref_axis',(-0.939692620785904,0.,0.34202014332568));
#3977=DIRECTION('',(0.939692620785904,0.,-0.34202014332568));
#3978=DIRECTION('',(-0.939692620785904,0.,0.34202014332568));
#3979=DIRECTION('center_axis',(0.,1.,0.));
#3980=DIRECTION('ref_axis',(-0.939692620785904,0.,0.34202014332568));
#3981=DIRECTION('',(-0.342020143325679,0.,-0.939692620785905));
#3982=DIRECTION('',(-0.939692620785904,0.,0.34202014332568));
#3983=DIRECTION('',(0.342020143325674,0.,0.939692620785906));
#3984=DIRECTION('',(0.,0.,-1.));
#3985=DIRECTION('center_axis',(0.939692620785906,-5.04646829375065E-17,
-0.342020143325674));
#3986=DIRECTION('ref_axis',(1.46274077934514E-17,1.,-1.07360389407853E-16));
#3987=DIRECTION('',(1.46274077934514E-17,1.,-1.07360389407853E-16));
#3988=DIRECTION('',(0.342020143325674,0.,0.939692620785906));
#3989=DIRECTION('center_axis',(0.,-1.,0.));
#3990=DIRECTION('ref_axis',(0.939692620785904,0.,-0.34202014332568));
#3991=DIRECTION('',(0.,0.,1.));
#3992=DIRECTION('',(0.939692620785904,0.,-0.34202014332568));
#3993=DIRECTION('',(0.342020143325674,0.,0.939692620785906));
#3994=DIRECTION('center_axis',(-0.939692620785906,-2.0185873175004E-16,
0.342020143325674));
#3995=DIRECTION('ref_axis',(8.14926418019379E-16,-1.,1.64879648392314E-15));
#3996=DIRECTION('',(8.14926418019379E-16,-1.,1.64879648392315E-15));
#3997=DIRECTION('center_axis',(0.342020143325674,0.,0.939692620785906));
#3998=DIRECTION('ref_axis',(0.939692620785906,0.,-0.342020143325674));
#3999=DIRECTION('center_axis',(-0.0885213269013769,0.965925826289068,-0.243210346801694));
#4000=DIRECTION('ref_axis',(0.939692620785909,0.,-0.342020143325669));
#4001=DIRECTION('',(0.,-0.24416888505968,-0.969732723779451));
#4002=DIRECTION('',(-0.55527954642373,-0.250562807085731,-0.793021377409698));
#4003=DIRECTION('',(-0.939692620785909,0.,0.342020143325669));
#4004=DIRECTION('center_axis',(-0.0885213269013797,-0.965925826289068,-0.243210346801693));
#4005=DIRECTION('ref_axis',(-0.939692620785904,0.,0.34202014332568));
#4006=DIRECTION('center_axis',(-0.0885213269013797,-0.965925826289068,-0.243210346801693));
#4007=DIRECTION('ref_axis',(-0.939692620785904,0.,0.34202014332568));
#4008=DIRECTION('',(0.,-0.244168885059679,0.969732723779451));
#4009=DIRECTION('',(0.939692620785904,0.,-0.34202014332568));
#4010=DIRECTION('',(-0.555279546423732,0.250562807085731,-0.793021377409697));
#4011=DIRECTION('center_axis',(0.819152044288985,3.05442034552191E-15,-0.573576436351055));
#4012=DIRECTION('ref_axis',(-4.03630762156004E-15,-1.,-1.10896640482088E-14));
#4013=DIRECTION('',(4.03630762156004E-15,1.,1.10896640482088E-14));
#4014=DIRECTION('center_axis',(0.34202014332568,0.,0.939692620785904));
#4015=DIRECTION('ref_axis',(0.,1.,0.));
#4016=DIRECTION('',(0.,-1.,0.));
#4017=DIRECTION('center_axis',(1.,0.,0.));
#4018=DIRECTION('ref_axis',(0.,1.,0.));
#4019=DIRECTION('',(0.,0.,1.));
#4020=DIRECTION('',(0.,-0.17364817766693,0.984807753012208));
#4021=DIRECTION('',(0.,1.,0.));
#4022=DIRECTION('',(0.,-0.17364817766693,-0.984807753012208));
#4023=DIRECTION('',(0.,0.,1.));
#4024=DIRECTION('',(0.,-1.,0.));
#4025=DIRECTION('',(0.,0.,-1.));
#4026=DIRECTION('',(0.,1.,0.));
#4027=DIRECTION('',(0.,-1.,0.));
#4028=DIRECTION('',(0.,1.,0.));
#4029=DIRECTION('',(0.,0.,1.));
#4030=DIRECTION('',(0.,-1.,0.));
#4031=DIRECTION('',(0.,1.,0.));
#4032=DIRECTION('center_axis',(0.,0.,-1.));
#4033=DIRECTION('ref_axis',(0.,-1.,0.));
#4034=DIRECTION('',(-1.,0.,0.));
#4035=DIRECTION('',(0.,-1.,0.));
#4036=DIRECTION('',(-1.,0.,0.));
#4037=DIRECTION('',(-1.,0.,0.));
#4038=DIRECTION('center_axis',(1.,0.,0.));
#4039=DIRECTION('ref_axis',(0.,1.,0.));
#4040=DIRECTION('',(0.,1.,0.));
#4041=DIRECTION('',(0.,0.,1.));
#4042=DIRECTION('center_axis',(0.,0.,1.));
#4043=DIRECTION('ref_axis',(0.,1.,0.));
#4044=DIRECTION('',(-1.,0.,0.));
#4045=DIRECTION('',(0.,1.,0.));
#4046=DIRECTION('',(-1.,0.,0.));
#4047=DIRECTION('',(-1.,0.,0.));
#4048=DIRECTION('center_axis',(1.,0.,0.));
#4049=DIRECTION('ref_axis',(0.,1.,0.));
#4050=DIRECTION('',(0.,-1.,0.));
#4051=DIRECTION('',(0.,0.,-1.));
#4052=DIRECTION('',(-1.,0.,0.));
#4053=DIRECTION('',(-1.,0.,0.));
#4054=DIRECTION('center_axis',(0.,0.,-1.));
#4055=DIRECTION('ref_axis',(0.,-1.,0.));
#4056=DIRECTION('',(1.,0.,0.));
#4057=DIRECTION('',(0.,-1.,0.));
#4058=DIRECTION('center_axis',(1.,0.,0.));
#4059=DIRECTION('ref_axis',(0.,1.,0.));
#4060=DIRECTION('',(0.,0.,-1.));
#4061=DIRECTION('',(0.,1.,0.));
#4062=DIRECTION('',(-1.,0.,0.));
#4063=DIRECTION('',(-1.,0.,0.));
#4064=DIRECTION('center_axis',(0.,0.,1.));
#4065=DIRECTION('ref_axis',(0.,1.,0.));
#4066=DIRECTION('',(1.,0.,0.));
#4067=DIRECTION('',(0.,1.,0.));
#4068=DIRECTION('center_axis',(1.,0.,0.));
#4069=DIRECTION('ref_axis',(0.,1.,0.));
#4070=DIRECTION('',(0.,0.,1.));
#4071=DIRECTION('',(0.,-1.,0.));
#4072=DIRECTION('center_axis',(0.,-1.,0.));
#4073=DIRECTION('ref_axis',(0.,0.,1.));
#4074=DIRECTION('',(-1.,0.,0.));
#4075=DIRECTION('',(0.,0.,1.));
#4076=DIRECTION('',(-1.,0.,0.));
#4077=DIRECTION('center_axis',(0.,1.,0.));
#4078=DIRECTION('ref_axis',(0.,0.,-1.));
#4079=DIRECTION('',(-1.,0.,0.));
#4080=DIRECTION('',(0.,0.,-1.));
#4081=DIRECTION('',(1.,0.,0.));
#4082=DIRECTION('',(0.,0.,1.));
#4083=DIRECTION('',(-1.,0.,0.));
#4084=DIRECTION('center_axis',(0.,0.984807753012208,0.173648177666931));
#4085=DIRECTION('ref_axis',(1.,0.,0.));
#4086=DIRECTION('center_axis',(6.72834610599088E-17,0.984807753012208,0.17364817766693));
#4087=DIRECTION('ref_axis',(1.,0.,0.));
#4088=DIRECTION('',(-0.422618261740699,0.89253893528903,0.157378695624263));
#4089=DIRECTION('center_axis',(-6.72834610599088E-17,-0.984807753012208,
-0.17364817766693));
#4090=DIRECTION('ref_axis',(1.,0.,0.));
#4091=DIRECTION('center_axis',(1.,0.,0.));
#4092=DIRECTION('ref_axis',(0.,0.,-1.));
#4093=DIRECTION('',(0.,0.,-1.));
#4094=DIRECTION('',(0.,-1.,0.));
#4095=DIRECTION('',(0.,1.,0.));
#4096=DIRECTION('center_axis',(0.,-1.,0.));
#4097=DIRECTION('ref_axis',(0.,0.,1.));
#4098=DIRECTION('',(0.,0.,1.));
#4099=DIRECTION('',(-1.,0.,0.));
#4100=DIRECTION('',(1.,0.,0.));
#4101=DIRECTION('center_axis',(0.,0.,1.));
#4102=DIRECTION('ref_axis',(0.,1.,0.));
#4103=DIRECTION('',(0.,1.,0.));
#4104=DIRECTION('center_axis',(0.,0.,-1.));
#4105=DIRECTION('ref_axis',(0.,-1.,0.));
#4106=DIRECTION('',(0.,-1.,0.));
#4107=DIRECTION('center_axis',(-1.,0.,0.));
#4108=DIRECTION('ref_axis',(0.,0.,1.));
#4109=DIRECTION('center_axis',(0.,1.,0.));
#4110=DIRECTION('ref_axis',(-1.,0.,0.));
#4111=DIRECTION('',(0.,0.,1.));
#4112=DIRECTION('',(1.,-6.83214169000096E-17,0.));
#4113=DIRECTION('center_axis',(0.,0.,-1.));
#4114=DIRECTION('ref_axis',(-2.29604810866939E-15,1.,0.));
#4115=DIRECTION('center_axis',(0.,0.,-1.));
#4116=DIRECTION('ref_axis',(-3.93608247200466E-15,-1.,0.));
#4117=DIRECTION('',(0.,0.,1.));
#4118=DIRECTION('center_axis',(1.36642833800019E-16,-1.,0.));
#4119=DIRECTION('ref_axis',(1.,1.36642833800019E-16,0.));
#4120=DIRECTION('',(-1.,6.83214169000096E-17,0.));
#4121=DIRECTION('center_axis',(1.,0.,0.));
#4122=DIRECTION('ref_axis',(0.,0.,-1.));
#4123=DIRECTION('center_axis',(1.,-6.83214169000096E-17,0.));
#4124=DIRECTION('ref_axis',(0.,0.707106781186547,0.707106781186548));
#4125=DIRECTION('center_axis',(0.,-1.,0.));
#4126=DIRECTION('ref_axis',(0.,0.,-1.));
#4127=DIRECTION('center_axis',(-1.,0.,0.));
#4128=DIRECTION('ref_axis',(0.,1.,0.));
#4129=DIRECTION('center_axis',(0.,0.,-1.));
#4130=DIRECTION('ref_axis',(1.,0.,0.));
#4131=DIRECTION('center_axis',(-1.,0.,0.));
#4132=DIRECTION('ref_axis',(0.,0.,1.));
#4133=DIRECTION('center_axis',(-1.,0.,0.));
#4134=DIRECTION('ref_axis',(0.,0.,1.));
#4135=DIRECTION('center_axis',(0.,1.,0.));
#4136=DIRECTION('ref_axis',(1.,0.,0.));
#4137=DIRECTION('center_axis',(1.,-6.83214169000096E-17,0.));
#4138=DIRECTION('ref_axis',(0.,-0.707106781186547,0.707106781186548));
#4139=DIRECTION('center_axis',(0.,0.,-1.));
#4140=DIRECTION('ref_axis',(0.,1.,0.));
#4141=DIRECTION('center_axis',(6.83214169000096E-17,1.,0.));
#4142=DIRECTION('ref_axis',(0.707106781186544,0.,-0.707106781186551));
#4143=DIRECTION('',(-6.83214169000096E-17,-1.,0.));
#4144=DIRECTION('',(6.83214169000096E-17,1.,0.));
#4145=DIRECTION('center_axis',(1.,0.,0.));
#4146=DIRECTION('ref_axis',(0.,0.,-1.));
#4147=DIRECTION('center_axis',(1.,0.,0.));
#4148=DIRECTION('ref_axis',(0.,0.,1.));
#4149=DIRECTION('center_axis',(0.,-1.,0.));
#4150=DIRECTION('ref_axis',(-1.,0.,0.));
#4151=DIRECTION('center_axis',(-1.,6.83214169000096E-17,0.));
#4152=DIRECTION('ref_axis',(0.,0.707106781186547,0.707106781186548));
#4153=DIRECTION('center_axis',(0.,0.,-1.));
#4154=DIRECTION('ref_axis',(0.,-1.,0.));
#4155=DIRECTION('center_axis',(1.,0.,0.));
#4156=DIRECTION('ref_axis',(0.,0.,-1.));
#4157=DIRECTION('center_axis',(1.,-6.83214169000096E-17,0.));
#4158=DIRECTION('ref_axis',(0.,0.707106781186547,-0.707106781186548));
#4159=DIRECTION('center_axis',(0.,0.,1.));
#4160=DIRECTION('ref_axis',(0.,-1.,0.));
#4161=DIRECTION('center_axis',(-1.,0.,0.));
#4162=DIRECTION('ref_axis',(0.,0.,-1.));
#4163=DIRECTION('center_axis',(0.,-1.,0.));
#4164=DIRECTION('ref_axis',(1.,0.,0.));
#4165=DIRECTION('center_axis',(0.,0.,-1.));
#4166=DIRECTION('ref_axis',(0.707106781186547,-0.707106781186548,0.));
#4167=DIRECTION('',(0.,0.,1.));
#4168=DIRECTION('',(0.,0.,-1.));
#4169=DIRECTION('center_axis',(-1.,0.,0.));
#4170=DIRECTION('ref_axis',(0.,0.,1.));
#4171=DIRECTION('center_axis',(-1.,6.83214169000096E-17,0.));
#4172=DIRECTION('ref_axis',(0.,-0.707106781186547,0.707106781186548));
#4173=DIRECTION('center_axis',(0.,1.,0.));
#4174=DIRECTION('ref_axis',(0.,0.,-1.));
#4175=DIRECTION('center_axis',(1.,0.,0.));
#4176=DIRECTION('ref_axis',(0.,-1.,0.));
#4177=DIRECTION('center_axis',(0.,0.,-1.));
#4178=DIRECTION('ref_axis',(-1.,0.,0.));
#4179=DIRECTION('center_axis',(-6.83214169000096E-17,-1.,0.));
#4180=DIRECTION('ref_axis',(-0.707106781186544,0.,-0.707106781186551));
#4181=DIRECTION('',(6.83214169000096E-17,1.,0.));
#4182=DIRECTION('',(-6.83214169000096E-17,-1.,0.));
#4183=DIRECTION('center_axis',(1.,0.,0.));
#4184=DIRECTION('ref_axis',(0.,-0.707106781186546,0.707106781186549));
#4185=DIRECTION('',(-1.,0.,0.));
#4186=DIRECTION('',(1.,0.,0.));
#4187=DIRECTION('center_axis',(1.,0.,0.));
#4188=DIRECTION('ref_axis',(0.,0.,-1.));
#4189=DIRECTION('center_axis',(1.,-6.83214169000096E-17,0.));
#4190=DIRECTION('ref_axis',(-6.28036983473511E-15,-0.707106781186548,-0.707106781186548));
#4191=DIRECTION('center_axis',(0.,1.,0.));
#4192=DIRECTION('ref_axis',(0.,0.,1.));
#4193=DIRECTION('center_axis',(-1.,0.,0.));
#4194=DIRECTION('ref_axis',(0.,-1.,0.));
#4195=DIRECTION('center_axis',(0.,0.,1.));
#4196=DIRECTION('ref_axis',(1.,0.,0.));
#4197=DIRECTION('center_axis',(-6.83214169000096E-17,-1.,0.));
#4198=DIRECTION('ref_axis',(0.707106781186546,0.,0.707106781186549));
#4199=DIRECTION('',(6.83214169000096E-17,1.,0.));
#4200=DIRECTION('',(-6.83214169000096E-17,-1.,0.));
#4201=DIRECTION('center_axis',(1.,0.,0.));
#4202=DIRECTION('ref_axis',(0.,0.,-1.));
#4203=DIRECTION('center_axis',(1.,0.,0.));
#4204=DIRECTION('ref_axis',(0.,1.,0.));
#4205=DIRECTION('center_axis',(0.,0.,1.));
#4206=DIRECTION('ref_axis',(-1.,0.,0.));
#4207=DIRECTION('center_axis',(-1.,6.83214169000096E-17,0.));
#4208=DIRECTION('ref_axis',(0.,0.707106781186547,-0.707106781186548));
#4209=DIRECTION('center_axis',(0.,-1.,0.));
#4210=DIRECTION('ref_axis',(0.,0.,1.));
#4211=DIRECTION('center_axis',(0.,0.,1.));
#4212=DIRECTION('ref_axis',(-0.707106781186547,-0.707106781186548,0.));
#4213=DIRECTION('',(0.,0.,-1.));
#4214=DIRECTION('',(0.,0.,1.));
#4215=DIRECTION('center_axis',(1.,0.,0.));
#4216=DIRECTION('ref_axis',(0.,0.,-1.));
#4217=DIRECTION('center_axis',(1.,0.,0.));
#4218=DIRECTION('ref_axis',(0.,0.,-1.));
#4219=DIRECTION('center_axis',(0.,1.,0.));
#4220=DIRECTION('ref_axis',(-1.,0.,0.));
#4221=DIRECTION('center_axis',(-1.,6.83214169000096E-17,0.));
#4222=DIRECTION('ref_axis',(6.28036983473511E-15,-0.707106781186547,-0.707106781186547));
#4223=DIRECTION('center_axis',(0.,0.,1.));
#4224=DIRECTION('ref_axis',(0.,1.,0.));
#4225=DIRECTION('center_axis',(6.83214169000096E-17,1.,0.));
#4226=DIRECTION('ref_axis',(-0.707106781186546,0.,0.707106781186549));
#4227=DIRECTION('',(-6.83214169000096E-17,-1.,0.));
#4228=DIRECTION('',(6.83214169000096E-17,1.,0.));
#4229=DIRECTION('center_axis',(0.,0.,-1.));
#4230=DIRECTION('ref_axis',(-0.707106781186553,0.707106781186542,0.));
#4231=DIRECTION('',(0.,0.,1.));
#4232=DIRECTION('',(0.,0.,-1.));
#4233=DIRECTION('center_axis',(1.,0.,0.));
#4234=DIRECTION('ref_axis',(0.,-0.707106781186548,-0.707106781186548));
#4235=DIRECTION('',(-1.,0.,0.));
#4236=DIRECTION('',(1.,0.,0.));
#4237=DIRECTION('center_axis',(1.,0.,0.));
#4238=DIRECTION('ref_axis',(0.,0.707106781186547,-0.707106781186548));
#4239=DIRECTION('',(-1.,0.,0.));
#4240=DIRECTION('',(1.,0.,0.));
#4241=DIRECTION('center_axis',(0.,0.,1.));
#4242=DIRECTION('ref_axis',(0.707106781186547,0.707106781186548,0.));
#4243=DIRECTION('',(0.,0.,-1.));
#4244=DIRECTION('',(0.,0.,1.));
#4245=DIRECTION('center_axis',(1.,0.,0.));
#4246=DIRECTION('ref_axis',(0.,0.707106781186545,0.70710678118655));
#4247=DIRECTION('',(-1.,0.,0.));
#4248=DIRECTION('',(1.,0.,0.));
#4249=DIRECTION('center_axis',(0.,0.,1.));
#4250=DIRECTION('ref_axis',(0.,-1.,0.));
#4251=DIRECTION('center_axis',(0.,-1.,0.));
#4252=DIRECTION('ref_axis',(0.,0.,-1.));
#4253=DIRECTION('center_axis',(0.,1.,0.));
#4254=DIRECTION('ref_axis',(0.,0.,1.));
#4255=DIRECTION('center_axis',(-1.,6.83214169000096E-17,0.));
#4256=DIRECTION('ref_axis',(-6.83214169000096E-17,-1.,0.));
#4257=DIRECTION('',(1.18638895403093E-17,0.17364817766693,0.984807753012208));
#4258=DIRECTION('',(-6.83214169000096E-17,-1.,0.));
#4259=DIRECTION('',(1.18638895403093E-17,0.17364817766693,-0.984807753012208));
#4260=DIRECTION('',(-6.83214169000096E-17,-1.,0.));
#4261=DIRECTION('center_axis',(0.,0.,-1.));
#4262=DIRECTION('ref_axis',(0.,1.,0.));
#4263=DIRECTION('center_axis',(6.72834610599088E-17,0.984807753012208,-0.17364817766693));
#4264=DIRECTION('ref_axis',(-1.,6.83214169000096E-17,0.));
#4265=DIRECTION('',(-1.,6.83214169000096E-17,0.));
#4266=DIRECTION('',(1.,-6.83214169000096E-17,0.));
#4267=DIRECTION('',(-1.18638895403093E-17,-0.17364817766693,-0.984807753012208));
#4268=DIRECTION('center_axis',(-6.72834610599088E-17,-0.984807753012208,
-0.17364817766693));
#4269=DIRECTION('ref_axis',(1.,-6.83214169000096E-17,0.));
#4270=DIRECTION('',(-1.,6.83214169000096E-17,0.));
#4271=DIRECTION('',(1.,-6.83214169000096E-17,0.));
#4272=DIRECTION('',(-1.18638895403093E-17,-0.17364817766693,0.984807753012208));
#4273=DIRECTION('center_axis',(0.,0.,1.));
#4274=DIRECTION('ref_axis',(-1.,0.,0.));
#4275=DIRECTION('',(6.83214169000096E-17,1.,0.));
#4276=DIRECTION('',(6.83214169000096E-17,1.,0.));
#4277=DIRECTION('center_axis',(-1.,6.83214169000096E-17,0.));
#4278=DIRECTION('ref_axis',(-6.83214169000096E-17,-1.,0.));
#4279=DIRECTION('',(6.83214169000096E-17,1.,0.));
#4280=DIRECTION('center_axis',(-1.18638895403093E-17,-0.17364817766693,
-0.984807753012208));
#4281=DIRECTION('ref_axis',(-0.707106781186548,0.696364240320018,-0.122787803968972));
#4282=DIRECTION('center_axis',(0.,0.,1.));
#4283=DIRECTION('ref_axis',(2.18671248444703E-15,1.,0.));
#4284=DIRECTION('center_axis',(0.,0.,-1.));
#4285=DIRECTION('ref_axis',(2.18671248444703E-15,1.,0.));
#4286=DIRECTION('',(-1.18638895403093E-17,-0.17364817766693,-0.984807753012208));
#4287=DIRECTION('center_axis',(0.,0.,1.));
#4288=DIRECTION('ref_axis',(-1.,0.,0.));
#4289=DIRECTION('',(-1.,6.83214169000096E-17,0.));
#4290=DIRECTION('center_axis',(0.,0.,1.));
#4291=DIRECTION('ref_axis',(-2.29604810866939E-15,1.,0.));
#4292=DIRECTION('center_axis',(0.,0.,1.));
#4293=DIRECTION('ref_axis',(-3.93608247200466E-15,-1.,0.));
#4294=DIRECTION('',(1.,-6.83214169000096E-17,0.));
#4295=DIRECTION('center_axis',(0.,0.,1.));
#4296=DIRECTION('ref_axis',(2.29604810866939E-15,-1.,0.));
#4297=DIRECTION('center_axis',(1.18638895403093E-17,0.17364817766693,-0.984807753012208));
#4298=DIRECTION('ref_axis',(-0.707106781186548,-0.696364240320018,-0.122787803968973));
#4299=DIRECTION('',(-1.18638895403093E-17,-0.17364817766693,0.984807753012208));
#4300=DIRECTION('center_axis',(0.,0.,-1.));
#4301=DIRECTION('ref_axis',(2.29604810866939E-15,-1.,0.));
#4302=DIRECTION('center_axis',(-6.72834610599088E-17,-0.984807753012208,
-0.17364817766693));
#4303=DIRECTION('ref_axis',(1.,-6.83214169000096E-17,0.));
#4304=DIRECTION('',(0.,0.17364817766693,-0.984807753012208));
#4305=DIRECTION('',(-1.,6.83214169000096E-17,0.));
#4306=DIRECTION('center_axis',(0.,0.17364817766693,-0.984807753012208));
#4307=DIRECTION('ref_axis',(0.707106781186547,-0.696364240320019,-0.122787803968973));
#4308=DIRECTION('center_axis',(0.,0.17364817766693,0.984807753012208));
#4309=DIRECTION('ref_axis',(0.707106781186548,0.696364240320018,-0.122787803968973));
#4310=DIRECTION('',(0.,0.17364817766693,0.984807753012208));
#4311=DIRECTION('center_axis',(6.72834610599088E-17,0.984807753012208,-0.17364817766693));
#4312=DIRECTION('ref_axis',(-1.,6.83214169000096E-17,0.));
#4313=DIRECTION('',(1.,-6.83214169000096E-17,0.));
#4314=DIRECTION('center_axis',(0.,0.,1.));
#4315=DIRECTION('ref_axis',(-1.,0.,0.));
#4316=CARTESIAN_POINT('',(0.,0.,0.));
#4317=CARTESIAN_POINT('Origin',(16.1994911962336,-81.7999826221661,110.));
#4318=CARTESIAN_POINT('',(16.5540078588165,-81.4473951352198,110.));
#4319=CARTESIAN_POINT('',(15.8469037092873,-81.4454659595832,110.));
#4320=CARTESIAN_POINT('Origin',(16.1994911962336,-81.7999826221661,110.));
#4321=CARTESIAN_POINT('',(15.8469037092873,-81.4454659595832,119.5));
#4322=CARTESIAN_POINT('',(15.8469037092873,-81.4454659595832,110.));
#4323=CARTESIAN_POINT('',(16.5540078588165,-81.4473951352198,119.5));
#4324=CARTESIAN_POINT('Origin',(16.1994911962336,-81.7999826221661,119.5));
#4325=CARTESIAN_POINT('',(16.5540078588165,-81.4473951352198,110.));
#4326=CARTESIAN_POINT('Origin',(16.1994911962336,-81.7999826221661,119.5));
#4327=CARTESIAN_POINT('',(16.1994911962336,-81.7999826221661,120.));
#4328=CARTESIAN_POINT('Origin',(16.1994911962336,-81.7999826221661,119.5));
#4329=CARTESIAN_POINT('Origin',(16.1994911962336,-81.7999826221661,119.5));
#4330=CARTESIAN_POINT('Origin',(15.8449745336507,-82.1525701091124,119.5));
#4331=CARTESIAN_POINT('',(13.71980373379,-83.5609908812609,119.5));
#4332=CARTESIAN_POINT('',(15.4923870467044,-81.7980534465295,119.5));
#4333=CARTESIAN_POINT('',(14.0723912207363,-83.9155075438438,120.));
#4334=CARTESIAN_POINT('Origin',(14.0723912207363,-83.9155075438438,119.5));
#4335=CARTESIAN_POINT('',(15.8449745336507,-82.1525701091124,120.));
#4336=CARTESIAN_POINT('Origin',(16.2014203718702,-81.0928784726369,110.));
#4337=CARTESIAN_POINT('',(13.71980373379,-83.5609908812609,110.));
#4338=CARTESIAN_POINT('',(32.4018822794312,-64.9805747243733,110.));
#4339=CARTESIAN_POINT('',(13.71980373379,-83.5609908812609,110.));
#4340=CARTESIAN_POINT('Origin',(18.3150161179113,-83.9270825976634,110.));
#4341=CARTESIAN_POINT('',(18.6676036048576,-84.2815992602463,110.));
#4342=CARTESIAN_POINT('',(18.6695327804942,-83.5744951107171,110.));
#4343=CARTESIAN_POINT('Origin',(18.3150161179113,-83.9270825976634,110.));
#4344=CARTESIAN_POINT('',(18.6695327804942,-83.5744951107171,119.5));
#4345=CARTESIAN_POINT('',(18.6695327804942,-83.5744951107171,110.));
#4346=CARTESIAN_POINT('',(18.6676036048576,-84.2815992602463,119.5));
#4347=CARTESIAN_POINT('Origin',(18.3150161179113,-83.9270825976634,119.5));
#4348=CARTESIAN_POINT('',(18.6676036048576,-84.2815992602463,110.));
#4349=CARTESIAN_POINT('Origin',(18.3150161179113,-83.9270825976634,119.5));
#4350=CARTESIAN_POINT('',(18.3150161179113,-83.9270825976634,120.));
#4351=CARTESIAN_POINT('Origin',(18.3150161179113,-83.9270825976634,119.5));
#4352=CARTESIAN_POINT('Origin',(18.3150161179113,-83.9270825976634,119.5));
#4353=CARTESIAN_POINT('Origin',(17.9624286309651,-83.5725659350805,119.5));
#4354=CARTESIAN_POINT('',(17.9624286309651,-83.5725659350805,120.));
#4355=CARTESIAN_POINT('',(18.3169452935479,-83.2199784481342,119.5));
#4356=CARTESIAN_POINT('Origin',(19.0221202674405,-83.9290117733,110.));
#4357=CARTESIAN_POINT('',(-6.6894017738407,-58.0768096349135,110.));
#4358=CARTESIAN_POINT('Origin',(16.1879161424141,-86.0426075193411,110.));
#4359=CARTESIAN_POINT('',(15.8333994798312,-86.3951950062874,110.));
#4360=CARTESIAN_POINT('',(16.5405036293604,-86.397124181924,110.));
#4361=CARTESIAN_POINT('Origin',(16.1879161424141,-86.0426075193411,110.));
#4362=CARTESIAN_POINT('',(16.5405036293604,-86.397124181924,119.5));
#4363=CARTESIAN_POINT('',(16.5405036293604,-86.397124181924,110.));
#4364=CARTESIAN_POINT('',(15.8333994798312,-86.3951950062874,119.5));
#4365=CARTESIAN_POINT('Origin',(16.1879161424141,-86.0426075193411,119.5));
#4366=CARTESIAN_POINT('',(15.8333994798312,-86.3951950062874,110.));
#4367=CARTESIAN_POINT('Origin',(16.1879161424141,-86.0426075193411,119.5));
#4368=CARTESIAN_POINT('',(16.1879161424141,-86.0426075193411,120.));
#4369=CARTESIAN_POINT('Origin',(16.1879161424141,-86.0426075193411,119.5));
#4370=CARTESIAN_POINT('Origin',(16.1879161424141,-86.0426075193411,119.5));
#4371=CARTESIAN_POINT('Origin',(16.5424328049969,-85.6900200323948,119.5));
#4372=CARTESIAN_POINT('',(16.5424328049969,-85.6900200323948,120.));
#4373=CARTESIAN_POINT('',(16.8950202919432,-86.0445366949777,119.5));
#4374=CARTESIAN_POINT('Origin',(16.1859869667775,-86.7497116688702,110.));
#4375=CARTESIAN_POINT('',(33.8045155246699,-69.2270579728219,110.));
#4376=CARTESIAN_POINT('Origin',(14.0723912207363,-83.9155075438438,110.));
#4377=CARTESIAN_POINT('',(13.7178745581535,-84.2680950307901,110.));
#4378=CARTESIAN_POINT('Origin',(14.0723912207363,-83.9155075438438,110.));
#4379=CARTESIAN_POINT('',(13.7178745581535,-84.2680950307901,119.5));
#4380=CARTESIAN_POINT('',(13.7178745581535,-84.2680950307901,110.));
#4381=CARTESIAN_POINT('Origin',(14.0723912207363,-83.9155075438438,119.5));
#4382=CARTESIAN_POINT('Origin',(14.0723912207363,-83.9155075438438,119.5));
#4383=CARTESIAN_POINT('Origin',(14.0723912207364,-83.9155075438438,119.5));
#4384=CARTESIAN_POINT('Origin',(14.4249787076826,-84.2700242064267,119.5));
#4385=CARTESIAN_POINT('',(14.4249787076826,-84.2700242064267,120.));
#4386=CARTESIAN_POINT('',(14.0704620450998,-84.622611693373,119.5));
#4387=CARTESIAN_POINT('Origin',(13.3652870712072,-83.9135783682072,110.));
#4388=CARTESIAN_POINT('',(-10.9358850222889,-59.4794428801524,110.));
#4389=CARTESIAN_POINT('Origin',(-48.8005088037664,-81.7999826221661,110.));
#4390=CARTESIAN_POINT('',(-48.4459921411835,-81.4473951352198,110.));
#4391=CARTESIAN_POINT('',(-49.1530962907127,-81.4454659595832,110.));
#4392=CARTESIAN_POINT('Origin',(-48.8005088037664,-81.7999826221661,110.));
#4393=CARTESIAN_POINT('',(-49.1530962907127,-81.4454659595832,119.5));
#4394=CARTESIAN_POINT('',(-49.1530962907127,-81.4454659595832,110.));
#4395=CARTESIAN_POINT('',(-48.4459921411835,-81.4473951352198,119.5));
#4396=CARTESIAN_POINT('Origin',(-48.8005088037664,-81.7999826221661,119.5));
#4397=CARTESIAN_POINT('',(-48.4459921411835,-81.4473951352198,110.));
#4398=CARTESIAN_POINT('Origin',(-48.8005088037664,-81.7999826221661,119.5));
#4399=CARTESIAN_POINT('',(-48.8005088037664,-81.7999826221661,120.));
#4400=CARTESIAN_POINT('Origin',(-48.8005088037664,-81.7999826221661,119.5));
#4401=CARTESIAN_POINT('Origin',(-48.8005088037664,-81.7999826221661,119.5));
#4402=CARTESIAN_POINT('Origin',(-49.1550254663493,-82.1525701091124,119.5));
#4403=CARTESIAN_POINT('',(-51.28019626621,-83.5609908812609,119.5));
#4404=CARTESIAN_POINT('',(-49.5076129532956,-81.7980534465295,119.5));
#4405=CARTESIAN_POINT('',(-50.9276087792637,-83.9155075438438,120.));
#4406=CARTESIAN_POINT('Origin',(-50.9276087792637,-83.9155075438438,119.5));
#4407=CARTESIAN_POINT('',(-49.1550254663493,-82.1525701091124,120.));
#4408=CARTESIAN_POINT('Origin',(-48.7985796281298,-81.0928784726369,110.));
#4409=CARTESIAN_POINT('',(-51.28019626621,-83.5609908812609,110.));
#4410=CARTESIAN_POINT('',(-16.2594493942117,-48.7308166360847,110.));
#4411=CARTESIAN_POINT('',(-51.28019626621,-83.5609908812609,110.));
#4412=CARTESIAN_POINT('Origin',(-46.6849838820887,-83.9270825976634,110.));
#4413=CARTESIAN_POINT('',(-46.3323963951424,-84.2815992602463,110.));
#4414=CARTESIAN_POINT('',(-46.3304672195058,-83.5744951107171,110.));
#4415=CARTESIAN_POINT('Origin',(-46.6849838820887,-83.9270825976634,110.));
#4416=CARTESIAN_POINT('',(-46.3304672195058,-83.5744951107171,119.5));
#4417=CARTESIAN_POINT('',(-46.3304672195058,-83.5744951107171,110.));
#4418=CARTESIAN_POINT('',(-46.3323963951424,-84.2815992602463,119.5));
#4419=CARTESIAN_POINT('Origin',(-46.6849838820887,-83.9270825976634,119.5));
#4420=CARTESIAN_POINT('',(-46.3323963951424,-84.2815992602463,110.));
#4421=CARTESIAN_POINT('Origin',(-46.6849838820887,-83.9270825976634,119.5));
#4422=CARTESIAN_POINT('',(-46.6849838820886,-83.9270825976634,120.));
#4423=CARTESIAN_POINT('Origin',(-46.6849838820887,-83.9270825976634,119.5));
#4424=CARTESIAN_POINT('Origin',(-46.6849838820886,-83.9270825976634,119.5));
#4425=CARTESIAN_POINT('Origin',(-47.0375713690349,-83.5725659350805,119.5));
#4426=CARTESIAN_POINT('',(-47.0375713690349,-83.5725659350805,120.));
#4427=CARTESIAN_POINT('',(-46.6830547064521,-83.2199784481342,119.5));
#4428=CARTESIAN_POINT('Origin',(-45.9778797325595,-83.9290117733,110.));
#4429=CARTESIAN_POINT('',(-55.528070100198,-74.3265677232021,110.));
#4430=CARTESIAN_POINT('Origin',(-50.9276087792637,-83.9155075438438,110.));
#4431=CARTESIAN_POINT('',(-51.2821254418466,-84.2680950307901,110.));
#4432=CARTESIAN_POINT('Origin',(-50.9276087792637,-83.9155075438438,110.));
#4433=CARTESIAN_POINT('',(-51.2821254418465,-84.2680950307901,119.5));
#4434=CARTESIAN_POINT('',(-51.2821254418465,-84.2680950307901,110.));
#4435=CARTESIAN_POINT('Origin',(-50.9276087792637,-83.9155075438438,119.5));
#4436=CARTESIAN_POINT('Origin',(-50.9276087792637,-83.9155075438438,119.5));
#4437=CARTESIAN_POINT('Origin',(-50.9276087792637,-83.9155075438438,119.5));
#4438=CARTESIAN_POINT('Origin',(-50.5750212923174,-84.2700242064267,119.5));
#4439=CARTESIAN_POINT('',(-49.1666005201688,-86.3951950062874,119.5));
#4440=CARTESIAN_POINT('',(-50.9295379549002,-84.622611693373,119.5));
#4441=CARTESIAN_POINT('',(-48.8120838575859,-86.0426075193411,120.));
#4442=CARTESIAN_POINT('Origin',(-48.8120838575859,-86.0426075193411,119.5));
#4443=CARTESIAN_POINT('',(-50.5750212923174,-84.2700242064267,120.));
#4444=CARTESIAN_POINT('Origin',(-51.6347129287928,-83.9135783682072,110.));
#4445=CARTESIAN_POINT('',(-49.1666005201688,-86.3951950062874,110.));
#4446=CARTESIAN_POINT('',(-59.7745533486461,-75.729200968441,110.));
#4447=CARTESIAN_POINT('',(-49.1666005201688,-86.3951950062874,110.));
#4448=CARTESIAN_POINT('Origin',(-48.8120838575859,-86.0426075193411,110.));
#4449=CARTESIAN_POINT('',(-48.4594963706396,-86.397124181924,110.));
#4450=CARTESIAN_POINT('Origin',(-48.8120838575859,-86.0426075193411,110.));
#4451=CARTESIAN_POINT('',(-48.4594963706396,-86.397124181924,119.5));
#4452=CARTESIAN_POINT('',(-48.4594963706396,-86.397124181924,110.));
#4453=CARTESIAN_POINT('Origin',(-48.8120838575859,-86.0426075193411,119.5));
#4454=CARTESIAN_POINT('Origin',(-48.8120838575859,-86.0426075193411,119.5));
#4455=CARTESIAN_POINT('Origin',(-48.8120838575859,-86.0426075193411,119.5));
#4456=CARTESIAN_POINT('Origin',(-48.4575671950031,-85.6900200323948,119.5));
#4457=CARTESIAN_POINT('',(-48.4575671950031,-85.6900200323948,120.));
#4458=CARTESIAN_POINT('',(-48.1049797080568,-86.0445366949777,119.5));
#4459=CARTESIAN_POINT('Origin',(-48.8140130332225,-86.7497116688702,110.));
#4460=CARTESIAN_POINT('',(-14.8568161489726,-52.9772998845333,110.));
#4461=CARTESIAN_POINT('Origin',(16.1994911962336,86.2000173778339,110.));
#4462=CARTESIAN_POINT('',(16.5540078588165,86.5526048647802,110.));
#4463=CARTESIAN_POINT('',(15.8469037092873,86.5545340404168,110.));
#4464=CARTESIAN_POINT('Origin',(16.1994911962336,86.2000173778339,110.));
#4465=CARTESIAN_POINT('',(15.8469037092873,86.5545340404168,119.5));
#4466=CARTESIAN_POINT('',(15.8469037092873,86.5545340404168,110.));
#4467=CARTESIAN_POINT('',(16.5540078588165,86.5526048647802,119.5));
#4468=CARTESIAN_POINT('Origin',(16.1994911962336,86.2000173778339,119.5));
#4469=CARTESIAN_POINT('',(16.5540078588165,86.5526048647802,110.));
#4470=CARTESIAN_POINT('Origin',(16.1994911962336,86.2000173778339,119.5));
#4471=CARTESIAN_POINT('',(16.1994911962336,86.2000173778339,120.));
#4472=CARTESIAN_POINT('Origin',(16.1994911962336,86.2000173778339,119.5));
#4473=CARTESIAN_POINT('Origin',(16.1994911962336,86.2000173778339,119.5));
#4474=CARTESIAN_POINT('Origin',(15.8449745336507,85.8474298908876,119.5));
#4475=CARTESIAN_POINT('',(13.71980373379,84.4390091187391,119.5));
#4476=CARTESIAN_POINT('',(15.4923870467044,86.2019465534705,119.5));
#4477=CARTESIAN_POINT('',(14.0723912207363,84.0844924561562,120.));
#4478=CARTESIAN_POINT('Origin',(14.0723912207363,84.0844924561562,119.5));
#4479=CARTESIAN_POINT('',(15.8449745336507,85.8474298908876,120.));
#4480=CARTESIAN_POINT('Origin',(16.2014203718702,86.9071215273631,110.));
#4481=CARTESIAN_POINT('',(13.71980373379,84.4390091187391,110.));
#4482=CARTESIAN_POINT('',(-9.59749247183785,61.2485987960575,110.));
#4483=CARTESIAN_POINT('',(13.71980373379,84.4390091187391,110.));
#4484=CARTESIAN_POINT('Origin',(-46.6849838820887,84.0729174023366,110.));
#4485=CARTESIAN_POINT('',(-46.3323963951424,83.7184007397537,110.));
#4486=CARTESIAN_POINT('',(-46.3304672195058,84.4255048892829,110.));
#4487=CARTESIAN_POINT('Origin',(-46.6849838820887,84.0729174023366,110.));
#4488=CARTESIAN_POINT('',(-46.3304672195058,84.4255048892829,119.5));
#4489=CARTESIAN_POINT('',(-46.3304672195058,84.4255048892829,110.));
#4490=CARTESIAN_POINT('',(-46.3323963951424,83.7184007397537,119.5));
#4491=CARTESIAN_POINT('Origin',(-46.6849838820887,84.0729174023366,119.5));
#4492=CARTESIAN_POINT('',(-46.3323963951424,83.7184007397537,110.));
#4493=CARTESIAN_POINT('Origin',(-46.6849838820887,84.0729174023366,119.5));
#4494=CARTESIAN_POINT('',(-46.6849838820886,84.0729174023366,120.));
#4495=CARTESIAN_POINT('Origin',(-46.6849838820887,84.0729174023366,119.5));
#4496=CARTESIAN_POINT('Origin',(-46.6849838820886,84.0729174023366,119.5));
#4497=CARTESIAN_POINT('Origin',(-47.0375713690349,84.4274340649195,119.5));
#4498=CARTESIAN_POINT('',(-48.4459921411835,86.5526048647802,119.5));
#4499=CARTESIAN_POINT('',(-46.6830547064521,84.7800215518658,119.5));
#4500=CARTESIAN_POINT('',(-48.8005088037664,86.2000173778339,120.));
#4501=CARTESIAN_POINT('Origin',(-48.8005088037664,86.2000173778339,119.5));
#4502=CARTESIAN_POINT('',(-47.0375713690349,84.4274340649195,120.));
#4503=CARTESIAN_POINT('Origin',(-45.9778797325595,84.0709882267,110.));
#4504=CARTESIAN_POINT('',(-48.4459921411835,86.5526048647802,110.));
#4505=CARTESIAN_POINT('',(-13.528695348929,51.4442587563668,110.));
#4506=CARTESIAN_POINT('',(-48.4459921411835,86.5526048647802,110.));
#4507=CARTESIAN_POINT('Origin',(-48.8005088037664,86.2000173778339,110.));
#4508=CARTESIAN_POINT('',(-49.1530962907127,86.5545340404168,110.));
#4509=CARTESIAN_POINT('Origin',(-48.8005088037664,86.2000173778339,110.));
#4510=CARTESIAN_POINT('',(-49.1530962907127,86.5545340404168,119.5));
#4511=CARTESIAN_POINT('',(-49.1530962907127,86.5545340404168,110.));
#4512=CARTESIAN_POINT('Origin',(-48.8005088037664,86.2000173778339,119.5));
#4513=CARTESIAN_POINT('Origin',(-48.8005088037664,86.2000173778339,119.5));
#4514=CARTESIAN_POINT('Origin',(-48.8005088037664,86.2000173778339,119.5));
#4515=CARTESIAN_POINT('Origin',(-49.1550254663493,85.8474298908876,119.5));
#4516=CARTESIAN_POINT('',(-51.28019626621,84.4390091187391,119.5));
#4517=CARTESIAN_POINT('',(-49.5076129532956,86.2019465534705,119.5));
#4518=CARTESIAN_POINT('',(-50.9276087792637,84.0844924561562,120.));
#4519=CARTESIAN_POINT('Origin',(-50.9276087792637,84.0844924561562,119.5));
#4520=CARTESIAN_POINT('',(-49.1550254663493,85.8474298908876,120.));
#4521=CARTESIAN_POINT('Origin',(-48.7985796281298,86.9071215273631,110.));
#4522=CARTESIAN_POINT('',(-51.28019626621,84.4390091187391,110.));
#4523=CARTESIAN_POINT('',(-58.2588241454807,77.4983568843462,110.));
#4524=CARTESIAN_POINT('',(-51.28019626621,84.4390091187391,110.));
#4525=CARTESIAN_POINT('Origin',(18.3150161179113,84.0729174023366,110.));
#4526=CARTESIAN_POINT('',(18.6676036048576,83.7184007397537,110.));
#4527=CARTESIAN_POINT('',(18.6695327804942,84.4255048892829,110.));
#4528=CARTESIAN_POINT('Origin',(18.3150161179113,84.0729174023366,110.));
#4529=CARTESIAN_POINT('',(18.6695327804942,84.4255048892829,119.5));
#4530=CARTESIAN_POINT('',(18.6695327804942,84.4255048892829,110.));
#4531=CARTESIAN_POINT('',(18.6676036048576,83.7184007397537,119.5));
#4532=CARTESIAN_POINT('Origin',(18.3150161179113,84.0729174023366,119.5));
#4533=CARTESIAN_POINT('',(18.6676036048576,83.7184007397537,110.));
#4534=CARTESIAN_POINT('Origin',(18.3150161179113,84.0729174023366,119.5));
#4535=CARTESIAN_POINT('',(18.3150161179113,84.0729174023366,120.));
#4536=CARTESIAN_POINT('Origin',(18.3150161179113,84.0729174023366,119.5));
#4537=CARTESIAN_POINT('Origin',(18.3150161179113,84.0729174023366,119.5));
#4538=CARTESIAN_POINT('Origin',(17.9624286309651,84.4274340649195,119.5));
#4539=CARTESIAN_POINT('',(17.9624286309651,84.4274340649195,120.));
#4540=CARTESIAN_POINT('',(18.3169452935479,84.7800215518658,119.5));
#4541=CARTESIAN_POINT('Origin',(19.0221202674405,84.0709882267,110.));
#4542=CARTESIAN_POINT('',(35.3099729774283,67.6940168446554,110.));
#4543=CARTESIAN_POINT('Origin',(14.0723912207363,84.0844924561562,110.));
#4544=CARTESIAN_POINT('',(13.7178745581535,83.7319049692099,110.));
#4545=CARTESIAN_POINT('Origin',(14.0723912207363,84.0844924561562,110.));
#4546=CARTESIAN_POINT('',(13.7178745581535,83.7319049692099,119.5));
#4547=CARTESIAN_POINT('',(13.7178745581535,83.7319049692099,110.));
#4548=CARTESIAN_POINT('Origin',(14.0723912207363,84.0844924561562,119.5));
#4549=CARTESIAN_POINT('Origin',(14.0723912207363,84.0844924561562,119.5));
#4550=CARTESIAN_POINT('Origin',(14.0723912207364,84.0844924561562,119.5));
#4551=CARTESIAN_POINT('Origin',(14.4249787076826,83.7299757935733,119.5));
#4552=CARTESIAN_POINT('',(15.8333994798312,81.6048049937126,119.5));
#4553=CARTESIAN_POINT('',(14.0704620450998,83.377388306627,119.5));
#4554=CARTESIAN_POINT('',(16.1879161424141,81.9573924806589,120.));
#4555=CARTESIAN_POINT('Origin',(16.1879161424141,81.9573924806589,119.5));
#4556=CARTESIAN_POINT('',(14.4249787076826,83.7299757935733,120.));
#4557=CARTESIAN_POINT('Origin',(13.3652870712072,84.0864216317928,110.));
#4558=CARTESIAN_POINT('',(15.8333994798312,81.6048049937126,110.));
#4559=CARTESIAN_POINT('',(31.0634897289801,66.2913835994168,110.));
#4560=CARTESIAN_POINT('',(15.8333994798312,81.6048049937126,110.));
#4561=CARTESIAN_POINT('Origin',(16.1879161424141,81.9573924806589,110.));
#4562=CARTESIAN_POINT('',(16.5405036293604,81.6028758180761,110.));
#4563=CARTESIAN_POINT('Origin',(16.1879161424141,81.9573924806589,110.));
#4564=CARTESIAN_POINT('',(16.5405036293604,81.6028758180761,119.5));
#4565=CARTESIAN_POINT('',(16.5405036293604,81.6028758180761,110.));
#4566=CARTESIAN_POINT('Origin',(16.1879161424141,81.9573924806589,119.5));
#4567=CARTESIAN_POINT('Origin',(16.1879161424141,81.9573924806589,119.5));
#4568=CARTESIAN_POINT('Origin',(16.1879161424141,81.9573924806589,119.5));
#4569=CARTESIAN_POINT('Origin',(16.5424328049969,82.3099799676052,119.5));
#4570=CARTESIAN_POINT('',(16.5424328049969,82.3099799676052,120.));
#4571=CARTESIAN_POINT('',(16.8950202919432,81.9554633050223,119.5));
#4572=CARTESIAN_POINT('Origin',(16.1859869667775,81.2502883311298,110.));
#4573=CARTESIAN_POINT('',(-8.19485922659913,57.0021155476098,110.));
#4574=CARTESIAN_POINT('Origin',(-50.9276087792637,84.0844924561562,110.));
#4575=CARTESIAN_POINT('',(-51.2821254418465,83.7319049692099,110.));
#4576=CARTESIAN_POINT('Origin',(-50.9276087792637,84.0844924561562,110.));
#4577=CARTESIAN_POINT('',(-51.2821254418465,83.7319049692099,119.5));
#4578=CARTESIAN_POINT('',(-51.2821254418465,83.7319049692099,110.));
#4579=CARTESIAN_POINT('Origin',(-50.9276087792637,84.0844924561562,119.5));
#4580=CARTESIAN_POINT('Origin',(-50.9276087792637,84.0844924561562,119.5));
#4581=CARTESIAN_POINT('Origin',(-50.9276087792637,84.0844924561562,119.5));
#4582=CARTESIAN_POINT('Origin',(-50.5750212923174,83.7299757935733,119.5));
#4583=CARTESIAN_POINT('',(-49.1666005201688,81.6048049937126,119.5));
#4584=CARTESIAN_POINT('',(-50.9295379549002,83.377388306627,119.5));
#4585=CARTESIAN_POINT('',(-48.8120838575859,81.9573924806589,120.));
#4586=CARTESIAN_POINT('Origin',(-48.8120838575859,81.9573924806589,119.5));
#4587=CARTESIAN_POINT('',(-50.5750212923174,83.7299757935733,120.));
#4588=CARTESIAN_POINT('Origin',(-51.6347129287928,84.0864216317928,110.));
#4589=CARTESIAN_POINT('',(-49.1666005201688,81.6048049937126,110.));
#4590=CARTESIAN_POINT('',(-17.7751785973771,50.0416255111282,110.));
#4591=CARTESIAN_POINT('',(-49.1666005201688,81.6048049937126,110.));
#4592=CARTESIAN_POINT('Origin',(-48.8120838575859,81.9573924806589,110.));
#4593=CARTESIAN_POINT('',(-48.4594963706396,81.6028758180761,110.));
#4594=CARTESIAN_POINT('Origin',(-48.8120838575859,81.9573924806589,110.));
#4595=CARTESIAN_POINT('',(-48.4594963706396,81.6028758180761,119.5));
#4596=CARTESIAN_POINT('',(-48.4594963706396,81.6028758180761,110.));
#4597=CARTESIAN_POINT('Origin',(-48.8120838575859,81.9573924806589,119.5));
#4598=CARTESIAN_POINT('Origin',(-48.8120838575859,81.9573924806589,119.5));
#4599=CARTESIAN_POINT('Origin',(-48.8120838575859,81.9573924806589,119.5));
#4600=CARTESIAN_POINT('Origin',(-48.4575671950031,82.3099799676052,119.5));
#4601=CARTESIAN_POINT('',(-48.4575671950031,82.3099799676052,120.));
#4602=CARTESIAN_POINT('',(-48.1049797080568,81.9554633050223,119.5));
#4603=CARTESIAN_POINT('Origin',(-48.8140130332225,81.2502883311298,110.));
#4604=CARTESIAN_POINT('',(-56.8561909002416,73.2518736358984,110.));
#4605=CARTESIAN_POINT('Origin',(16.1937036693238,-83.9212950707536,120.));
#4606=CARTESIAN_POINT('Origin',(-48.8062963306762,-83.9212950707536,120.));
#4607=CARTESIAN_POINT('Origin',(16.1937036693238,84.0787049292464,120.));
#4608=CARTESIAN_POINT('Origin',(-48.8062963306762,84.0787049292464,120.));
#4609=CARTESIAN_POINT('Origin',(57.,-63.6326980708465,200.));
#4610=CARTESIAN_POINT('',(57.,-63.6326980708465,200.));
#4611=CARTESIAN_POINT('',(57.,-77.6326980708465,200.));
#4612=CARTESIAN_POINT('',(57.,-67.1326980708465,200.));
#4613=CARTESIAN_POINT('',(63.,-63.6326980708465,200.));
#4614=CARTESIAN_POINT('',(57.,-63.6326980708465,200.));
#4615=CARTESIAN_POINT('',(63.,-77.6326980708465,200.));
#4616=CARTESIAN_POINT('',(63.,-63.6326980708465,200.));
#4617=CARTESIAN_POINT('',(57.,-77.6326980708465,200.));
#4618=CARTESIAN_POINT('Origin',(57.,-77.6326980708465,160.));
#4619=CARTESIAN_POINT('',(57.,-77.6326980708465,160.));
#4620=CARTESIAN_POINT('',(57.,-63.6326980708465,160.));
#4621=CARTESIAN_POINT('',(57.,-74.1326980708465,160.));
#4622=CARTESIAN_POINT('',(63.,-77.6326980708465,160.));
#4623=CARTESIAN_POINT('',(57.,-77.6326980708465,160.));
#4624=CARTESIAN_POINT('',(63.,-63.6326980708465,160.));
#4625=CARTESIAN_POINT('',(63.,-77.6326980708465,160.));
#4626=CARTESIAN_POINT('',(57.,-63.6326980708465,160.));
#4627=CARTESIAN_POINT('Origin',(63.,-70.6326980708465,180.));
#4628=CARTESIAN_POINT('',(63.,-77.6326980708465,200.));
#4629=CARTESIAN_POINT('',(63.,-63.6326980708465,160.));
#4630=CARTESIAN_POINT('Origin',(57.,-70.6326980708465,160.));
#4631=CARTESIAN_POINT('',(57.,-77.6326980708465,210.));
#4632=CARTESIAN_POINT('',(57.,-77.6326980708465,210.));
#4633=CARTESIAN_POINT('',(57.,-63.6326980708465,210.));
#4634=CARTESIAN_POINT('',(57.,-35.3163490354232,210.));
#4635=CARTESIAN_POINT('',(57.,-63.6326980708465,110.));
#4636=CARTESIAN_POINT('Origin',(55.,-77.6326980708465,210.));
#4637=CARTESIAN_POINT('',(55.,-77.6326980708465,210.));
#4638=CARTESIAN_POINT('',(55.,-77.6326980708465,110.));
#4639=CARTESIAN_POINT('',(55.,-77.6326980708465,185.));
#4640=CARTESIAN_POINT('',(27.5,-77.6326980708465,210.));
#4641=CARTESIAN_POINT('',(57.,-77.6326980708465,110.));
#4642=CARTESIAN_POINT('',(57.,-77.6326980708465,210.));
#4643=CARTESIAN_POINT('',(55.,-77.6326980708465,110.));
#4644=CARTESIAN_POINT('Origin',(55.,-63.6326980708465,110.));
#4645=CARTESIAN_POINT('',(55.,-63.6326980708465,110.));
#4646=CARTESIAN_POINT('',(55.,-63.6326980708465,210.));
#4647=CARTESIAN_POINT('',(55.,-63.6326980708465,135.));
#4648=CARTESIAN_POINT('',(57.,-63.6326980708465,110.));
#4649=CARTESIAN_POINT('',(55.,-63.6326980708465,110.));
#4650=CARTESIAN_POINT('',(57.,-63.6326980708465,110.));
#4651=CARTESIAN_POINT('',(27.5,-63.6326980708465,210.));
#4652=CARTESIAN_POINT('Origin',(57.,-70.6326980708465,160.));
#4653=CARTESIAN_POINT('',(57.,-77.6326980708465,110.));
#4654=CARTESIAN_POINT('Origin',(55.,0.,160.));
#4655=CARTESIAN_POINT('',(55.,-87.6326980708465,110.));
#4656=CARTESIAN_POINT('',(55.,4.44089209850063E-15,110.));
#4657=CARTESIAN_POINT('',(55.,-87.6326980708465,210.));
#4658=CARTESIAN_POINT('',(55.,-87.6326980708465,135.));
#4659=CARTESIAN_POINT('',(55.,8.88178419700125E-15,210.));
#4660=CARTESIAN_POINT('Origin',(55.,0.,160.));
#4661=CARTESIAN_POINT('',(55.,87.6326980708465,210.));
#4662=CARTESIAN_POINT('',(55.,8.88178419700125E-15,210.));
#4663=CARTESIAN_POINT('',(55.,87.6326980708465,110.));
#4664=CARTESIAN_POINT('',(55.,87.6326980708465,135.));
#4665=CARTESIAN_POINT('',(55.,9.99999999999997,110.));
#4666=CARTESIAN_POINT('',(55.,4.44089209850063E-15,110.));
#4667=CARTESIAN_POINT('',(55.,9.99999999999997,186.33066510916));
#4668=CARTESIAN_POINT('',(55.,9.99999999999997,135.));
#4669=CARTESIAN_POINT('',(55.,9.99999999999999,198.025882709812));
#4670=CARTESIAN_POINT('',(55.,9.99999999999997,186.710100716628));
#4671=CARTESIAN_POINT('',(55.,-10.,198.025882709812));
#4672=CARTESIAN_POINT('',(55.,-4.99999999999999,198.025882709812));
#4673=CARTESIAN_POINT('',(55.,-10.,186.33066510916));
#4674=CARTESIAN_POINT('',(55.,-10.,186.026060429977));
#4675=CARTESIAN_POINT('',(55.,-11.0000000000465,186.33066510916));
#4676=CARTESIAN_POINT('',(55.,4.99999999999998,186.33066510916));
#4677=CARTESIAN_POINT('',(55.,-11.0000000000465,110.));
#4678=CARTESIAN_POINT('',(55.,-11.0000000000465,173.16533255458));
#4679=CARTESIAN_POINT('',(55.,4.44089209850063E-15,110.));
#4680=CARTESIAN_POINT('Origin',(-8.88178419700125E-15,1.77635683940025E-14,
210.));
#4681=CARTESIAN_POINT('',(65.,-87.6326980708465,210.));
#4682=CARTESIAN_POINT('',(65.,-87.6326980708465,210.));
#4683=CARTESIAN_POINT('',(70.,-82.5555650114178,210.));
#4684=CARTESIAN_POINT('Origin',(65.,-82.5555650114178,210.));
#4685=CARTESIAN_POINT('',(70.,-11.,210.));
#4686=CARTESIAN_POINT('',(70.,-64.9228669405713,210.));
#4687=CARTESIAN_POINT('',(58.3047823993478,-11.,210.));
#4688=CARTESIAN_POINT('',(40.1683094143225,-11.,210.));
#4689=CARTESIAN_POINT('',(58.3047823993478,11.,210.));
#4690=CARTESIAN_POINT('',(58.3047823993479,1.77635683940025E-14,210.));
#4691=CARTESIAN_POINT('',(70.,11.,210.));
#4692=CARTESIAN_POINT('',(29.8316905856775,11.,210.));
#4693=CARTESIAN_POINT('',(70.,82.5555650114178,210.));
#4694=CARTESIAN_POINT('',(70.,-64.9228669405713,210.));
#4695=CARTESIAN_POINT('',(65.,87.6326980708465,210.));
#4696=CARTESIAN_POINT('Origin',(65.,82.5555650114178,210.));
#4697=CARTESIAN_POINT('',(-65.,87.6326980708465,210.));
#4698=CARTESIAN_POINT('Origin',(48.,-10.,105.));
#4699=CARTESIAN_POINT('',(48.,-10.,105.));
#4700=CARTESIAN_POINT('',(48.,-10.,42.5));
#4701=CARTESIAN_POINT('',(48.,-10.,57.5));
#4702=CARTESIAN_POINT('',(52.,-10.,105.));
#4703=CARTESIAN_POINT('',(50.,-10.,105.));
#4704=CARTESIAN_POINT('',(52.,-10.,42.5));
#4705=CARTESIAN_POINT('',(52.,-10.,105.));
#4706=CARTESIAN_POINT('',(48.,-10.,42.5));
#4707=CARTESIAN_POINT('Origin',(48.,-10.,42.5));
#4708=CARTESIAN_POINT('',(52.,-6.25,42.5));
#4709=CARTESIAN_POINT('',(48.,-6.25,42.5));
#4710=CARTESIAN_POINT('',(58.,-6.25,42.5));
#4711=CARTESIAN_POINT('',(48.,-37.5,42.5));
#4712=CARTESIAN_POINT('',(52.,-10.,42.5));
#4713=CARTESIAN_POINT('Origin',(52.,-1.33226762955019E-14,73.75));
#4714=CARTESIAN_POINT('',(52.,9.99999999999997,105.));
#4715=CARTESIAN_POINT('',(52.,-0.25000000001163,105.));
#4716=CARTESIAN_POINT('',(52.,9.99999999999997,42.5));
#4717=CARTESIAN_POINT('',(52.,9.99999999999997,42.5));
#4718=CARTESIAN_POINT('',(52.,-3.12500000000001,42.5));
#4719=CARTESIAN_POINT('Origin',(58.,-6.25,42.5));
#4720=CARTESIAN_POINT('',(48.,9.99999999999997,42.5));
#4721=CARTESIAN_POINT('',(53.,9.99999999999997,42.5));
#4722=CARTESIAN_POINT('',(48.,53.75,42.5));
#4723=CARTESIAN_POINT('',(48.,-35.625,42.5));
#4724=CARTESIAN_POINT('',(58.,53.75,42.5));
#4725=CARTESIAN_POINT('',(58.,53.75,42.5));
#4726=CARTESIAN_POINT('',(58.,-6.25,42.5));
#4727=CARTESIAN_POINT('',(58.,-3.125,42.5));
#4728=CARTESIAN_POINT('',(58.,-6.25,42.5));
#4729=CARTESIAN_POINT('Origin',(48.,-65.,10.));
#4730=CARTESIAN_POINT('',(48.,9.99999999999997,110.));
#4731=CARTESIAN_POINT('',(48.,9.99999999999997,60.));
#4732=CARTESIAN_POINT('',(48.,80.5247117876463,110.));
#4733=CARTESIAN_POINT('',(48.,-32.5,110.));
#4734=CARTESIAN_POINT('',(48.,74.0193710982482,73.1063796177975));
#4735=CARTESIAN_POINT('',(48.,61.070971680439,-0.327642593572808));
#4736=CARTESIAN_POINT('',(48.,56.0331581596578,72.6084067045689));
#4737=CARTESIAN_POINT('Origin',(48.,65.0331581596578,72.6084067045689));
#4738=CARTESIAN_POINT('',(48.,73.3071193797074,69.0669993954451));
#4739=CARTESIAN_POINT('Origin',(48.,65.0331581596578,72.6084067045689));
#4740=CARTESIAN_POINT('',(48.,64.126302581759,17.));
#4741=CARTESIAN_POINT('',(48.,61.070971680439,-0.327642593572808));
#4742=CARTESIAN_POINT('',(48.,53.75,17.));
#4743=CARTESIAN_POINT('',(48.,-32.5,17.));
#4744=CARTESIAN_POINT('',(48.,53.75,13.5));
#4745=CARTESIAN_POINT('Origin',(52.,-0.500000000023246,105.));
#4746=CARTESIAN_POINT('',(48.,-11.0000000000465,105.));
#4747=CARTESIAN_POINT('',(48.,-32.7500000000116,105.));
#4748=CARTESIAN_POINT('',(56.,-11.0000000000465,105.));
#4749=CARTESIAN_POINT('',(56.,-11.0000000000465,105.));
#4750=CARTESIAN_POINT('',(56.,9.99999999999997,105.));
#4751=CARTESIAN_POINT('',(56.,9.99999999999997,105.));
#4752=CARTESIAN_POINT('',(48.,9.99999999999997,105.));
#4753=CARTESIAN_POINT('Origin',(55.,-11.0000000000465,186.33066510916));
#4754=CARTESIAN_POINT('',(56.,-11.0000000000465,186.33066510916));
#4755=CARTESIAN_POINT('',(55.,-11.0000000000465,186.33066510916));
#4756=CARTESIAN_POINT('',(56.,-11.0000000000465,110.));
#4757=CARTESIAN_POINT('',(48.,-11.0000000000465,110.));
#4758=CARTESIAN_POINT('',(48.,-11.0000000000465,60.));
#4759=CARTESIAN_POINT('',(28.,-11.0000000000465,110.));
#4760=CARTESIAN_POINT('Origin',(55.,9.99999999999997,186.33066510916));
#4761=CARTESIAN_POINT('',(55.,5.00000000000001,186.33066510916));
#4762=CARTESIAN_POINT('',(56.,9.99999999999996,186.33066510916));
#4763=CARTESIAN_POINT('',(55.,9.99999999999997,186.33066510916));
#4764=CARTESIAN_POINT('',(56.,9.99999999999997,186.33066510916));
#4765=CARTESIAN_POINT('Origin',(55.,9.99999999999997,110.));
#4766=CARTESIAN_POINT('',(24.,9.99999999999997,110.));
#4767=CARTESIAN_POINT('',(56.,9.99999999999997,110.));
#4768=CARTESIAN_POINT('Origin',(56.,-0.500000000023251,148.16533255458));
#4769=CARTESIAN_POINT('Origin',(57.9,65.0331581596578,72.6084067045689));
#4770=CARTESIAN_POINT('',(70.,56.0331581596578,72.6084067045689));
#4771=CARTESIAN_POINT('Origin',(70.,65.0331581596578,72.6084067045689));
#4772=CARTESIAN_POINT('',(57.9,56.0331581596578,72.6084067045689));
#4773=CARTESIAN_POINT('Origin',(48.,65.0331581596578,72.6084067045689));
#4774=CARTESIAN_POINT('Origin',(48.,65.0331581596578,72.6084067045689));
#4775=CARTESIAN_POINT('',(48.,61.070971680439,-0.327642593572808));
#4776=CARTESIAN_POINT('Origin',(48.,-65.,10.));
#4777=CARTESIAN_POINT('',(48.,-6.25,17.));
#4778=CARTESIAN_POINT('',(48.,-6.25,18.75));
#4779=CARTESIAN_POINT('',(48.,-64.126302581759,17.));
#4780=CARTESIAN_POINT('',(48.,-32.5,17.));
#4781=CARTESIAN_POINT('',(48.,-80.5247117876463,110.));
#4782=CARTESIAN_POINT('',(48.,-63.0309615048969,10.7880120645114));
#4783=CARTESIAN_POINT('',(48.,-32.5,110.));
#4784=CARTESIAN_POINT('Origin',(64.3618442752845,10.,212.052120859954));
#4785=CARTESIAN_POINT('',(63.6149333651445,-9.99999999999999,210.));
#4786=CARTESIAN_POINT('',(64.3618442752845,-9.99999999999998,212.052120859954));
#4787=CARTESIAN_POINT('',(63.6149333651445,-9.4148468179564,210.));
#4788=CARTESIAN_POINT('',(63.6149333651445,5.00000000000002,210.));
#4789=CARTESIAN_POINT('',(64.3618442752845,-9.99999999999998,212.052120859954));
#4790=CARTESIAN_POINT('',(63.5067939169703,-9.33012701892218,209.702889307989));
#4791=CARTESIAN_POINT('',(64.3618442752845,10.,212.052120859954));
#4792=CARTESIAN_POINT('',(64.3618442752845,5.00000000000002,212.052120859954));
#4793=CARTESIAN_POINT('',(63.6149333651445,9.41484681795642,210.));
#4794=CARTESIAN_POINT('',(64.3618442752846,10.,212.052120859954));
#4795=CARTESIAN_POINT('',(63.6149333651445,10.,210.));
#4796=CARTESIAN_POINT('',(63.6149333651445,5.00000000000002,210.));
#4797=CARTESIAN_POINT('',(64.3618442752845,10.,212.052120859954));
#4798=CARTESIAN_POINT('Origin',(79.3969262078591,10.,206.579798566743));
#4799=CARTESIAN_POINT('',(70.0000000000002,10.,210.));
#4800=CARTESIAN_POINT('',(79.3969262078591,10.,206.579798566743));
#4801=CARTESIAN_POINT('',(39.4964310838851,7.20453028359756,210.));
#4802=CARTESIAN_POINT('Origin',(70.,1.77635683940025E-14,210.));
#4803=CARTESIAN_POINT('',(69.9999999999999,-9.99999999999998,210.));
#4804=CARTESIAN_POINT('',(60.6030737921409,-9.99999999999998,213.420201433257));
#4805=CARTESIAN_POINT('',(79.396926207859,-9.99999999999998,206.579798566743));
#4806=CARTESIAN_POINT('',(60.6030737921409,-9.99999999999998,213.420201433257));
#4807=CARTESIAN_POINT('',(79.3969262078591,10.,206.579798566743));
#4808=CARTESIAN_POINT('',(79.396926207859,-9.99999999999998,206.579798566743));
#4809=CARTESIAN_POINT('',(79.3969262078591,10.,206.579798566743));
#4810=CARTESIAN_POINT('Origin',(-8.88178419700125E-15,1.77635683940025E-14,
210.));
#4811=CARTESIAN_POINT('',(30.3015368960705,-9.99999999999998,210.));
#4812=CARTESIAN_POINT('',(30.1777688408181,-6.3505306034448,210.));
#4813=CARTESIAN_POINT('Origin',(68.6319194266973,1.77635683940025E-14,206.241229516856));
#4814=CARTESIAN_POINT('',(58.2953005980523,-11.,210.003451093439));
#4815=CARTESIAN_POINT('',(58.2953005980523,-11.,210.003451093439));
#4816=CARTESIAN_POINT('',(58.2953005980523,11.,210.003451093439));
#4817=CARTESIAN_POINT('',(58.2953005980523,11.,210.003451093439));
#4818=CARTESIAN_POINT('',(78.9685382553422,11.,202.479007940274));
#4819=CARTESIAN_POINT('Origin',(68.6319194266973,1.77635683940025E-14,206.241229516856));
#4820=CARTESIAN_POINT('',(70.,11.,205.743288910096));
#4821=CARTESIAN_POINT('',(70.,10.,205.743288910096));
#4822=CARTESIAN_POINT('',(70.,-32.5,205.743288910096));
#4823=CARTESIAN_POINT('',(78.9685382553422,11.,202.479007940274));
#4824=CARTESIAN_POINT('',(78.9685382553422,11.,202.479007940274));
#4825=CARTESIAN_POINT('',(78.9685382553422,-11.,202.479007940274));
#4826=CARTESIAN_POINT('',(78.9685382553422,-11.,202.479007940274));
#4827=CARTESIAN_POINT('',(70.,-11.,205.743288910096));
#4828=CARTESIAN_POINT('',(58.2953005980523,-11.,210.003451093439));
#4829=CARTESIAN_POINT('',(70.,-9.99999999999998,205.743288910096));
#4830=CARTESIAN_POINT('',(70.,-32.5,205.743288910096));
#4831=CARTESIAN_POINT('',(78.0288456345563,-9.99999999999998,202.8210280836));
#4832=CARTESIAN_POINT('',(59.2349932188382,-9.99999999999998,209.661430950113));
#4833=CARTESIAN_POINT('',(78.0288456345563,10.,202.8210280836));
#4834=CARTESIAN_POINT('',(78.0288456345563,-9.99999999999998,202.8210280836));
#4835=CARTESIAN_POINT('',(78.0288456345563,10.,202.8210280836));
#4836=CARTESIAN_POINT('Origin',(60.6030737921409,-9.99999999999998,213.420201433257));
#4837=CARTESIAN_POINT('',(70.,-9.99999999999998,111.710100716628));
#4838=CARTESIAN_POINT('',(60.6030737921409,-9.99999999999998,213.420201433257));
#4839=CARTESIAN_POINT('',(79.396926207859,-9.99999999999998,206.579798566743));
#4840=CARTESIAN_POINT('Origin',(79.396926207859,10.,206.579798566743));
#4841=CARTESIAN_POINT('',(70.,10.,108.289899283372));
#4842=CARTESIAN_POINT('',(79.396926207859,10.,206.579798566743));
#4843=CARTESIAN_POINT('',(79.3969262078591,10.,206.579798566743));
#4844=CARTESIAN_POINT('Origin',(79.396926207859,-9.99999999999998,206.579798566743));
#4845=CARTESIAN_POINT('',(79.396926207859,-9.99999999999998,206.579798566743));
#4846=CARTESIAN_POINT('Origin',(-8.88178419700125E-15,1.77635683940025E-14,
210.));
#4847=CARTESIAN_POINT('',(39.6984631039295,10.,210.));
#4848=CARTESIAN_POINT('Origin',(79.396926207859,10.,206.579798566743));
#4849=CARTESIAN_POINT('',(79.7389463511847,-9.99999999999998,207.519491187529));
#4850=CARTESIAN_POINT('',(79.396926207859,-9.99999999999998,206.579798566743));
#4851=CARTESIAN_POINT('',(79.7389463511847,10.,207.519491187529));
#4852=CARTESIAN_POINT('',(79.7389463511847,-9.99999999999998,207.519491187529));
#4853=CARTESIAN_POINT('',(79.396926207859,10.,206.579798566743));
#4854=CARTESIAN_POINT('Origin',(60.6030737921409,10.,213.420201433257));
#4855=CARTESIAN_POINT('',(79.3969262078591,10.,206.579798566743));
#4856=CARTESIAN_POINT('',(60.9450939354666,10.,214.359894054043));
#4857=CARTESIAN_POINT('',(79.7389463511847,10.,207.519491187529));
#4858=CARTESIAN_POINT('',(60.6030737921409,10.,213.420201433257));
#4859=CARTESIAN_POINT('Origin',(60.6030737921409,-9.99999999999998,213.420201433257));
#4860=CARTESIAN_POINT('',(60.9450939354666,-9.99999999999998,214.359894054043));
#4861=CARTESIAN_POINT('',(60.9450939354666,10.,214.359894054043));
#4862=CARTESIAN_POINT('',(60.6030737921409,-9.99999999999998,213.420201433257));
#4863=CARTESIAN_POINT('Origin',(79.396926207859,-9.99999999999998,206.579798566743));
#4864=CARTESIAN_POINT('',(60.6030737921409,-9.99999999999998,213.420201433257));
#4865=CARTESIAN_POINT('',(60.9450939354666,-9.99999999999998,214.359894054043));
#4866=CARTESIAN_POINT('Origin',(80.3366188286449,11.,206.237778423417));
#4867=CARTESIAN_POINT('',(60.0054013146807,11.,214.701914197368));
#4868=CARTESIAN_POINT('',(59.663381171355,11.,213.762221576582));
#4869=CARTESIAN_POINT('',(80.6786389719706,11.,207.177471044203));
#4870=CARTESIAN_POINT('',(80.6786389719706,11.,207.177471044203));
#4871=CARTESIAN_POINT('',(80.3366188286449,11.,206.237778423417));
#4872=CARTESIAN_POINT('',(70.,11.,111.881110788291));
#4873=CARTESIAN_POINT('Origin',(80.3366188286449,-11.,206.237778423417));
#4874=CARTESIAN_POINT('',(80.6786389719706,-11.,207.177471044203));
#4875=CARTESIAN_POINT('',(80.6786389719706,-11.,207.177471044203));
#4876=CARTESIAN_POINT('',(80.3366188286449,-11.,206.237778423417));
#4877=CARTESIAN_POINT('Origin',(59.663381171355,-11.,213.762221576582));
#4878=CARTESIAN_POINT('',(70.,-11.,108.118889211709));
#4879=CARTESIAN_POINT('',(60.0054013146807,-11.,214.701914197368));
#4880=CARTESIAN_POINT('',(60.0054013146807,-11.,214.701914197368));
#4881=CARTESIAN_POINT('',(59.663381171355,-11.,213.762221576582));
#4882=CARTESIAN_POINT('Origin',(59.663381171355,11.,213.762221576582));
#4883=CARTESIAN_POINT('',(60.0054013146807,11.,214.701914197368));
#4884=CARTESIAN_POINT('Origin',(70.3420201433256,1.77635683940025E-14,210.939692620786));
#4885=CARTESIAN_POINT('Origin',(79.3969262078591,10.,206.579798566743));
#4886=CARTESIAN_POINT('',(70.,5.98076211353317,194.037333412861));
#4887=CARTESIAN_POINT('',(70.,-16.3184626449534,105.47450134713));
#4888=CARTESIAN_POINT('',(70.4897758748777,5.98076211353313,193.859069572944));
#4889=CARTESIAN_POINT('',(78.0056021891668,9.37218279705318,204.592781942716));
#4890=CARTESIAN_POINT('',(74.2666240579739,5.98076211353317,192.484409254955));
#4891=CARTESIAN_POINT('Origin',(60.6030737921409,-9.99999999999998,213.420201433257));
#4892=CARTESIAN_POINT('Origin',(60.6030737921409,-9.99999999999998,213.420201433257));
#4893=CARTESIAN_POINT('',(70.,-5.98076211353314,194.037333412861));
#4894=CARTESIAN_POINT('',(70.,11.6334333935824,124.081401959416));
#4895=CARTESIAN_POINT('',(70.4897758748778,-5.98076211353314,193.859069572944));
#4896=CARTESIAN_POINT('',(55.4727716422557,-5.98076211353314,199.324812121468));
#4897=CARTESIAN_POINT('',(78.0056021891668,-9.37218279705317,204.592781942716));
#4898=CARTESIAN_POINT('Origin',(79.396926207859,-9.99999999999998,206.579798566743));
#4899=CARTESIAN_POINT('',(70.4897758748778,-9.99999999999998,193.859069572944));
#4900=CARTESIAN_POINT('Origin',(64.8696978501148,1.77635683940025E-14,195.904610688211));
#4901=CARTESIAN_POINT('',(70.,-32.5,194.037333412861));
#4902=CARTESIAN_POINT('Origin',(70.,-65.,10.));
#4903=CARTESIAN_POINT('',(70.,-82.5555650114178,110.));
#4904=CARTESIAN_POINT('',(70.,-82.5555650114178,110.));
#4905=CARTESIAN_POINT('',(70.,-64.9228669405713,10.));
#4906=CARTESIAN_POINT('',(70.,-65.0005770109213,10.4407157091776));
#4907=CARTESIAN_POINT('',(70.,64.9228669405713,10.));
#4908=CARTESIAN_POINT('',(70.,-65.,10.));
#4909=CARTESIAN_POINT('',(70.,82.5555650114178,110.));
#4910=CARTESIAN_POINT('',(70.,63.0405871864634,-0.674938948906665));
#4911=CARTESIAN_POINT('',(70.,82.5555650114178,110.));
#4912=CARTESIAN_POINT('',(70.,61.75,184.5));
#4913=CARTESIAN_POINT('',(70.,53.75,184.5));
#4914=CARTESIAN_POINT('',(70.,-1.62500000000001,184.5));
#4915=CARTESIAN_POINT('',(70.,53.75,35.5));
#4916=CARTESIAN_POINT('',(70.,53.75,101.25));
#4917=CARTESIAN_POINT('',(70.,61.75,35.5));
#4918=CARTESIAN_POINT('',(70.,-5.625,35.5));
#4919=CARTESIAN_POINT('',(70.,61.75,27.5));
#4920=CARTESIAN_POINT('Ctrl Pts',(70.,61.75,35.5));
#4921=CARTESIAN_POINT('Ctrl Pts',(70.,61.8258476091939,35.3399999999978));
#4922=CARTESIAN_POINT('Ctrl Pts',(70.,61.9709190920148,35.019999999994));
#4923=CARTESIAN_POINT('Ctrl Pts',(70.,62.1686557185202,34.5399999999899));
#4924=CARTESIAN_POINT('Ctrl Pts',(70.,62.3919042762189,33.8999999999876));
#4925=CARTESIAN_POINT('Ctrl Pts',(70.,62.5990613894487,33.0999999999893));
#4926=CARTESIAN_POINT('Ctrl Pts',(70.,62.7278889639404,32.2999999999939));
#4927=CARTESIAN_POINT('Ctrl Pts',(70.,62.7719947135797,31.5));
#4928=CARTESIAN_POINT('Ctrl Pts',(70.,62.7278889639383,30.7000000000061));
#4929=CARTESIAN_POINT('Ctrl Pts',(70.,62.5990613894454,29.9000000000107));
#4930=CARTESIAN_POINT('Ctrl Pts',(70.,62.3919042762157,29.1000000000123));
#4931=CARTESIAN_POINT('Ctrl Pts',(70.,62.1686557185178,28.4600000000101));
#4932=CARTESIAN_POINT('Ctrl Pts',(70.,61.9709190920135,27.980000000006));
#4933=CARTESIAN_POINT('Ctrl Pts',(70.,61.8258476091934,27.6600000000022));
#4934=CARTESIAN_POINT('Ctrl Pts',(70.,61.75,27.5));
#4935=CARTESIAN_POINT('',(70.,-61.75,27.5));
#4936=CARTESIAN_POINT('',(70.,-59.375,27.5));
#4937=CARTESIAN_POINT('',(70.,-61.75,35.5));
#4938=CARTESIAN_POINT('Ctrl Pts',(70.,-61.75,27.5));
#4939=CARTESIAN_POINT('Ctrl Pts',(70.,-61.8258476091852,27.6599999999968));
#4940=CARTESIAN_POINT('Ctrl Pts',(70.,-61.9709190919909,27.9799999999913));
#4941=CARTESIAN_POINT('Ctrl Pts',(70.,-62.1686557184798,28.4599999999854));
#4942=CARTESIAN_POINT('Ctrl Pts',(70.,-62.3919042761689,29.0999999999823));
#4943=CARTESIAN_POINT('Ctrl Pts',(70.,-62.5990613894042,29.8999999999848));
#4944=CARTESIAN_POINT('Ctrl Pts',(70.,-62.7278889639142,30.6999999999914));
#4945=CARTESIAN_POINT('Ctrl Pts',(70.,-62.7719947135794,31.5));
#4946=CARTESIAN_POINT('Ctrl Pts',(70.,-62.7278889639651,32.3000000000086));
#4947=CARTESIAN_POINT('Ctrl Pts',(70.,-62.5990613894933,33.1000000000148));
#4948=CARTESIAN_POINT('Ctrl Pts',(70.,-62.3919042762713,33.9000000000169));
#4949=CARTESIAN_POINT('Ctrl Pts',(70.,-62.1686557185638,34.5400000000138));
#4950=CARTESIAN_POINT('Ctrl Pts',(70.,-61.970919092041,35.0200000000082));
#4951=CARTESIAN_POINT('Ctrl Pts',(70.,-61.8258476092034,35.340000000003));
#4952=CARTESIAN_POINT('Ctrl Pts',(70.,-61.75,35.5));
#4953=CARTESIAN_POINT('',(70.,-53.75,35.5));
#4954=CARTESIAN_POINT('',(70.,-63.375,35.5));
#4955=CARTESIAN_POINT('',(70.,-53.75,184.5));
#4956=CARTESIAN_POINT('',(70.,-53.75,18.75));
#4957=CARTESIAN_POINT('',(70.,-61.75,184.5));
#4958=CARTESIAN_POINT('',(70.,-59.375,184.5));
#4959=CARTESIAN_POINT('',(70.,-61.75,192.5));
#4960=CARTESIAN_POINT('Ctrl Pts',(70.,-61.75,184.5));
#4961=CARTESIAN_POINT('Ctrl Pts',(70.,-61.8258476091848,184.659999999989));
#4962=CARTESIAN_POINT('Ctrl Pts',(70.,-61.9709190919899,184.97999999997));
#4963=CARTESIAN_POINT('Ctrl Pts',(70.,-62.1686557184786,185.459999999948));
#4964=CARTESIAN_POINT('Ctrl Pts',(70.,-62.3919042761686,186.099999999931));
#4965=CARTESIAN_POINT('Ctrl Pts',(70.,-62.5990613894055,186.899999999931));
#4966=CARTESIAN_POINT('Ctrl Pts',(70.,-62.7278889639163,187.699999999954));
#4967=CARTESIAN_POINT('Ctrl Pts',(70.,-62.7719947135801,188.499999999997));
#4968=CARTESIAN_POINT('Ctrl Pts',(70.,-62.7278889639615,189.300000000052));
#4969=CARTESIAN_POINT('Ctrl Pts',(70.,-62.5990613894841,190.100000000102));
#4970=CARTESIAN_POINT('Ctrl Pts',(70.,-62.3919042762584,190.900000000126));
#4971=CARTESIAN_POINT('Ctrl Pts',(70.,-62.1686557185518,191.540000000108));
#4972=CARTESIAN_POINT('Ctrl Pts',(70.,-61.9709190920335,192.020000000066));
#4973=CARTESIAN_POINT('Ctrl Pts',(70.,-61.8258476092007,192.340000000024));
#4974=CARTESIAN_POINT('Ctrl Pts',(70.,-61.75,192.5));
#4975=CARTESIAN_POINT('',(70.,61.75,192.5));
#4976=CARTESIAN_POINT('',(70.,-59.375,192.5));
#4977=CARTESIAN_POINT('Ctrl Pts',(70.,61.75,192.5));
#4978=CARTESIAN_POINT('Ctrl Pts',(70.,61.8258476091934,192.339999999979));
#4979=CARTESIAN_POINT('Ctrl Pts',(70.,61.9709190920134,192.019999999941));
#4980=CARTESIAN_POINT('Ctrl Pts',(70.,62.1686557185171,191.539999999899));
#4981=CARTESIAN_POINT('Ctrl Pts',(70.,62.3919042762134,190.899999999874));
#4982=CARTESIAN_POINT('Ctrl Pts',(70.,62.5990613894414,190.099999999888));
#4983=CARTESIAN_POINT('Ctrl Pts',(70.,62.7278889639345,189.299999999935));
#4984=CARTESIAN_POINT('Ctrl Pts',(70.,62.7719947135789,188.5));
#4985=CARTESIAN_POINT('Ctrl Pts',(70.,62.7278889639459,187.700000000066));
#4986=CARTESIAN_POINT('Ctrl Pts',(70.,62.5990613894615,186.900000000116));
#4987=CARTESIAN_POINT('Ctrl Pts',(70.,62.3919042762365,186.100000000133));
#4988=CARTESIAN_POINT('Ctrl Pts',(70.,62.168655718536,185.460000000109));
#4989=CARTESIAN_POINT('Ctrl Pts',(70.,61.9709190920246,184.980000000065));
#4990=CARTESIAN_POINT('Ctrl Pts',(70.,61.8258476091975,184.660000000024));
#4991=CARTESIAN_POINT('Ctrl Pts',(70.,61.75,184.5));
#4992=CARTESIAN_POINT('Origin',(70.,61.75,184.5));
#4993=CARTESIAN_POINT('',(60.,61.75,184.5));
#4994=CARTESIAN_POINT('',(70.,61.75,184.5));
#4995=CARTESIAN_POINT('',(60.,53.75,184.5));
#4996=CARTESIAN_POINT('',(60.,61.75,184.5));
#4997=CARTESIAN_POINT('',(70.,53.75,184.5));
#4998=CARTESIAN_POINT('Ctrl Pts',(70.,61.75,192.5));
#4999=CARTESIAN_POINT('Ctrl Pts',(60.,61.75,192.5));
#5000=CARTESIAN_POINT('Ctrl Pts',(70.,61.8258476091934,192.339999999979));
#5001=CARTESIAN_POINT('Ctrl Pts',(60.,61.8258476091934,192.339999999979));
#5002=CARTESIAN_POINT('Ctrl Pts',(70.,61.9709190920134,192.019999999941));
#5003=CARTESIAN_POINT('Ctrl Pts',(60.,61.9709190920134,192.019999999941));
#5004=CARTESIAN_POINT('Ctrl Pts',(70.,62.1686557185171,191.539999999899));
#5005=CARTESIAN_POINT('Ctrl Pts',(60.,62.1686557185171,191.539999999899));
#5006=CARTESIAN_POINT('Ctrl Pts',(70.,62.3919042762134,190.899999999874));
#5007=CARTESIAN_POINT('Ctrl Pts',(60.,62.3919042762134,190.899999999874));
#5008=CARTESIAN_POINT('Ctrl Pts',(70.,62.5990613894414,190.099999999888));
#5009=CARTESIAN_POINT('Ctrl Pts',(60.,62.5990613894414,190.099999999888));
#5010=CARTESIAN_POINT('Ctrl Pts',(70.,62.7278889639345,189.299999999935));
#5011=CARTESIAN_POINT('Ctrl Pts',(60.,62.7278889639345,189.299999999935));
#5012=CARTESIAN_POINT('Ctrl Pts',(70.,62.7719947135789,188.5));
#5013=CARTESIAN_POINT('Ctrl Pts',(60.,62.7719947135789,188.5));
#5014=CARTESIAN_POINT('Ctrl Pts',(70.,62.7278889639459,187.700000000066));
#5015=CARTESIAN_POINT('Ctrl Pts',(60.,62.7278889639459,187.700000000066));
#5016=CARTESIAN_POINT('Ctrl Pts',(70.,62.5990613894615,186.900000000116));
#5017=CARTESIAN_POINT('Ctrl Pts',(60.,62.5990613894615,186.900000000116));
#5018=CARTESIAN_POINT('Ctrl Pts',(70.,62.3919042762365,186.100000000133));
#5019=CARTESIAN_POINT('Ctrl Pts',(60.,62.3919042762365,186.100000000133));
#5020=CARTESIAN_POINT('Ctrl Pts',(70.,62.168655718536,185.460000000109));
#5021=CARTESIAN_POINT('Ctrl Pts',(60.,62.168655718536,185.460000000109));
#5022=CARTESIAN_POINT('Ctrl Pts',(70.,61.9709190920246,184.980000000065));
#5023=CARTESIAN_POINT('Ctrl Pts',(60.,61.9709190920246,184.980000000065));
#5024=CARTESIAN_POINT('Ctrl Pts',(70.,61.8258476091975,184.660000000024));
#5025=CARTESIAN_POINT('Ctrl Pts',(60.,61.8258476091975,184.660000000024));
#5026=CARTESIAN_POINT('Ctrl Pts',(70.,61.75,184.5));
#5027=CARTESIAN_POINT('Ctrl Pts',(60.,61.75,184.5));
#5028=CARTESIAN_POINT('',(60.,61.75,192.5));
#5029=CARTESIAN_POINT('',(70.,61.75,192.5));
#5030=CARTESIAN_POINT('Ctrl Pts',(60.,61.75,192.5));
#5031=CARTESIAN_POINT('Ctrl Pts',(60.,61.8258476091934,192.339999999979));
#5032=CARTESIAN_POINT('Ctrl Pts',(60.,61.9709190920134,192.019999999941));
#5033=CARTESIAN_POINT('Ctrl Pts',(60.,62.1686557185171,191.539999999899));
#5034=CARTESIAN_POINT('Ctrl Pts',(60.,62.3919042762134,190.899999999874));
#5035=CARTESIAN_POINT('Ctrl Pts',(60.,62.5990613894414,190.099999999888));
#5036=CARTESIAN_POINT('Ctrl Pts',(60.,62.7278889639345,189.299999999935));
#5037=CARTESIAN_POINT('Ctrl Pts',(60.,62.7719947135789,188.5));
#5038=CARTESIAN_POINT('Ctrl Pts',(60.,62.7278889639459,187.700000000066));
#5039=CARTESIAN_POINT('Ctrl Pts',(60.,62.5990613894615,186.900000000116));
#5040=CARTESIAN_POINT('Ctrl Pts',(60.,62.3919042762365,186.100000000133));
#5041=CARTESIAN_POINT('Ctrl Pts',(60.,62.168655718536,185.460000000109));
#5042=CARTESIAN_POINT('Ctrl Pts',(60.,61.9709190920246,184.980000000065));
#5043=CARTESIAN_POINT('Ctrl Pts',(60.,61.8258476091975,184.660000000024));
#5044=CARTESIAN_POINT('Ctrl Pts',(60.,61.75,184.5));
#5045=CARTESIAN_POINT('Origin',(60.,58.2609973567895,188.5));
#5046=CARTESIAN_POINT('',(60.,53.75,192.5));
#5047=CARTESIAN_POINT('',(60.,53.75,192.5));
#5048=CARTESIAN_POINT('',(60.,53.75,190.5));
#5049=CARTESIAN_POINT('Origin',(70.,-61.75,35.5));
#5050=CARTESIAN_POINT('',(60.,-61.75,35.5));
#5051=CARTESIAN_POINT('',(70.,-61.75,35.5));
#5052=CARTESIAN_POINT('',(60.,-53.75,35.5));
#5053=CARTESIAN_POINT('',(60.,-61.75,35.5));
#5054=CARTESIAN_POINT('',(70.,-53.75,35.5));
#5055=CARTESIAN_POINT('Ctrl Pts',(70.,-61.75,27.5));
#5056=CARTESIAN_POINT('Ctrl Pts',(60.,-61.75,27.5));
#5057=CARTESIAN_POINT('Ctrl Pts',(70.,-61.8258476091852,27.6599999999968));
#5058=CARTESIAN_POINT('Ctrl Pts',(60.,-61.8258476091852,27.6599999999968));
#5059=CARTESIAN_POINT('Ctrl Pts',(70.,-61.9709190919909,27.9799999999913));
#5060=CARTESIAN_POINT('Ctrl Pts',(60.,-61.9709190919909,27.9799999999913));
#5061=CARTESIAN_POINT('Ctrl Pts',(70.,-62.1686557184798,28.4599999999854));
#5062=CARTESIAN_POINT('Ctrl Pts',(60.,-62.1686557184798,28.4599999999854));
#5063=CARTESIAN_POINT('Ctrl Pts',(70.,-62.3919042761689,29.0999999999823));
#5064=CARTESIAN_POINT('Ctrl Pts',(60.,-62.3919042761689,29.0999999999823));
#5065=CARTESIAN_POINT('Ctrl Pts',(70.,-62.5990613894042,29.8999999999848));
#5066=CARTESIAN_POINT('Ctrl Pts',(60.,-62.5990613894042,29.8999999999848));
#5067=CARTESIAN_POINT('Ctrl Pts',(70.,-62.7278889639142,30.6999999999914));
#5068=CARTESIAN_POINT('Ctrl Pts',(60.,-62.7278889639142,30.6999999999914));
#5069=CARTESIAN_POINT('Ctrl Pts',(70.,-62.7719947135794,31.5));
#5070=CARTESIAN_POINT('Ctrl Pts',(60.,-62.7719947135794,31.5));
#5071=CARTESIAN_POINT('Ctrl Pts',(70.,-62.7278889639651,32.3000000000086));
#5072=CARTESIAN_POINT('Ctrl Pts',(60.,-62.7278889639651,32.3000000000086));
#5073=CARTESIAN_POINT('Ctrl Pts',(70.,-62.5990613894933,33.1000000000148));
#5074=CARTESIAN_POINT('Ctrl Pts',(60.,-62.5990613894933,33.1000000000148));
#5075=CARTESIAN_POINT('Ctrl Pts',(70.,-62.3919042762713,33.9000000000169));
#5076=CARTESIAN_POINT('Ctrl Pts',(60.,-62.3919042762713,33.9000000000169));
#5077=CARTESIAN_POINT('Ctrl Pts',(70.,-62.1686557185638,34.5400000000138));
#5078=CARTESIAN_POINT('Ctrl Pts',(60.,-62.1686557185638,34.5400000000138));
#5079=CARTESIAN_POINT('Ctrl Pts',(70.,-61.970919092041,35.0200000000082));
#5080=CARTESIAN_POINT('Ctrl Pts',(60.,-61.970919092041,35.0200000000082));
#5081=CARTESIAN_POINT('Ctrl Pts',(70.,-61.8258476092034,35.340000000003));
#5082=CARTESIAN_POINT('Ctrl Pts',(60.,-61.8258476092034,35.340000000003));
#5083=CARTESIAN_POINT('Ctrl Pts',(70.,-61.75,35.5));
#5084=CARTESIAN_POINT('Ctrl Pts',(60.,-61.75,35.5));
#5085=CARTESIAN_POINT('',(60.,-61.75,27.5));
#5086=CARTESIAN_POINT('',(70.,-61.75,27.5));
#5087=CARTESIAN_POINT('Ctrl Pts',(60.,-61.75,27.5));
#5088=CARTESIAN_POINT('Ctrl Pts',(60.,-61.8258476091852,27.6599999999968));
#5089=CARTESIAN_POINT('Ctrl Pts',(60.,-61.9709190919909,27.9799999999913));
#5090=CARTESIAN_POINT('Ctrl Pts',(60.,-62.1686557184798,28.4599999999854));
#5091=CARTESIAN_POINT('Ctrl Pts',(60.,-62.3919042761689,29.0999999999823));
#5092=CARTESIAN_POINT('Ctrl Pts',(60.,-62.5990613894042,29.8999999999848));
#5093=CARTESIAN_POINT('Ctrl Pts',(60.,-62.7278889639142,30.6999999999914));
#5094=CARTESIAN_POINT('Ctrl Pts',(60.,-62.7719947135794,31.5));
#5095=CARTESIAN_POINT('Ctrl Pts',(60.,-62.7278889639651,32.3000000000086));
#5096=CARTESIAN_POINT('Ctrl Pts',(60.,-62.5990613894933,33.1000000000148));
#5097=CARTESIAN_POINT('Ctrl Pts',(60.,-62.3919042762713,33.9000000000169));
#5098=CARTESIAN_POINT('Ctrl Pts',(60.,-62.1686557185638,34.5400000000138));
#5099=CARTESIAN_POINT('Ctrl Pts',(60.,-61.970919092041,35.0200000000082));
#5100=CARTESIAN_POINT('Ctrl Pts',(60.,-61.8258476092034,35.340000000003));
#5101=CARTESIAN_POINT('Ctrl Pts',(60.,-61.75,35.5));
#5102=CARTESIAN_POINT('Origin',(60.,-58.2609973567897,31.5));
#5103=CARTESIAN_POINT('',(60.,-53.75,27.5));
#5104=CARTESIAN_POINT('',(60.,-53.75,27.5));
#5105=CARTESIAN_POINT('',(60.,-53.75,29.5));
#5106=CARTESIAN_POINT('Ctrl Pts',(70.,-61.75,184.5));
#5107=CARTESIAN_POINT('Ctrl Pts',(60.,-61.75,184.5));
#5108=CARTESIAN_POINT('Ctrl Pts',(70.,-61.8258476091848,184.659999999989));
#5109=CARTESIAN_POINT('Ctrl Pts',(60.,-61.8258476091848,184.659999999989));
#5110=CARTESIAN_POINT('Ctrl Pts',(70.,-61.9709190919899,184.97999999997));
#5111=CARTESIAN_POINT('Ctrl Pts',(60.,-61.9709190919899,184.97999999997));
#5112=CARTESIAN_POINT('Ctrl Pts',(70.,-62.1686557184786,185.459999999948));
#5113=CARTESIAN_POINT('Ctrl Pts',(60.,-62.1686557184786,185.459999999948));
#5114=CARTESIAN_POINT('Ctrl Pts',(70.,-62.3919042761686,186.099999999931));
#5115=CARTESIAN_POINT('Ctrl Pts',(60.,-62.3919042761686,186.099999999931));
#5116=CARTESIAN_POINT('Ctrl Pts',(70.,-62.5990613894055,186.899999999931));
#5117=CARTESIAN_POINT('Ctrl Pts',(60.,-62.5990613894055,186.899999999931));
#5118=CARTESIAN_POINT('Ctrl Pts',(70.,-62.7278889639163,187.699999999954));
#5119=CARTESIAN_POINT('Ctrl Pts',(60.,-62.7278889639163,187.699999999954));
#5120=CARTESIAN_POINT('Ctrl Pts',(70.,-62.7719947135801,188.499999999997));
#5121=CARTESIAN_POINT('Ctrl Pts',(60.,-62.7719947135801,188.499999999997));
#5122=CARTESIAN_POINT('Ctrl Pts',(70.,-62.7278889639615,189.300000000052));
#5123=CARTESIAN_POINT('Ctrl Pts',(60.,-62.7278889639615,189.300000000052));
#5124=CARTESIAN_POINT('Ctrl Pts',(70.,-62.5990613894841,190.100000000102));
#5125=CARTESIAN_POINT('Ctrl Pts',(60.,-62.5990613894841,190.100000000102));
#5126=CARTESIAN_POINT('Ctrl Pts',(70.,-62.3919042762584,190.900000000126));
#5127=CARTESIAN_POINT('Ctrl Pts',(60.,-62.3919042762584,190.900000000126));
#5128=CARTESIAN_POINT('Ctrl Pts',(70.,-62.1686557185518,191.540000000108));
#5129=CARTESIAN_POINT('Ctrl Pts',(60.,-62.1686557185518,191.540000000108));
#5130=CARTESIAN_POINT('Ctrl Pts',(70.,-61.9709190920335,192.020000000066));
#5131=CARTESIAN_POINT('Ctrl Pts',(60.,-61.9709190920335,192.020000000066));
#5132=CARTESIAN_POINT('Ctrl Pts',(70.,-61.8258476092007,192.340000000024));
#5133=CARTESIAN_POINT('Ctrl Pts',(60.,-61.8258476092007,192.340000000024));
#5134=CARTESIAN_POINT('Ctrl Pts',(70.,-61.75,192.5));
#5135=CARTESIAN_POINT('Ctrl Pts',(60.,-61.75,192.5));
#5136=CARTESIAN_POINT('',(60.,-61.75,184.5));
#5137=CARTESIAN_POINT('',(70.,-61.75,184.5));
#5138=CARTESIAN_POINT('',(60.,-61.75,192.5));
#5139=CARTESIAN_POINT('Ctrl Pts',(60.,-61.75,184.5));
#5140=CARTESIAN_POINT('Ctrl Pts',(60.,-61.8258476091848,184.659999999989));
#5141=CARTESIAN_POINT('Ctrl Pts',(60.,-61.9709190919899,184.97999999997));
#5142=CARTESIAN_POINT('Ctrl Pts',(60.,-62.1686557184786,185.459999999948));
#5143=CARTESIAN_POINT('Ctrl Pts',(60.,-62.3919042761686,186.099999999931));
#5144=CARTESIAN_POINT('Ctrl Pts',(60.,-62.5990613894055,186.899999999931));
#5145=CARTESIAN_POINT('Ctrl Pts',(60.,-62.7278889639163,187.699999999954));
#5146=CARTESIAN_POINT('Ctrl Pts',(60.,-62.7719947135801,188.499999999997));
#5147=CARTESIAN_POINT('Ctrl Pts',(60.,-62.7278889639615,189.300000000052));
#5148=CARTESIAN_POINT('Ctrl Pts',(60.,-62.5990613894841,190.100000000102));
#5149=CARTESIAN_POINT('Ctrl Pts',(60.,-62.3919042762584,190.900000000126));
#5150=CARTESIAN_POINT('Ctrl Pts',(60.,-62.1686557185518,191.540000000108));
#5151=CARTESIAN_POINT('Ctrl Pts',(60.,-61.9709190920335,192.020000000066));
#5152=CARTESIAN_POINT('Ctrl Pts',(60.,-61.8258476092007,192.340000000024));
#5153=CARTESIAN_POINT('Ctrl Pts',(60.,-61.75,192.5));
#5154=CARTESIAN_POINT('',(70.,-61.75,192.5));
#5155=CARTESIAN_POINT('Origin',(70.,-53.75,184.5));
#5156=CARTESIAN_POINT('',(60.,-53.75,184.5));
#5157=CARTESIAN_POINT('',(70.,-53.75,184.5));
#5158=CARTESIAN_POINT('',(60.,-61.75,184.5));
#5159=CARTESIAN_POINT('Origin',(60.,-58.2609973567901,188.5));
#5160=CARTESIAN_POINT('',(60.,-53.75,192.5));
#5161=CARTESIAN_POINT('',(60.,-53.75,108.));
#5162=CARTESIAN_POINT('',(60.,-53.75,192.5));
#5163=CARTESIAN_POINT('Ctrl Pts',(70.,61.75,35.5));
#5164=CARTESIAN_POINT('Ctrl Pts',(60.,61.75,35.5));
#5165=CARTESIAN_POINT('Ctrl Pts',(70.,61.8258476091939,35.3399999999978));
#5166=CARTESIAN_POINT('Ctrl Pts',(60.,61.8258476091939,35.3399999999978));
#5167=CARTESIAN_POINT('Ctrl Pts',(70.,61.9709190920148,35.019999999994));
#5168=CARTESIAN_POINT('Ctrl Pts',(60.,61.9709190920148,35.019999999994));
#5169=CARTESIAN_POINT('Ctrl Pts',(70.,62.1686557185202,34.5399999999899));
#5170=CARTESIAN_POINT('Ctrl Pts',(60.,62.1686557185202,34.5399999999899));
#5171=CARTESIAN_POINT('Ctrl Pts',(70.,62.3919042762189,33.8999999999876));
#5172=CARTESIAN_POINT('Ctrl Pts',(60.,62.3919042762189,33.8999999999876));
#5173=CARTESIAN_POINT('Ctrl Pts',(70.,62.5990613894487,33.0999999999893));
#5174=CARTESIAN_POINT('Ctrl Pts',(60.,62.5990613894487,33.0999999999893));
#5175=CARTESIAN_POINT('Ctrl Pts',(70.,62.7278889639404,32.2999999999939));
#5176=CARTESIAN_POINT('Ctrl Pts',(60.,62.7278889639404,32.2999999999939));
#5177=CARTESIAN_POINT('Ctrl Pts',(70.,62.7719947135797,31.5));
#5178=CARTESIAN_POINT('Ctrl Pts',(60.,62.7719947135797,31.5));
#5179=CARTESIAN_POINT('Ctrl Pts',(70.,62.7278889639383,30.7000000000061));
#5180=CARTESIAN_POINT('Ctrl Pts',(60.,62.7278889639383,30.7000000000061));
#5181=CARTESIAN_POINT('Ctrl Pts',(70.,62.5990613894454,29.9000000000107));
#5182=CARTESIAN_POINT('Ctrl Pts',(60.,62.5990613894454,29.9000000000107));
#5183=CARTESIAN_POINT('Ctrl Pts',(70.,62.3919042762157,29.1000000000123));
#5184=CARTESIAN_POINT('Ctrl Pts',(60.,62.3919042762157,29.1000000000123));
#5185=CARTESIAN_POINT('Ctrl Pts',(70.,62.1686557185178,28.4600000000101));
#5186=CARTESIAN_POINT('Ctrl Pts',(60.,62.1686557185178,28.4600000000101));
#5187=CARTESIAN_POINT('Ctrl Pts',(70.,61.9709190920135,27.980000000006));
#5188=CARTESIAN_POINT('Ctrl Pts',(60.,61.9709190920135,27.980000000006));
#5189=CARTESIAN_POINT('Ctrl Pts',(70.,61.8258476091934,27.6600000000022));
#5190=CARTESIAN_POINT('Ctrl Pts',(60.,61.8258476091934,27.6600000000022));
#5191=CARTESIAN_POINT('Ctrl Pts',(70.,61.75,27.5));
#5192=CARTESIAN_POINT('Ctrl Pts',(60.,61.75,27.5));
#5193=CARTESIAN_POINT('',(60.,61.75,35.5));
#5194=CARTESIAN_POINT('',(70.,61.75,35.5));
#5195=CARTESIAN_POINT('',(60.,61.75,27.5));
#5196=CARTESIAN_POINT('Ctrl Pts',(60.,61.75,35.5));
#5197=CARTESIAN_POINT('Ctrl Pts',(60.,61.8258476091939,35.3399999999978));
#5198=CARTESIAN_POINT('Ctrl Pts',(60.,61.9709190920148,35.019999999994));
#5199=CARTESIAN_POINT('Ctrl Pts',(60.,62.1686557185202,34.5399999999899));
#5200=CARTESIAN_POINT('Ctrl Pts',(60.,62.3919042762189,33.8999999999876));
#5201=CARTESIAN_POINT('Ctrl Pts',(60.,62.5990613894487,33.0999999999893));
#5202=CARTESIAN_POINT('Ctrl Pts',(60.,62.7278889639404,32.2999999999939));
#5203=CARTESIAN_POINT('Ctrl Pts',(60.,62.7719947135797,31.5));
#5204=CARTESIAN_POINT('Ctrl Pts',(60.,62.7278889639383,30.7000000000061));
#5205=CARTESIAN_POINT('Ctrl Pts',(60.,62.5990613894454,29.9000000000107));
#5206=CARTESIAN_POINT('Ctrl Pts',(60.,62.3919042762157,29.1000000000123));
#5207=CARTESIAN_POINT('Ctrl Pts',(60.,62.1686557185178,28.4600000000101));
#5208=CARTESIAN_POINT('Ctrl Pts',(60.,61.9709190920135,27.980000000006));
#5209=CARTESIAN_POINT('Ctrl Pts',(60.,61.8258476091934,27.6600000000022));
#5210=CARTESIAN_POINT('Ctrl Pts',(60.,61.75,27.5));
#5211=CARTESIAN_POINT('',(70.,61.75,27.5));
#5212=CARTESIAN_POINT('Origin',(70.,53.75,35.5));
#5213=CARTESIAN_POINT('',(60.,53.75,35.5));
#5214=CARTESIAN_POINT('',(70.,53.75,35.5));
#5215=CARTESIAN_POINT('',(60.,61.75,35.5));
#5216=CARTESIAN_POINT('Origin',(60.,58.2609973567898,31.5));
#5217=CARTESIAN_POINT('',(60.,53.75,27.5));
#5218=CARTESIAN_POINT('',(60.,53.75,112.));
#5219=CARTESIAN_POINT('',(60.,53.75,27.5));
#5220=CARTESIAN_POINT('Origin',(70.,-53.75,27.5));
#5221=CARTESIAN_POINT('',(58.,-53.75,27.5));
#5222=CARTESIAN_POINT('',(70.,-53.75,27.5));
#5223=CARTESIAN_POINT('',(58.,-53.75,192.5));
#5224=CARTESIAN_POINT('',(58.,-53.75,184.5));
#5225=CARTESIAN_POINT('',(70.,-53.75,192.5));
#5226=CARTESIAN_POINT('Origin',(70.,53.75,192.5));
#5227=CARTESIAN_POINT('',(58.,53.75,192.5));
#5228=CARTESIAN_POINT('',(70.,53.75,192.5));
#5229=CARTESIAN_POINT('',(58.,53.75,35.5));
#5230=CARTESIAN_POINT('',(64.,53.75,17.));
#5231=CARTESIAN_POINT('',(48.,53.75,17.));
#5232=CARTESIAN_POINT('',(64.,53.75,27.5));
#5233=CARTESIAN_POINT('',(64.,53.75,27.5));
#5234=CARTESIAN_POINT('',(70.,53.75,27.5));
#5235=CARTESIAN_POINT('Origin',(25.,-76.9459271066772,49.3923101204883));
#5236=CARTESIAN_POINT('',(6.99999999999999,-76.9459271066772,49.3923101204883));
#5237=CARTESIAN_POINT('Origin',(25.,-76.9459271066772,49.3923101204883));
#5238=CARTESIAN_POINT('',(3.73584639291501,-70.0522728355918,50.6078473641568));
#5239=CARTESIAN_POINT('',(6.99999999999999,-76.9459271066772,49.3923101204883));
#5240=CARTESIAN_POINT('Origin',(25.,-70.0522728355918,50.6078473641568));
#5241=CARTESIAN_POINT('Origin',(64.,23.75,22.25));
#5242=CARTESIAN_POINT('',(64.,-6.25,27.5));
#5243=CARTESIAN_POINT('',(64.,-6.25,17.));
#5244=CARTESIAN_POINT('',(64.,-6.25,17.));
#5245=CARTESIAN_POINT('',(64.,38.75,27.5));
#5246=CARTESIAN_POINT('',(64.,53.75,17.));
#5247=CARTESIAN_POINT('Origin',(58.,-6.25,27.5));
#5248=CARTESIAN_POINT('',(58.,-6.25,27.5));
#5249=CARTESIAN_POINT('',(58.,-6.25,68.75));
#5250=CARTESIAN_POINT('',(59.,-6.25,27.5));
#5251=CARTESIAN_POINT('',(48.,-6.25,17.));
#5252=CARTESIAN_POINT('Origin',(70.,-53.75,192.5));
#5253=CARTESIAN_POINT('',(58.,53.75,192.5));
#5254=CARTESIAN_POINT('Origin',(70.,53.75,27.5));
#5255=CARTESIAN_POINT('',(58.,-53.75,27.5));
#5256=CARTESIAN_POINT('Origin',(58.,0.,110.));
#5257=CARTESIAN_POINT('Origin',(65.,87.6326980708465,110.));
#5258=CARTESIAN_POINT('',(65.,87.6326980708465,110.));
#5259=CARTESIAN_POINT('',(65.,87.6326980708465,110.));
#5260=CARTESIAN_POINT('',(32.5,87.6326980708465,110.));
#5261=CARTESIAN_POINT('Ctrl Pts',(70.,82.5555650114178,110.));
#5262=CARTESIAN_POINT('Ctrl Pts',(70.,87.6326980708465,110.));
#5263=CARTESIAN_POINT('Ctrl Pts',(65.,87.6326980708465,110.));
#5264=CARTESIAN_POINT('Ctrl Pts',(70.,82.5555650114178,210.));
#5265=CARTESIAN_POINT('Ctrl Pts',(70.,87.6326980708465,210.));
#5266=CARTESIAN_POINT('Ctrl Pts',(65.,87.6326980708465,210.));
#5267=CARTESIAN_POINT('Origin',(65.,82.5555650114178,110.));
#5268=CARTESIAN_POINT('Ctrl Pts',(65.,-87.6326980708465,110.));
#5269=CARTESIAN_POINT('Ctrl Pts',(70.,-87.6326980708465,110.));
#5270=CARTESIAN_POINT('Ctrl Pts',(70.,-82.5555650114178,110.));
#5271=CARTESIAN_POINT('Ctrl Pts',(65.,-87.6326980708465,210.));
#5272=CARTESIAN_POINT('Ctrl Pts',(70.,-87.6326980708465,210.));
#5273=CARTESIAN_POINT('Ctrl Pts',(70.,-82.5555650114178,210.));
#5274=CARTESIAN_POINT('',(65.,-87.6326980708465,110.));
#5275=CARTESIAN_POINT('Origin',(65.,-82.5555650114178,110.));
#5276=CARTESIAN_POINT('',(65.,-87.6326980708465,110.));
#5277=CARTESIAN_POINT('Origin',(-65.,-87.6326980708465,110.));
#5278=CARTESIAN_POINT('',(-32.5,-87.6326980708465,110.));
#5279=CARTESIAN_POINT('Origin',(-64.,4.68340697508249,21.));
#5280=CARTESIAN_POINT('',(-63.,6.68340697508249,21.));
#5281=CARTESIAN_POINT('',(-63.,4.68340697508249,23.));
#5282=CARTESIAN_POINT('Origin',(-63.,4.68340697508249,21.));
#5283=CARTESIAN_POINT('',(-64.,4.68340697508249,22.));
#5284=CARTESIAN_POINT('Origin',(-64.,4.68340697508249,23.));
#5285=CARTESIAN_POINT('',(-64.,5.68340697508249,21.));
#5286=CARTESIAN_POINT('Origin',(-64.,4.68340697508249,21.));
#5287=CARTESIAN_POINT('Origin',(-64.,6.68340697508249,21.));
#5288=CARTESIAN_POINT('Origin',(-64.,-3.31659302491751,21.));
#5289=CARTESIAN_POINT('',(-64.,-3.31659302491751,22.));
#5290=CARTESIAN_POINT('',(-64.,-4.31659302491751,21.));
#5291=CARTESIAN_POINT('Origin',(-64.,-3.31659302491751,21.));
#5292=CARTESIAN_POINT('',(-63.,-3.31659302491751,23.));
#5293=CARTESIAN_POINT('Origin',(-64.,-3.31659302491751,23.));
#5294=CARTESIAN_POINT('',(-63.,-5.31659302491751,21.));
#5295=CARTESIAN_POINT('Origin',(-63.,-3.31659302491751,21.));
#5296=CARTESIAN_POINT('Origin',(-64.,-5.31659302491751,21.));
#5297=CARTESIAN_POINT('Origin',(-64.,35.3417034875412,23.));
#5298=CARTESIAN_POINT('',(-63.,35.3417034875412,23.));
#5299=CARTESIAN_POINT('',(-64.,35.3417034875412,22.));
#5300=CARTESIAN_POINT('Origin',(-69.,4.68340697508249,21.));
#5301=CARTESIAN_POINT('',(-69.,4.68340697508249,22.));
#5302=CARTESIAN_POINT('',(-69.,5.68340697508249,21.));
#5303=CARTESIAN_POINT('Origin',(-69.,4.68340697508249,21.));
#5304=CARTESIAN_POINT('',(-70.,4.68340697508249,23.));
#5305=CARTESIAN_POINT('Origin',(-69.,4.68340697508249,23.));
#5306=CARTESIAN_POINT('',(-70.,6.68340697508249,21.));
#5307=CARTESIAN_POINT('Origin',(-70.,4.68340697508249,21.));
#5308=CARTESIAN_POINT('Origin',(-69.,6.68340697508249,21.));
#5309=CARTESIAN_POINT('Origin',(-64.,4.68340697508249,19.));
#5310=CARTESIAN_POINT('',(-63.,4.68340697508249,17.));
#5311=CARTESIAN_POINT('',(-63.,6.68340697508249,19.));
#5312=CARTESIAN_POINT('Origin',(-63.,4.68340697508249,19.));
#5313=CARTESIAN_POINT('',(-64.,5.68340697508249,19.));
#5314=CARTESIAN_POINT('Origin',(-64.,6.68340697508249,19.));
#5315=CARTESIAN_POINT('',(-64.,4.68340697508249,18.));
#5316=CARTESIAN_POINT('Origin',(-64.,4.68340697508249,19.));
#5317=CARTESIAN_POINT('Origin',(-64.,4.68340697508249,17.));
#5318=CARTESIAN_POINT('Origin',(-64.,6.68340697508249,14.));
#5319=CARTESIAN_POINT('',(-63.,6.68340697508249,14.));
#5320=CARTESIAN_POINT('',(-64.,5.68340697508249,14.));
#5321=CARTESIAN_POINT('Origin',(-69.,-3.31659302491751,21.));
#5322=CARTESIAN_POINT('',(-70.,-5.31659302491751,21.));
#5323=CARTESIAN_POINT('',(-70.,-3.31659302491751,23.));
#5324=CARTESIAN_POINT('Origin',(-70.,-3.31659302491751,21.));
#5325=CARTESIAN_POINT('',(-69.,-3.31659302491751,22.));
#5326=CARTESIAN_POINT('Origin',(-69.,-3.31659302491751,23.));
#5327=CARTESIAN_POINT('',(-69.,-4.31659302491751,21.));
#5328=CARTESIAN_POINT('Origin',(-69.,-3.31659302491751,21.));
#5329=CARTESIAN_POINT('Origin',(-69.,-5.31659302491751,21.));
#5330=CARTESIAN_POINT('Origin',(-69.,35.3417034875412,23.));
#5331=CARTESIAN_POINT('',(-70.,35.3417034875412,23.));
#5332=CARTESIAN_POINT('',(-69.,35.3417034875412,22.));
#5333=CARTESIAN_POINT('Origin',(-70.,-3.31659302491751,21.));
#5334=CARTESIAN_POINT('',(-70.,-4.31659302491751,21.));
#5335=CARTESIAN_POINT('',(-70.,-3.31659302491751,22.));
#5336=CARTESIAN_POINT('Origin',(-64.,-3.31659302491751,19.));
#5337=CARTESIAN_POINT('',(-63.,-5.31659302491751,19.));
#5338=CARTESIAN_POINT('',(-63.,-3.31659302491751,17.));
#5339=CARTESIAN_POINT('Origin',(-63.,-3.31659302491751,19.));
#5340=CARTESIAN_POINT('',(-64.,-3.31659302491751,18.));
#5341=CARTESIAN_POINT('Origin',(-64.,-3.31659302491751,17.));
#5342=CARTESIAN_POINT('',(-64.,-4.31659302491751,19.));
#5343=CARTESIAN_POINT('Origin',(-64.,-3.31659302491751,19.));
#5344=CARTESIAN_POINT('Origin',(-64.,-5.31659302491751,19.));
#5345=CARTESIAN_POINT('Origin',(-64.,30.3417034875412,17.));
#5346=CARTESIAN_POINT('',(-63.,32.5,17.));
#5347=CARTESIAN_POINT('',(-64.,30.3417034875412,18.));
#5348=CARTESIAN_POINT('Origin',(-69.,4.68340697508249,19.));
#5349=CARTESIAN_POINT('',(-69.,5.68340697508249,19.));
#5350=CARTESIAN_POINT('',(-69.,4.68340697508249,18.));
#5351=CARTESIAN_POINT('Origin',(-69.,4.68340697508249,19.));
#5352=CARTESIAN_POINT('',(-70.,6.68340697508249,19.));
#5353=CARTESIAN_POINT('Origin',(-69.,6.68340697508249,19.));
#5354=CARTESIAN_POINT('',(-70.,4.68340697508249,17.));
#5355=CARTESIAN_POINT('Origin',(-70.,4.68340697508249,19.));
#5356=CARTESIAN_POINT('Origin',(-69.,4.68340697508249,17.));
#5357=CARTESIAN_POINT('Origin',(-69.,6.68340697508249,14.));
#5358=CARTESIAN_POINT('',(-70.,6.68340697508249,14.));
#5359=CARTESIAN_POINT('',(-69.,5.68340697508249,14.));
#5360=CARTESIAN_POINT('Origin',(-69.,-3.31659302491751,19.));
#5361=CARTESIAN_POINT('',(-69.,-3.31659302491751,18.));
#5362=CARTESIAN_POINT('',(-69.,-4.31659302491751,19.));
#5363=CARTESIAN_POINT('Origin',(-69.,-3.31659302491751,19.));
#5364=CARTESIAN_POINT('',(-70.,-3.31659302491751,17.));
#5365=CARTESIAN_POINT('Origin',(-69.,-3.31659302491751,17.));
#5366=CARTESIAN_POINT('',(-70.,-5.31659302491751,19.));
#5367=CARTESIAN_POINT('Origin',(-70.,-3.31659302491751,19.));
#5368=CARTESIAN_POINT('Origin',(-69.,-5.31659302491751,19.));
#5369=CARTESIAN_POINT('Origin',(-69.,30.3417034875412,17.));
#5370=CARTESIAN_POINT('',(-70.,30.3417034875412,17.));
#5371=CARTESIAN_POINT('',(-69.,30.3417034875412,18.));
#5372=CARTESIAN_POINT('Origin',(-69.,-5.31659302491751,16.));
#5373=CARTESIAN_POINT('',(-70.,-5.31659302491751,16.));
#5374=CARTESIAN_POINT('',(-69.,-4.31659302491751,16.));
#5375=CARTESIAN_POINT('Origin',(-70.,-3.31659302491751,19.));
#5376=CARTESIAN_POINT('',(-70.,-3.31659302491751,18.));
#5377=CARTESIAN_POINT('',(-70.,-4.31659302491751,19.));
#5378=CARTESIAN_POINT('Origin',(-70.,4.68340697508249,19.));
#5379=CARTESIAN_POINT('',(-70.,5.68340697508249,19.));
#5380=CARTESIAN_POINT('',(-70.,4.68340697508249,18.));
#5381=CARTESIAN_POINT('Origin',(-64.,-5.31659302491751,16.));
#5382=CARTESIAN_POINT('',(-63.,-5.31659302491751,16.));
#5383=CARTESIAN_POINT('',(-64.,-4.31659302491751,16.));
#5384=CARTESIAN_POINT('Origin',(-70.,4.68340697508249,21.));
#5385=CARTESIAN_POINT('',(-70.,4.68340697508249,22.));
#5386=CARTESIAN_POINT('',(-70.,5.68340697508249,21.));
#5387=CARTESIAN_POINT('Origin',(-70.,5.68340697508249,22.));
#5388=CARTESIAN_POINT('Origin',(-70.,-4.31659302491751,22.));
#5389=CARTESIAN_POINT('Origin',(-70.,5.68340697508249,18.));
#5390=CARTESIAN_POINT('Origin',(-70.,65.,10.));
#5391=CARTESIAN_POINT('',(-70.,64.9228669405713,10.));
#5392=CARTESIAN_POINT('',(-70.,82.5555650114178,110.));
#5393=CARTESIAN_POINT('',(-70.,65.0005770109213,10.4407157091776));
#5394=CARTESIAN_POINT('',(-70.,-64.9228669405713,10.));
#5395=CARTESIAN_POINT('',(-70.,65.,10.));
#5396=CARTESIAN_POINT('',(-70.,-82.5555650114178,110.));
#5397=CARTESIAN_POINT('',(-70.,-63.0405871864634,-0.674938948906667));
#5398=CARTESIAN_POINT('',(-70.,65.,110.));
#5399=CARTESIAN_POINT('Origin',(-70.,-4.31659302491751,18.));
#5400=CARTESIAN_POINT('Origin',(65.,63.1063457289145,11.2155372436685));
#5401=CARTESIAN_POINT('',(-63.,64.1263025817591,17.));
#5402=CARTESIAN_POINT('',(32.5,64.126302581759,17.));
#5403=CARTESIAN_POINT('',(-63.,80.5247117876463,110.));
#5404=CARTESIAN_POINT('',(32.5,80.5247117876463,110.));
#5405=CARTESIAN_POINT('',(-63.,63.0309615048969,10.7880120645114));
#5406=CARTESIAN_POINT('Origin',(-65.,-63.1063457289145,11.2155372436685));
#5407=CARTESIAN_POINT('',(-63.,-80.5247117876463,110.));
#5408=CARTESIAN_POINT('',(-32.5,-80.5247117876463,110.));
#5409=CARTESIAN_POINT('',(-63.,-64.126302581759,17.));
#5410=CARTESIAN_POINT('',(-32.5,-64.126302581759,17.));
#5411=CARTESIAN_POINT('',(-63.,-61.070971680439,-0.327642593572808));
#5412=CARTESIAN_POINT('Origin',(-8.88178419700125E-15,8.88178419700125E-15,
17.));
#5413=CARTESIAN_POINT('',(-63.,32.5,17.));
#5414=CARTESIAN_POINT('',(-63.,32.5,17.));
#5415=CARTESIAN_POINT('Origin',(-63.,65.,10.));
#5416=CARTESIAN_POINT('',(-63.,32.5,110.));
#5417=CARTESIAN_POINT('Origin',(-65.,65.0005770109213,10.4407157091776));
#5418=CARTESIAN_POINT('',(-65.,70.,10.));
#5419=CARTESIAN_POINT('Origin',(-65.,64.9228669405713,10.));
#5420=CARTESIAN_POINT('',(-65.,87.6326980708465,110.));
#5421=CARTESIAN_POINT('Origin',(-65.,82.5555650114178,110.));
#5422=CARTESIAN_POINT('',(-65.,69.9246157759824,9.57247482084292));
#5423=CARTESIAN_POINT('Origin',(-8.88178419700125E-15,8.88178419700125E-15,
10.));
#5424=CARTESIAN_POINT('',(65.,70.,10.));
#5425=CARTESIAN_POINT('',(65.,70.,10.));
#5426=CARTESIAN_POINT('Origin',(65.,64.9228669405713,10.));
#5427=CARTESIAN_POINT('',(65.,-70.,10.));
#5428=CARTESIAN_POINT('Origin',(65.,-64.9228669405713,10.));
#5429=CARTESIAN_POINT('',(-65.,-70.,10.));
#5430=CARTESIAN_POINT('',(-65.,-70.,10.));
#5431=CARTESIAN_POINT('Origin',(-65.,-64.9228669405713,10.));
#5432=CARTESIAN_POINT('Origin',(-65.,-63.0405871864634,-0.674938948906667));
#5433=CARTESIAN_POINT('',(-65.,-87.6326980708465,110.));
#5434=CARTESIAN_POINT('',(-65.,-67.9646259515244,-1.54317983724132));
#5435=CARTESIAN_POINT('Origin',(-65.,-82.5555650114178,110.));
#5436=CARTESIAN_POINT('Origin',(-65.,-70.,10.));
#5437=CARTESIAN_POINT('',(65.,-69.9246157759824,9.57247482084291));
#5438=CARTESIAN_POINT('',(-32.5,-87.6326980708465,110.));
#5439=CARTESIAN_POINT('Origin',(65.,-65.0005770109213,10.4407157091776));
#5440=CARTESIAN_POINT('Origin',(65.,63.0405871864634,-0.674938948906665));
#5441=CARTESIAN_POINT('',(65.,67.9646259515244,-1.54317983724131));
#5442=CARTESIAN_POINT('Origin',(65.,70.,10.));
#5443=CARTESIAN_POINT('',(32.5,87.6326980708465,110.));
#5444=CARTESIAN_POINT('Origin',(-8.88178419700125E-15,8.88178419700125E-15,
110.));
#5445=UNCERTAINTY_MEASURE_WITH_UNIT(LENGTH_MEASURE(0.01),#5449,
'DISTANCE_ACCURACY_VALUE',
'Maximum model space distance between geometric entities at asserted c
onnectivities');
#5446=UNCERTAINTY_MEASURE_WITH_UNIT(LENGTH_MEASURE(0.01),#5449,
'DISTANCE_ACCURACY_VALUE',
'Maximum model space distance between geometric entities at asserted c
onnectivities');
#5447=(
GEOMETRIC_REPRESENTATION_CONTEXT(3)
GLOBAL_UNCERTAINTY_ASSIGNED_CONTEXT((#5445))
GLOBAL_UNIT_ASSIGNED_CONTEXT((#5449,#5451,#5452))
REPRESENTATION_CONTEXT('','3D')
);
#5448=(
GEOMETRIC_REPRESENTATION_CONTEXT(3)
GLOBAL_UNCERTAINTY_ASSIGNED_CONTEXT((#5446))
GLOBAL_UNIT_ASSIGNED_CONTEXT((#5449,#5451,#5452))
REPRESENTATION_CONTEXT('','3D')
);
#5449=(
LENGTH_UNIT()
NAMED_UNIT(*)
SI_UNIT(.MILLI.,.METRE.)
);
#5450=(
LENGTH_UNIT()
NAMED_UNIT(*)
SI_UNIT($,.METRE.)
);
#5451=(
NAMED_UNIT(*)
PLANE_ANGLE_UNIT()
SI_UNIT($,.RADIAN.)
);
#5452=(
NAMED_UNIT(*)
SI_UNIT($,.STERADIAN.)
SOLID_ANGLE_UNIT()
);
#5453=SHAPE_DEFINITION_REPRESENTATION(#5454,#5455);
#5454=PRODUCT_DEFINITION_SHAPE('',$,#5457);
#5455=SHAPE_REPRESENTATION('',(#3137),#5447);
#5456=PRODUCT_DEFINITION_CONTEXT('part definition',#5461,'design');
#5457=PRODUCT_DEFINITION('2025-10-23-22-58-05-057','component_box',#5458,
#5456);
#5458=PRODUCT_DEFINITION_FORMATION('',$,#5463);
#5459=PRODUCT_RELATED_PRODUCT_CATEGORY('component_box','component_box',
(#5463));
#5460=APPLICATION_PROTOCOL_DEFINITION('international standard',
'automotive_design',2009,#5461);
#5461=APPLICATION_CONTEXT(
'Core Data for Automotive Mechanical Design Process');
#5462=PRODUCT_CONTEXT('part definition',#5461,'mechanical');
#5463=PRODUCT('2025-10-23-22-58-05-057','component_box',$,(#5462));
#5464=PRESENTATION_STYLE_ASSIGNMENT((#5465));
#5465=SURFACE_STYLE_USAGE(.BOTH.,#5466);
#5466=SURFACE_SIDE_STYLE('',(#5467));
#5467=SURFACE_STYLE_FILL_AREA(#5468);
#5468=FILL_AREA_STYLE('Steel - Satin',(#5469));
#5469=FILL_AREA_STYLE_COLOUR('Steel - Satin',#5470);
#5470=COLOUR_RGB('Steel - Satin',0.627450980392157,0.627450980392157,0.627450980392157);
ENDSEC;
END-ISO-10303-21;
