ISO-10303-21;
HEADER;
/* Generated by software containing ST-Developer
 * from STEP Tools, Inc. (www.steptools.com) 
 */

FILE_DESCRIPTION(
/* description */ (''),
/* implementation_level */ '2;1');

FILE_NAME(
/* name */ 'P3-caps.step',
/* time_stamp */ '2025-10-23T22:58:38+05:30',
/* author */ (''),
/* organization */ (''),
/* preprocessor_version */ 'ST-DEVELOPER v20.1',
/* originating_system */ 'Autodesk Translation Framework v14.17.0.0',
/* authorisation */ '');

FILE_SCHEMA (('AUTOMOTIVE_DESIGN { 1 0 10303 214 3 1 1 }'));
ENDSEC;

DATA;
#10=MECHANICAL_DESIGN_GEOMETRIC_PRESENTATION_REPRESENTATION('',(#13,#14,
#15,#16),#1424);
#11=SHAPE_REPRESENTATION_RELATIONSHIP('SRR','None',#1431,#12);
#12=ADVANCED_BREP_SHAPE_REPRESENTATION('',(#17,#18,#19,#20),#1423);
#13=STYLED_ITEM('',(#1440),#17);
#14=STYLED_ITEM('',(#1440),#18);
#15=STYLED_ITEM('',(#1440),#19);
#16=STYLED_ITEM('',(#1440),#20);
#17=MANIFOLD_SOLID_BREP('Body1',#601);
#18=MANIFOLD_SOLID_BREP('Body2',#602);
#19=MANIFOLD_SOLID_BREP('Body3',#603);
#20=MANIFOLD_SOLID_BREP('Body4',#604);
#21=PLANE('',#623);
#22=PLANE('',#624);
#23=PLANE('',#625);
#24=PLANE('',#626);
#25=PLANE('',#627);
#26=PLANE('',#633);
#27=PLANE('',#634);
#28=PLANE('',#635);
#29=PLANE('',#636);
#30=PLANE('',#637);
#31=PLANE('',#643);
#32=PLANE('',#644);
#33=PLANE('',#645);
#34=PLANE('',#646);
#35=PLANE('',#647);
#36=PLANE('',#653);
#37=PLANE('',#654);
#38=PLANE('',#655);
#39=PLANE('',#656);
#40=PLANE('',#657);
#41=(
BOUNDED_CURVE()
B_SPLINE_CURVE(5,(#922,#923,#924,#925,#926,#927,#928,#929,#930,#931,#932,
#933,#934,#935,#936),.UNSPECIFIED.,.F.,.F.)
B_SPLINE_CURVE_WITH_KNOTS((6,1,1,1,1,1,1,1,1,1,6),(-1.,-0.9,-0.8,-0.7,-0.6,
-0.5,-0.4,-0.3,-0.2,-0.1,0.),.UNSPECIFIED.)
CURVE()
GEOMETRIC_REPRESENTATION_ITEM()
RATIONAL_B_SPLINE_CURVE((1.,1.,1.,1.,1.,1.,1.,1.,1.,1.,1.,1.,1.,1.,1.))
REPRESENTATION_ITEM('')
);
#42=(
BOUNDED_CURVE()
B_SPLINE_CURVE(5,(#1079,#1080,#1081,#1082,#1083,#1084,#1085,#1086,#1087,
#1088,#1089,#1090,#1091,#1092,#1093),.UNSPECIFIED.,.F.,.F.)
B_SPLINE_CURVE_WITH_KNOTS((6,1,1,1,1,1,1,1,1,1,6),(-1.,-0.9,-0.8,-0.7,-0.6,
-0.5,-0.4,-0.3,-0.2,-0.1,0.),.UNSPECIFIED.)
CURVE()
GEOMETRIC_REPRESENTATION_ITEM()
RATIONAL_B_SPLINE_CURVE((1.,1.,1.,1.,1.,1.,1.,1.,1.,1.,1.,1.,1.,1.,1.))
REPRESENTATION_ITEM('')
);
#43=(
BOUNDED_CURVE()
B_SPLINE_CURVE(5,(#1248,#1249,#1250,#1251,#1252,#1253,#1254,#1255,#1256,
#1257,#1258,#1259,#1260,#1261,#1262),.UNSPECIFIED.,.F.,.F.)
B_SPLINE_CURVE_WITH_KNOTS((6,1,1,1,1,1,1,1,1,1,6),(-1.,-0.9,-0.8,-0.7,-0.6,
-0.5,-0.4,-0.3,-0.2,-0.1,0.),.UNSPECIFIED.)
CURVE()
GEOMETRIC_REPRESENTATION_ITEM()
RATIONAL_B_SPLINE_CURVE((1.,1.,1.,1.,1.,1.,1.,1.,1.,1.,1.,1.,1.,1.,1.))
REPRESENTATION_ITEM('')
);
#44=(
BOUNDED_CURVE()
B_SPLINE_CURVE(5,(#1405,#1406,#1407,#1408,#1409,#1410,#1411,#1412,#1413,
#1414,#1415,#1416,#1417,#1418,#1419),.UNSPECIFIED.,.F.,.F.)
B_SPLINE_CURVE_WITH_KNOTS((6,1,1,1,1,1,1,1,1,1,6),(-1.,-0.9,-0.8,-0.7,-0.6,
-0.5,-0.4,-0.3,-0.2,-0.1,0.),.UNSPECIFIED.)
CURVE()
GEOMETRIC_REPRESENTATION_ITEM()
RATIONAL_B_SPLINE_CURVE((1.,1.,1.,1.,1.,1.,1.,1.,1.,1.,1.,1.,1.,1.,1.))
REPRESENTATION_ITEM('')
);
#45=(
BOUNDED_SURFACE()
B_SPLINE_SURFACE(5,1,((#889,#890),(#891,#892),(#893,#894),(#895,#896),(#897,
#898),(#899,#900),(#901,#902),(#903,#904),(#905,#906),(#907,#908),(#909,
#910),(#911,#912),(#913,#914),(#915,#916),(#917,#918)),.UNSPECIFIED.,.F.,
 .F.,.F.)
B_SPLINE_SURFACE_WITH_KNOTS((6,1,1,1,1,1,1,1,1,1,6),(2,2),(-1.,-0.9,-0.8,
-0.7,-0.6,-0.5,-0.4,-0.3,-0.2,-0.1,0.),(0.,1.),.UNSPECIFIED.)
GEOMETRIC_REPRESENTATION_ITEM()
RATIONAL_B_SPLINE_SURFACE(((1.,1.),(1.,1.),(1.,1.),(1.,1.),(1.,1.),(1.,
1.),(1.,1.),(1.,1.),(1.,1.),(1.,1.),(1.,1.),(1.,1.),(1.,1.),(1.,1.),(1.,
1.)))
REPRESENTATION_ITEM('')
SURFACE()
);
#46=(
BOUNDED_SURFACE()
B_SPLINE_SURFACE(5,1,((#1046,#1047),(#1048,#1049),(#1050,#1051),(#1052,
#1053),(#1054,#1055),(#1056,#1057),(#1058,#1059),(#1060,#1061),(#1062,#1063),
(#1064,#1065),(#1066,#1067),(#1068,#1069),(#1070,#1071),(#1072,#1073),(#1074,
#1075)),.UNSPECIFIED.,.F.,.F.,.F.)
B_SPLINE_SURFACE_WITH_KNOTS((6,1,1,1,1,1,1,1,1,1,6),(2,2),(-1.,-0.9,-0.8,
-0.7,-0.6,-0.5,-0.4,-0.3,-0.2,-0.1,0.),(0.,1.),.UNSPECIFIED.)
GEOMETRIC_REPRESENTATION_ITEM()
RATIONAL_B_SPLINE_SURFACE(((1.,1.),(1.,1.),(1.,1.),(1.,1.),(1.,1.),(1.,
1.),(1.,1.),(1.,1.),(1.,1.),(1.,1.),(1.,1.),(1.,1.),(1.,1.),(1.,1.),(1.,
1.)))
REPRESENTATION_ITEM('')
SURFACE()
);
#47=(
BOUNDED_SURFACE()
B_SPLINE_SURFACE(5,1,((#1218,#1219),(#1220,#1221),(#1222,#1223),(#1224,
#1225),(#1226,#1227),(#1228,#1229),(#1230,#1231),(#1232,#1233),(#1234,#1235),
(#1236,#1237),(#1238,#1239),(#1240,#1241),(#1242,#1243),(#1244,#1245),(#1246,
#1247)),.UNSPECIFIED.,.F.,.F.,.F.)
B_SPLINE_SURFACE_WITH_KNOTS((6,1,1,1,1,1,1,1,1,1,6),(2,2),(-1.,-0.9,-0.8,
-0.7,-0.6,-0.5,-0.4,-0.3,-0.2,-0.1,0.),(0.,1.),.UNSPECIFIED.)
GEOMETRIC_REPRESENTATION_ITEM()
RATIONAL_B_SPLINE_SURFACE(((1.,1.),(1.,1.),(1.,1.),(1.,1.),(1.,1.),(1.,
1.),(1.,1.),(1.,1.),(1.,1.),(1.,1.),(1.,1.),(1.,1.),(1.,1.),(1.,1.),(1.,
1.)))
REPRESENTATION_ITEM('')
SURFACE()
);
#48=(
BOUNDED_SURFACE()
B_SPLINE_SURFACE(5,1,((#1375,#1376),(#1377,#1378),(#1379,#1380),(#1381,
#1382),(#1383,#1384),(#1385,#1386),(#1387,#1388),(#1389,#1390),(#1391,#1392),
(#1393,#1394),(#1395,#1396),(#1397,#1398),(#1399,#1400),(#1401,#1402),(#1403,
#1404)),.UNSPECIFIED.,.F.,.F.,.F.)
B_SPLINE_SURFACE_WITH_KNOTS((6,1,1,1,1,1,1,1,1,1,6),(2,2),(-1.,-0.9,-0.8,
-0.7,-0.6,-0.5,-0.4,-0.3,-0.2,-0.1,0.),(0.,1.),.UNSPECIFIED.)
GEOMETRIC_REPRESENTATION_ITEM()
RATIONAL_B_SPLINE_SURFACE(((1.,1.),(1.,1.),(1.,1.),(1.,1.),(1.,1.),(1.,
1.),(1.,1.),(1.,1.),(1.,1.),(1.,1.),(1.,1.),(1.,1.),(1.,1.),(1.,1.),(1.,
1.)))
REPRESENTATION_ITEM('')
SURFACE()
);
#49=B_SPLINE_SURFACE_WITH_KNOTS('',3,3,((#815,#816,#817,#818,#819,#820,
#821),(#822,#823,#824,#825,#826,#827,#828),(#829,#830,#831,#832,#833,#834,
#835),(#836,#837,#838,#839,#840,#841,#842),(#843,#844,#845,#846,#847,#848,
#849)),.UNSPECIFIED.,.F.,.F.,.F.,(4,1,4),(4,1,1,1,4),(0.,0.5,1.),(1.65514360322484E-15,
0.22488892078581,0.337333381178715,0.562222301964524,0.787111222750333),
 .UNSPECIFIED.);
#50=B_SPLINE_SURFACE_WITH_KNOTS('',3,3,((#972,#973,#974,#975,#976,#977,
#978),(#979,#980,#981,#982,#983,#984,#985),(#986,#987,#988,#989,#990,#991,
#992),(#993,#994,#995,#996,#997,#998,#999),(#1000,#1001,#1002,#1003,#1004,
#1005,#1006)),.UNSPECIFIED.,.F.,.F.,.F.,(4,1,4),(4,1,1,1,4),(0.,0.5,1.),
(1.65514360322484E-15,0.22488892078581,0.337333381178715,0.562222301964524,
0.787111222750333),.UNSPECIFIED.);
#51=B_SPLINE_SURFACE_WITH_KNOTS('',3,3,((#1151,#1152,#1153,#1154,#1155,
#1156,#1157),(#1158,#1159,#1160,#1161,#1162,#1163,#1164),(#1165,#1166,#1167,
#1168,#1169,#1170,#1171),(#1172,#1173,#1174,#1175,#1176,#1177,#1178),(#1179,
#1180,#1181,#1182,#1183,#1184,#1185)),.UNSPECIFIED.,.F.,.F.,.F.,(4,1,4),
(4,1,1,1,4),(0.,0.5,1.),(7.21644966006352E-15,0.224888920787501,0.337333381181248,
0.562222301968742,0.787111222756236),.UNSPECIFIED.);
#52=B_SPLINE_SURFACE_WITH_KNOTS('',3,3,((#1308,#1309,#1310,#1311,#1312,
#1313,#1314),(#1315,#1316,#1317,#1318,#1319,#1320,#1321),(#1322,#1323,#1324,
#1325,#1326,#1327,#1328),(#1329,#1330,#1331,#1332,#1333,#1334,#1335),(#1336,
#1337,#1338,#1339,#1340,#1341,#1342)),.UNSPECIFIED.,.F.,.F.,.F.,(4,1,4),
(4,1,1,1,4),(0.,0.5,1.),(7.21644966006352E-15,0.224888920787501,0.337333381181248,
0.562222301968742,0.787111222756236),.UNSPECIFIED.);
#53=FACE_OUTER_BOUND('',#93,.T.);
#54=FACE_OUTER_BOUND('',#94,.T.);
#55=FACE_OUTER_BOUND('',#95,.T.);
#56=FACE_OUTER_BOUND('',#96,.T.);
#57=FACE_OUTER_BOUND('',#97,.T.);
#58=FACE_OUTER_BOUND('',#98,.T.);
#59=FACE_OUTER_BOUND('',#99,.T.);
#60=FACE_OUTER_BOUND('',#100,.T.);
#61=FACE_OUTER_BOUND('',#101,.T.);
#62=FACE_OUTER_BOUND('',#102,.T.);
#63=FACE_OUTER_BOUND('',#103,.T.);
#64=FACE_OUTER_BOUND('',#104,.T.);
#65=FACE_OUTER_BOUND('',#105,.T.);
#66=FACE_OUTER_BOUND('',#106,.T.);
#67=FACE_OUTER_BOUND('',#107,.T.);
#68=FACE_OUTER_BOUND('',#108,.T.);
#69=FACE_OUTER_BOUND('',#109,.T.);
#70=FACE_OUTER_BOUND('',#110,.T.);
#71=FACE_OUTER_BOUND('',#111,.T.);
#72=FACE_OUTER_BOUND('',#112,.T.);
#73=FACE_OUTER_BOUND('',#113,.T.);
#74=FACE_OUTER_BOUND('',#114,.T.);
#75=FACE_OUTER_BOUND('',#115,.T.);
#76=FACE_OUTER_BOUND('',#116,.T.);
#77=FACE_OUTER_BOUND('',#117,.T.);
#78=FACE_OUTER_BOUND('',#118,.T.);
#79=FACE_OUTER_BOUND('',#119,.T.);
#80=FACE_OUTER_BOUND('',#120,.T.);
#81=FACE_OUTER_BOUND('',#121,.T.);
#82=FACE_OUTER_BOUND('',#122,.T.);
#83=FACE_OUTER_BOUND('',#123,.T.);
#84=FACE_OUTER_BOUND('',#124,.T.);
#85=FACE_OUTER_BOUND('',#125,.T.);
#86=FACE_OUTER_BOUND('',#126,.T.);
#87=FACE_OUTER_BOUND('',#127,.T.);
#88=FACE_OUTER_BOUND('',#128,.T.);
#89=FACE_OUTER_BOUND('',#129,.T.);
#90=FACE_OUTER_BOUND('',#130,.T.);
#91=FACE_OUTER_BOUND('',#131,.T.);
#92=FACE_OUTER_BOUND('',#132,.T.);
#93=EDGE_LOOP('',(#389,#390,#391,#392));
#94=EDGE_LOOP('',(#393,#394,#395,#396));
#95=EDGE_LOOP('',(#397,#398,#399,#400));
#96=EDGE_LOOP('',(#401,#402,#403,#404));
#97=EDGE_LOOP('',(#405,#406,#407,#408));
#98=EDGE_LOOP('',(#409,#410,#411,#412));
#99=EDGE_LOOP('',(#413,#414,#415,#416));
#100=EDGE_LOOP('',(#417,#418,#419,#420));
#101=EDGE_LOOP('',(#421,#422,#423,#424));
#102=EDGE_LOOP('',(#425,#426,#427,#428));
#103=EDGE_LOOP('',(#429,#430,#431,#432));
#104=EDGE_LOOP('',(#433,#434,#435,#436));
#105=EDGE_LOOP('',(#437,#438,#439,#440));
#106=EDGE_LOOP('',(#441,#442,#443,#444));
#107=EDGE_LOOP('',(#445,#446,#447,#448));
#108=EDGE_LOOP('',(#449,#450,#451,#452));
#109=EDGE_LOOP('',(#453,#454,#455,#456));
#110=EDGE_LOOP('',(#457,#458,#459,#460));
#111=EDGE_LOOP('',(#461,#462,#463,#464));
#112=EDGE_LOOP('',(#465,#466,#467,#468));
#113=EDGE_LOOP('',(#469,#470,#471,#472));
#114=EDGE_LOOP('',(#473,#474,#475,#476));
#115=EDGE_LOOP('',(#477,#478,#479,#480));
#116=EDGE_LOOP('',(#481,#482,#483,#484));
#117=EDGE_LOOP('',(#485,#486,#487,#488));
#118=EDGE_LOOP('',(#489,#490,#491,#492));
#119=EDGE_LOOP('',(#493,#494,#495,#496));
#120=EDGE_LOOP('',(#497,#498,#499,#500));
#121=EDGE_LOOP('',(#501,#502,#503,#504));
#122=EDGE_LOOP('',(#505,#506,#507,#508));
#123=EDGE_LOOP('',(#509,#510,#511,#512));
#124=EDGE_LOOP('',(#513,#514,#515,#516));
#125=EDGE_LOOP('',(#517,#518,#519,#520));
#126=EDGE_LOOP('',(#521,#522,#523,#524));
#127=EDGE_LOOP('',(#525,#526,#527,#528));
#128=EDGE_LOOP('',(#529,#530,#531,#532));
#129=EDGE_LOOP('',(#533,#534,#535,#536));
#130=EDGE_LOOP('',(#537,#538,#539,#540));
#131=EDGE_LOOP('',(#541,#542,#543,#544));
#132=EDGE_LOOP('',(#545,#546,#547,#548));
#133=ELLIPSE('',#619,0.707106781186541,0.5);
#134=ELLIPSE('',#621,0.707106781186579,0.5);
#135=ELLIPSE('',#629,0.707106781186541,0.5);
#136=ELLIPSE('',#631,0.707106781186579,0.5);
#137=ELLIPSE('',#639,0.707106781186541,0.5);
#138=ELLIPSE('',#641,0.707106781186541,0.5);
#139=ELLIPSE('',#649,0.707106781186541,0.5);
#140=ELLIPSE('',#651,0.707106781186541,0.5);
#141=B_SPLINE_CURVE_WITH_KNOTS('',3,(#798,#799,#800,#801,#802,#803,#804,
#805,#806,#807,#808,#809,#810,#811),.UNSPECIFIED.,.F.,.F.,(4,2,2,2,2,2,
4),(-0.0861215972861354,-0.0693758210447125,-0.0513238628322642,-0.0301962679989351,
-0.0152520603382187,0.,0.000377157305744248),.UNSPECIFIED.);
#142=B_SPLINE_CURVE_WITH_KNOTS('',3,(#851,#852,#853,#854,#855,#856,#857),
 .UNSPECIFIED.,.F.,.F.,(4,1,1,1,4),(-0.755677830324512,-0.562222301964524,
-0.337333381178715,-0.22488892078581,-0.0314414745579752),.UNSPECIFIED.);
#143=B_SPLINE_CURVE_WITH_KNOTS('',3,(#859,#860,#861,#862,#863,#864,#865),
 .UNSPECIFIED.,.F.,.F.,(4,1,1,1,4),(1.65514360322484E-15,0.22488892078581,
0.337333381178715,0.562222301964524,0.787111222750333),.UNSPECIFIED.);
#144=B_SPLINE_CURVE_WITH_KNOTS('',3,(#866,#867,#868,#869,#870,#871,#872,
#873,#874,#875,#876,#877,#878,#879),.UNSPECIFIED.,.F.,.F.,(4,2,2,2,2,2,
4),(-0.0860363822497975,-0.0856612411125954,-0.0704907189651006,-0.0556264016248802,
-0.0346117420887135,-0.0166562772726299,0.),.UNSPECIFIED.);
#145=B_SPLINE_CURVE_WITH_KNOTS('',3,(#955,#956,#957,#958,#959,#960,#961,
#962,#963,#964,#965,#966,#967,#968),.UNSPECIFIED.,.F.,.F.,(4,2,2,2,2,2,
4),(-0.0861215972861354,-0.0693758210447125,-0.0513238628322642,-0.0301962679989351,
-0.0152520603382187,0.,0.000377157305744248),.UNSPECIFIED.);
#146=B_SPLINE_CURVE_WITH_KNOTS('',3,(#1008,#1009,#1010,#1011,#1012,#1013,
#1014),.UNSPECIFIED.,.F.,.F.,(4,1,1,1,4),(-0.75567790539469,-0.562222301964524,
-0.337333381178715,-0.22488892078581,-0.0314413963762371),.UNSPECIFIED.);
#147=B_SPLINE_CURVE_WITH_KNOTS('',3,(#1016,#1017,#1018,#1019,#1020,#1021,
#1022),.UNSPECIFIED.,.F.,.F.,(4,1,1,1,4),(1.65514360322484E-15,0.22488892078581,
0.337333381178715,0.562222301964524,0.787111222750333),.UNSPECIFIED.);
#148=B_SPLINE_CURVE_WITH_KNOTS('',3,(#1023,#1024,#1025,#1026,#1027,#1028,
#1029,#1030,#1031,#1032,#1033,#1034,#1035,#1036),.UNSPECIFIED.,.F.,.F.,
(4,2,2,2,2,2,4),(-0.0860363822497975,-0.0856612411125954,-0.0704907189651006,
-0.0556264016248802,-0.0346117420887135,-0.0166562772726299,0.),
 .UNSPECIFIED.);
#149=B_SPLINE_CURVE_WITH_KNOTS('',3,(#1115,#1116,#1117,#1118,#1119,#1120,
#1121,#1122,#1123,#1124,#1125,#1126,#1127,#1128),.UNSPECIFIED.,.F.,.F.,
(4,2,2,2,2,2,4),(-0.000377157300742671,0.,0.0152520602664512,0.030196267844422,
0.0513238625599598,0.0693758206716443,0.0861215968195356),.UNSPECIFIED.);
#150=B_SPLINE_CURVE_WITH_KNOTS('',3,(#1134,#1135,#1136,#1137,#1138,#1139,
#1140,#1141,#1142,#1143,#1144,#1145,#1146,#1147),.UNSPECIFIED.,.F.,.F.,
(4,2,2,2,2,2,4),(-0.0860363822544195,-0.0856612411176565,-0.070490718965533,
-0.0556264016240419,-0.0346117420873544,-0.0166562772718462,0.),
 .UNSPECIFIED.);
#151=B_SPLINE_CURVE_WITH_KNOTS('',3,(#1186,#1187,#1188,#1189,#1190,#1191,
#1192),.UNSPECIFIED.,.F.,.F.,(4,1,1,1,4),(7.21644966006352E-15,0.224888920787501,
0.337333381181248,0.562222301968742,0.787111222756236),.UNSPECIFIED.);
#152=B_SPLINE_CURVE_WITH_KNOTS('',3,(#1193,#1194,#1195,#1196,#1197,#1198,
#1199),.UNSPECIFIED.,.F.,.F.,(4,1,1,1,4),(-0.755677854531615,-0.562222301968742,
-0.337333381181248,-0.224888920787501,-0.0314414494231662),
 .UNSPECIFIED.);
#153=B_SPLINE_CURVE_WITH_KNOTS('',3,(#1272,#1273,#1274,#1275,#1276,#1277,
#1278,#1279,#1280,#1281,#1282,#1283,#1284,#1285),.UNSPECIFIED.,.F.,.F.,
(4,2,2,2,2,2,4),(-0.000377157300742671,0.,0.0152520602664512,0.030196267844422,
0.0513238625599598,0.0693758206716443,0.0861215968195356),.UNSPECIFIED.);
#154=B_SPLINE_CURVE_WITH_KNOTS('',3,(#1291,#1292,#1293,#1294,#1295,#1296,
#1297,#1298,#1299,#1300,#1301,#1302,#1303,#1304),.UNSPECIFIED.,.F.,.F.,
(4,2,2,2,2,2,4),(-0.0860363822544195,-0.0856612411176565,-0.070490718965533,
-0.0556264016240419,-0.0346117420873544,-0.0166562772718462,0.),
 .UNSPECIFIED.);
#155=B_SPLINE_CURVE_WITH_KNOTS('',3,(#1343,#1344,#1345,#1346,#1347,#1348,
#1349),.UNSPECIFIED.,.F.,.F.,(4,1,1,1,4),(7.21644966006352E-15,0.224888920787501,
0.337333381181248,0.562222301968742,0.787111222756236),.UNSPECIFIED.);
#156=B_SPLINE_CURVE_WITH_KNOTS('',3,(#1350,#1351,#1352,#1353,#1354,#1355,
#1356),.UNSPECIFIED.,.F.,.F.,(4,1,1,1,4),(-0.755677912174835,-0.562222301968742,
-0.337333381181248,-0.224888920787501,-0.0314413892845684),
 .UNSPECIFIED.);
#157=LINE('',#796,#209);
#158=LINE('',#813,#210);
#159=LINE('',#882,#211);
#160=LINE('',#884,#212);
#161=LINE('',#887,#213);
#162=LINE('',#888,#214);
#163=LINE('',#920,#215);
#164=LINE('',#937,#216);
#165=LINE('',#940,#217);
#166=LINE('',#941,#218);
#167=LINE('',#945,#219);
#168=LINE('',#946,#220);
#169=LINE('',#948,#221);
#170=LINE('',#953,#222);
#171=LINE('',#970,#223);
#172=LINE('',#1039,#224);
#173=LINE('',#1041,#225);
#174=LINE('',#1044,#226);
#175=LINE('',#1045,#227);
#176=LINE('',#1077,#228);
#177=LINE('',#1094,#229);
#178=LINE('',#1097,#230);
#179=LINE('',#1098,#231);
#180=LINE('',#1102,#232);
#181=LINE('',#1103,#233);
#182=LINE('',#1105,#234);
#183=LINE('',#1110,#235);
#184=LINE('',#1114,#236);
#185=LINE('',#1132,#237);
#186=LINE('',#1149,#238);
#187=LINE('',#1201,#239);
#188=LINE('',#1202,#240);
#189=LINE('',#1205,#241);
#190=LINE('',#1207,#242);
#191=LINE('',#1208,#243);
#192=LINE('',#1211,#244);
#193=LINE('',#1212,#245);
#194=LINE('',#1216,#246);
#195=LINE('',#1217,#247);
#196=LINE('',#1267,#248);
#197=LINE('',#1271,#249);
#198=LINE('',#1289,#250);
#199=LINE('',#1306,#251);
#200=LINE('',#1358,#252);
#201=LINE('',#1359,#253);
#202=LINE('',#1362,#254);
#203=LINE('',#1364,#255);
#204=LINE('',#1365,#256);
#205=LINE('',#1368,#257);
#206=LINE('',#1369,#258);
#207=LINE('',#1373,#259);
#208=LINE('',#1374,#260);
#209=VECTOR('',#662,10.);
#210=VECTOR('',#663,10.);
#211=VECTOR('',#668,10.);
#212=VECTOR('',#669,10.);
#213=VECTOR('',#674,10.);
#214=VECTOR('',#675,10.);
#215=VECTOR('',#676,10.);
#216=VECTOR('',#677,10.);
#217=VECTOR('',#680,10.);
#218=VECTOR('',#681,10.);
#219=VECTOR('',#686,10.);
#220=VECTOR('',#687,10.);
#221=VECTOR('',#690,10.);
#222=VECTOR('',#695,10.);
#223=VECTOR('',#696,10.);
#224=VECTOR('',#701,10.);
#225=VECTOR('',#702,10.);
#226=VECTOR('',#707,10.);
#227=VECTOR('',#708,10.);
#228=VECTOR('',#709,10.);
#229=VECTOR('',#710,10.);
#230=VECTOR('',#713,10.);
#231=VECTOR('',#714,10.);
#232=VECTOR('',#719,10.);
#233=VECTOR('',#720,10.);
#234=VECTOR('',#723,10.);
#235=VECTOR('',#728,10.);
#236=VECTOR('',#731,10.);
#237=VECTOR('',#734,10.);
#238=VECTOR('',#735,10.);
#239=VECTOR('',#740,10.);
#240=VECTOR('',#741,10.);
#241=VECTOR('',#744,10.);
#242=VECTOR('',#745,10.);
#243=VECTOR('',#746,10.);
#244=VECTOR('',#749,10.);
#245=VECTOR('',#750,10.);
#246=VECTOR('',#755,10.);
#247=VECTOR('',#756,10.);
#248=VECTOR('',#761,10.);
#249=VECTOR('',#764,10.);
#250=VECTOR('',#767,10.);
#251=VECTOR('',#768,10.);
#252=VECTOR('',#773,10.);
#253=VECTOR('',#774,10.);
#254=VECTOR('',#777,10.);
#255=VECTOR('',#778,10.);
#256=VECTOR('',#779,10.);
#257=VECTOR('',#782,10.);
#258=VECTOR('',#783,10.);
#259=VECTOR('',#788,10.);
#260=VECTOR('',#789,10.);
#261=VERTEX_POINT('',#794);
#262=VERTEX_POINT('',#795);
#263=VERTEX_POINT('',#797);
#264=VERTEX_POINT('',#812);
#265=VERTEX_POINT('',#850);
#266=VERTEX_POINT('',#858);
#267=VERTEX_POINT('',#881);
#268=VERTEX_POINT('',#883);
#269=VERTEX_POINT('',#919);
#270=VERTEX_POINT('',#921);
#271=VERTEX_POINT('',#939);
#272=VERTEX_POINT('',#944);
#273=VERTEX_POINT('',#951);
#274=VERTEX_POINT('',#952);
#275=VERTEX_POINT('',#954);
#276=VERTEX_POINT('',#969);
#277=VERTEX_POINT('',#1007);
#278=VERTEX_POINT('',#1015);
#279=VERTEX_POINT('',#1038);
#280=VERTEX_POINT('',#1040);
#281=VERTEX_POINT('',#1076);
#282=VERTEX_POINT('',#1078);
#283=VERTEX_POINT('',#1096);
#284=VERTEX_POINT('',#1101);
#285=VERTEX_POINT('',#1108);
#286=VERTEX_POINT('',#1109);
#287=VERTEX_POINT('',#1111);
#288=VERTEX_POINT('',#1113);
#289=VERTEX_POINT('',#1130);
#290=VERTEX_POINT('',#1131);
#291=VERTEX_POINT('',#1133);
#292=VERTEX_POINT('',#1148);
#293=VERTEX_POINT('',#1204);
#294=VERTEX_POINT('',#1206);
#295=VERTEX_POINT('',#1210);
#296=VERTEX_POINT('',#1215);
#297=VERTEX_POINT('',#1265);
#298=VERTEX_POINT('',#1266);
#299=VERTEX_POINT('',#1268);
#300=VERTEX_POINT('',#1270);
#301=VERTEX_POINT('',#1287);
#302=VERTEX_POINT('',#1288);
#303=VERTEX_POINT('',#1290);
#304=VERTEX_POINT('',#1305);
#305=VERTEX_POINT('',#1361);
#306=VERTEX_POINT('',#1363);
#307=VERTEX_POINT('',#1367);
#308=VERTEX_POINT('',#1372);
#309=EDGE_CURVE('',#261,#262,#157,.T.);
#310=EDGE_CURVE('',#262,#263,#141,.T.);
#311=EDGE_CURVE('',#263,#264,#158,.T.);
#312=EDGE_CURVE('',#264,#261,#133,.T.);
#313=EDGE_CURVE('',#265,#263,#142,.T.);
#314=EDGE_CURVE('',#262,#266,#143,.T.);
#315=EDGE_CURVE('',#265,#266,#144,.T.);
#316=EDGE_CURVE('',#267,#261,#159,.T.);
#317=EDGE_CURVE('',#264,#268,#160,.T.);
#318=EDGE_CURVE('',#268,#267,#134,.T.);
#319=EDGE_CURVE('',#266,#267,#161,.T.);
#320=EDGE_CURVE('',#268,#265,#162,.T.);
#321=EDGE_CURVE('',#262,#269,#163,.T.);
#322=EDGE_CURVE('',#270,#269,#41,.T.);
#323=EDGE_CURVE('',#266,#270,#164,.T.);
#324=EDGE_CURVE('',#261,#271,#165,.T.);
#325=EDGE_CURVE('',#269,#271,#166,.T.);
#326=EDGE_CURVE('',#272,#270,#167,.T.);
#327=EDGE_CURVE('',#267,#272,#168,.T.);
#328=EDGE_CURVE('',#271,#272,#169,.T.);
#329=EDGE_CURVE('',#273,#274,#170,.T.);
#330=EDGE_CURVE('',#274,#275,#145,.T.);
#331=EDGE_CURVE('',#275,#276,#171,.T.);
#332=EDGE_CURVE('',#276,#273,#135,.T.);
#333=EDGE_CURVE('',#277,#275,#146,.T.);
#334=EDGE_CURVE('',#274,#278,#147,.T.);
#335=EDGE_CURVE('',#277,#278,#148,.T.);
#336=EDGE_CURVE('',#279,#273,#172,.T.);
#337=EDGE_CURVE('',#276,#280,#173,.T.);
#338=EDGE_CURVE('',#280,#279,#136,.T.);
#339=EDGE_CURVE('',#278,#279,#174,.T.);
#340=EDGE_CURVE('',#280,#277,#175,.T.);
#341=EDGE_CURVE('',#274,#281,#176,.T.);
#342=EDGE_CURVE('',#282,#281,#42,.T.);
#343=EDGE_CURVE('',#278,#282,#177,.T.);
#344=EDGE_CURVE('',#273,#283,#178,.T.);
#345=EDGE_CURVE('',#281,#283,#179,.T.);
#346=EDGE_CURVE('',#284,#282,#180,.T.);
#347=EDGE_CURVE('',#279,#284,#181,.T.);
#348=EDGE_CURVE('',#283,#284,#182,.T.);
#349=EDGE_CURVE('',#285,#286,#183,.T.);
#350=EDGE_CURVE('',#286,#287,#137,.T.);
#351=EDGE_CURVE('',#287,#288,#184,.T.);
#352=EDGE_CURVE('',#285,#288,#149,.T.);
#353=EDGE_CURVE('',#289,#290,#185,.T.);
#354=EDGE_CURVE('',#290,#291,#150,.T.);
#355=EDGE_CURVE('',#291,#292,#186,.T.);
#356=EDGE_CURVE('',#292,#289,#138,.T.);
#357=EDGE_CURVE('',#288,#291,#151,.T.);
#358=EDGE_CURVE('',#290,#285,#152,.T.);
#359=EDGE_CURVE('',#286,#289,#187,.T.);
#360=EDGE_CURVE('',#292,#287,#188,.T.);
#361=EDGE_CURVE('',#292,#293,#189,.T.);
#362=EDGE_CURVE('',#294,#293,#190,.T.);
#363=EDGE_CURVE('',#287,#294,#191,.T.);
#364=EDGE_CURVE('',#291,#295,#192,.T.);
#365=EDGE_CURVE('',#293,#295,#193,.T.);
#366=EDGE_CURVE('',#296,#294,#194,.T.);
#367=EDGE_CURVE('',#288,#296,#195,.T.);
#368=EDGE_CURVE('',#295,#296,#43,.T.);
#369=EDGE_CURVE('',#297,#298,#196,.T.);
#370=EDGE_CURVE('',#298,#299,#139,.T.);
#371=EDGE_CURVE('',#299,#300,#197,.T.);
#372=EDGE_CURVE('',#297,#300,#153,.T.);
#373=EDGE_CURVE('',#301,#302,#198,.T.);
#374=EDGE_CURVE('',#302,#303,#154,.T.);
#375=EDGE_CURVE('',#303,#304,#199,.T.);
#376=EDGE_CURVE('',#304,#301,#140,.T.);
#377=EDGE_CURVE('',#300,#303,#155,.T.);
#378=EDGE_CURVE('',#302,#297,#156,.T.);
#379=EDGE_CURVE('',#298,#301,#200,.T.);
#380=EDGE_CURVE('',#304,#299,#201,.T.);
#381=EDGE_CURVE('',#304,#305,#202,.T.);
#382=EDGE_CURVE('',#306,#305,#203,.T.);
#383=EDGE_CURVE('',#299,#306,#204,.T.);
#384=EDGE_CURVE('',#303,#307,#205,.T.);
#385=EDGE_CURVE('',#305,#307,#206,.T.);
#386=EDGE_CURVE('',#308,#306,#207,.T.);
#387=EDGE_CURVE('',#300,#308,#208,.T.);
#388=EDGE_CURVE('',#307,#308,#44,.T.);
#389=ORIENTED_EDGE('',*,*,#309,.T.);
#390=ORIENTED_EDGE('',*,*,#310,.T.);
#391=ORIENTED_EDGE('',*,*,#311,.T.);
#392=ORIENTED_EDGE('',*,*,#312,.T.);
#393=ORIENTED_EDGE('',*,*,#313,.T.);
#394=ORIENTED_EDGE('',*,*,#310,.F.);
#395=ORIENTED_EDGE('',*,*,#314,.T.);
#396=ORIENTED_EDGE('',*,*,#315,.F.);
#397=ORIENTED_EDGE('',*,*,#316,.T.);
#398=ORIENTED_EDGE('',*,*,#312,.F.);
#399=ORIENTED_EDGE('',*,*,#317,.T.);
#400=ORIENTED_EDGE('',*,*,#318,.T.);
#401=ORIENTED_EDGE('',*,*,#319,.T.);
#402=ORIENTED_EDGE('',*,*,#318,.F.);
#403=ORIENTED_EDGE('',*,*,#320,.T.);
#404=ORIENTED_EDGE('',*,*,#315,.T.);
#405=ORIENTED_EDGE('',*,*,#314,.F.);
#406=ORIENTED_EDGE('',*,*,#321,.T.);
#407=ORIENTED_EDGE('',*,*,#322,.F.);
#408=ORIENTED_EDGE('',*,*,#323,.F.);
#409=ORIENTED_EDGE('',*,*,#309,.F.);
#410=ORIENTED_EDGE('',*,*,#324,.T.);
#411=ORIENTED_EDGE('',*,*,#325,.F.);
#412=ORIENTED_EDGE('',*,*,#321,.F.);
#413=ORIENTED_EDGE('',*,*,#311,.F.);
#414=ORIENTED_EDGE('',*,*,#313,.F.);
#415=ORIENTED_EDGE('',*,*,#320,.F.);
#416=ORIENTED_EDGE('',*,*,#317,.F.);
#417=ORIENTED_EDGE('',*,*,#319,.F.);
#418=ORIENTED_EDGE('',*,*,#323,.T.);
#419=ORIENTED_EDGE('',*,*,#326,.F.);
#420=ORIENTED_EDGE('',*,*,#327,.F.);
#421=ORIENTED_EDGE('',*,*,#316,.F.);
#422=ORIENTED_EDGE('',*,*,#327,.T.);
#423=ORIENTED_EDGE('',*,*,#328,.F.);
#424=ORIENTED_EDGE('',*,*,#324,.F.);
#425=ORIENTED_EDGE('',*,*,#325,.T.);
#426=ORIENTED_EDGE('',*,*,#328,.T.);
#427=ORIENTED_EDGE('',*,*,#326,.T.);
#428=ORIENTED_EDGE('',*,*,#322,.T.);
#429=ORIENTED_EDGE('',*,*,#329,.T.);
#430=ORIENTED_EDGE('',*,*,#330,.T.);
#431=ORIENTED_EDGE('',*,*,#331,.T.);
#432=ORIENTED_EDGE('',*,*,#332,.T.);
#433=ORIENTED_EDGE('',*,*,#333,.T.);
#434=ORIENTED_EDGE('',*,*,#330,.F.);
#435=ORIENTED_EDGE('',*,*,#334,.T.);
#436=ORIENTED_EDGE('',*,*,#335,.F.);
#437=ORIENTED_EDGE('',*,*,#336,.T.);
#438=ORIENTED_EDGE('',*,*,#332,.F.);
#439=ORIENTED_EDGE('',*,*,#337,.T.);
#440=ORIENTED_EDGE('',*,*,#338,.T.);
#441=ORIENTED_EDGE('',*,*,#339,.T.);
#442=ORIENTED_EDGE('',*,*,#338,.F.);
#443=ORIENTED_EDGE('',*,*,#340,.T.);
#444=ORIENTED_EDGE('',*,*,#335,.T.);
#445=ORIENTED_EDGE('',*,*,#334,.F.);
#446=ORIENTED_EDGE('',*,*,#341,.T.);
#447=ORIENTED_EDGE('',*,*,#342,.F.);
#448=ORIENTED_EDGE('',*,*,#343,.F.);
#449=ORIENTED_EDGE('',*,*,#329,.F.);
#450=ORIENTED_EDGE('',*,*,#344,.T.);
#451=ORIENTED_EDGE('',*,*,#345,.F.);
#452=ORIENTED_EDGE('',*,*,#341,.F.);
#453=ORIENTED_EDGE('',*,*,#331,.F.);
#454=ORIENTED_EDGE('',*,*,#333,.F.);
#455=ORIENTED_EDGE('',*,*,#340,.F.);
#456=ORIENTED_EDGE('',*,*,#337,.F.);
#457=ORIENTED_EDGE('',*,*,#339,.F.);
#458=ORIENTED_EDGE('',*,*,#343,.T.);
#459=ORIENTED_EDGE('',*,*,#346,.F.);
#460=ORIENTED_EDGE('',*,*,#347,.F.);
#461=ORIENTED_EDGE('',*,*,#336,.F.);
#462=ORIENTED_EDGE('',*,*,#347,.T.);
#463=ORIENTED_EDGE('',*,*,#348,.F.);
#464=ORIENTED_EDGE('',*,*,#344,.F.);
#465=ORIENTED_EDGE('',*,*,#345,.T.);
#466=ORIENTED_EDGE('',*,*,#348,.T.);
#467=ORIENTED_EDGE('',*,*,#346,.T.);
#468=ORIENTED_EDGE('',*,*,#342,.T.);
#469=ORIENTED_EDGE('',*,*,#349,.T.);
#470=ORIENTED_EDGE('',*,*,#350,.T.);
#471=ORIENTED_EDGE('',*,*,#351,.T.);
#472=ORIENTED_EDGE('',*,*,#352,.F.);
#473=ORIENTED_EDGE('',*,*,#353,.T.);
#474=ORIENTED_EDGE('',*,*,#354,.T.);
#475=ORIENTED_EDGE('',*,*,#355,.T.);
#476=ORIENTED_EDGE('',*,*,#356,.T.);
#477=ORIENTED_EDGE('',*,*,#357,.T.);
#478=ORIENTED_EDGE('',*,*,#354,.F.);
#479=ORIENTED_EDGE('',*,*,#358,.T.);
#480=ORIENTED_EDGE('',*,*,#352,.T.);
#481=ORIENTED_EDGE('',*,*,#359,.T.);
#482=ORIENTED_EDGE('',*,*,#356,.F.);
#483=ORIENTED_EDGE('',*,*,#360,.T.);
#484=ORIENTED_EDGE('',*,*,#350,.F.);
#485=ORIENTED_EDGE('',*,*,#360,.F.);
#486=ORIENTED_EDGE('',*,*,#361,.T.);
#487=ORIENTED_EDGE('',*,*,#362,.F.);
#488=ORIENTED_EDGE('',*,*,#363,.F.);
#489=ORIENTED_EDGE('',*,*,#355,.F.);
#490=ORIENTED_EDGE('',*,*,#364,.T.);
#491=ORIENTED_EDGE('',*,*,#365,.F.);
#492=ORIENTED_EDGE('',*,*,#361,.F.);
#493=ORIENTED_EDGE('',*,*,#353,.F.);
#494=ORIENTED_EDGE('',*,*,#359,.F.);
#495=ORIENTED_EDGE('',*,*,#349,.F.);
#496=ORIENTED_EDGE('',*,*,#358,.F.);
#497=ORIENTED_EDGE('',*,*,#351,.F.);
#498=ORIENTED_EDGE('',*,*,#363,.T.);
#499=ORIENTED_EDGE('',*,*,#366,.F.);
#500=ORIENTED_EDGE('',*,*,#367,.F.);
#501=ORIENTED_EDGE('',*,*,#357,.F.);
#502=ORIENTED_EDGE('',*,*,#367,.T.);
#503=ORIENTED_EDGE('',*,*,#368,.F.);
#504=ORIENTED_EDGE('',*,*,#364,.F.);
#505=ORIENTED_EDGE('',*,*,#365,.T.);
#506=ORIENTED_EDGE('',*,*,#368,.T.);
#507=ORIENTED_EDGE('',*,*,#366,.T.);
#508=ORIENTED_EDGE('',*,*,#362,.T.);
#509=ORIENTED_EDGE('',*,*,#369,.T.);
#510=ORIENTED_EDGE('',*,*,#370,.T.);
#511=ORIENTED_EDGE('',*,*,#371,.T.);
#512=ORIENTED_EDGE('',*,*,#372,.F.);
#513=ORIENTED_EDGE('',*,*,#373,.T.);
#514=ORIENTED_EDGE('',*,*,#374,.T.);
#515=ORIENTED_EDGE('',*,*,#375,.T.);
#516=ORIENTED_EDGE('',*,*,#376,.T.);
#517=ORIENTED_EDGE('',*,*,#377,.T.);
#518=ORIENTED_EDGE('',*,*,#374,.F.);
#519=ORIENTED_EDGE('',*,*,#378,.T.);
#520=ORIENTED_EDGE('',*,*,#372,.T.);
#521=ORIENTED_EDGE('',*,*,#379,.T.);
#522=ORIENTED_EDGE('',*,*,#376,.F.);
#523=ORIENTED_EDGE('',*,*,#380,.T.);
#524=ORIENTED_EDGE('',*,*,#370,.F.);
#525=ORIENTED_EDGE('',*,*,#380,.F.);
#526=ORIENTED_EDGE('',*,*,#381,.T.);
#527=ORIENTED_EDGE('',*,*,#382,.F.);
#528=ORIENTED_EDGE('',*,*,#383,.F.);
#529=ORIENTED_EDGE('',*,*,#375,.F.);
#530=ORIENTED_EDGE('',*,*,#384,.T.);
#531=ORIENTED_EDGE('',*,*,#385,.F.);
#532=ORIENTED_EDGE('',*,*,#381,.F.);
#533=ORIENTED_EDGE('',*,*,#373,.F.);
#534=ORIENTED_EDGE('',*,*,#379,.F.);
#535=ORIENTED_EDGE('',*,*,#369,.F.);
#536=ORIENTED_EDGE('',*,*,#378,.F.);
#537=ORIENTED_EDGE('',*,*,#371,.F.);
#538=ORIENTED_EDGE('',*,*,#383,.T.);
#539=ORIENTED_EDGE('',*,*,#386,.F.);
#540=ORIENTED_EDGE('',*,*,#387,.F.);
#541=ORIENTED_EDGE('',*,*,#377,.F.);
#542=ORIENTED_EDGE('',*,*,#387,.T.);
#543=ORIENTED_EDGE('',*,*,#388,.F.);
#544=ORIENTED_EDGE('',*,*,#384,.F.);
#545=ORIENTED_EDGE('',*,*,#385,.T.);
#546=ORIENTED_EDGE('',*,*,#388,.T.);
#547=ORIENTED_EDGE('',*,*,#386,.T.);
#548=ORIENTED_EDGE('',*,*,#382,.T.);
#549=CYLINDRICAL_SURFACE('',#618,0.5);
#550=CYLINDRICAL_SURFACE('',#620,0.5);
#551=CYLINDRICAL_SURFACE('',#622,0.5);
#552=CYLINDRICAL_SURFACE('',#628,0.5);
#553=CYLINDRICAL_SURFACE('',#630,0.5);
#554=CYLINDRICAL_SURFACE('',#632,0.5);
#555=CYLINDRICAL_SURFACE('',#638,0.5);
#556=CYLINDRICAL_SURFACE('',#640,0.5);
#557=CYLINDRICAL_SURFACE('',#642,0.5);
#558=CYLINDRICAL_SURFACE('',#648,0.5);
#559=CYLINDRICAL_SURFACE('',#650,0.5);
#560=CYLINDRICAL_SURFACE('',#652,0.5);
#561=ADVANCED_FACE('',(#53),#549,.T.);
#562=ADVANCED_FACE('',(#54),#49,.F.);
#563=ADVANCED_FACE('',(#55),#550,.T.);
#564=ADVANCED_FACE('',(#56),#551,.T.);
#565=ADVANCED_FACE('',(#57),#45,.T.);
#566=ADVANCED_FACE('',(#58),#21,.T.);
#567=ADVANCED_FACE('',(#59),#22,.F.);
#568=ADVANCED_FACE('',(#60),#23,.T.);
#569=ADVANCED_FACE('',(#61),#24,.T.);
#570=ADVANCED_FACE('',(#62),#25,.T.);
#571=ADVANCED_FACE('',(#63),#552,.T.);
#572=ADVANCED_FACE('',(#64),#50,.F.);
#573=ADVANCED_FACE('',(#65),#553,.T.);
#574=ADVANCED_FACE('',(#66),#554,.T.);
#575=ADVANCED_FACE('',(#67),#46,.T.);
#576=ADVANCED_FACE('',(#68),#26,.T.);
#577=ADVANCED_FACE('',(#69),#27,.F.);
#578=ADVANCED_FACE('',(#70),#28,.T.);
#579=ADVANCED_FACE('',(#71),#29,.T.);
#580=ADVANCED_FACE('',(#72),#30,.T.);
#581=ADVANCED_FACE('',(#73),#555,.T.);
#582=ADVANCED_FACE('',(#74),#556,.T.);
#583=ADVANCED_FACE('',(#75),#51,.F.);
#584=ADVANCED_FACE('',(#76),#557,.T.);
#585=ADVANCED_FACE('',(#77),#31,.T.);
#586=ADVANCED_FACE('',(#78),#32,.T.);
#587=ADVANCED_FACE('',(#79),#33,.F.);
#588=ADVANCED_FACE('',(#80),#34,.T.);
#589=ADVANCED_FACE('',(#81),#47,.T.);
#590=ADVANCED_FACE('',(#82),#35,.T.);
#591=ADVANCED_FACE('',(#83),#558,.T.);
#592=ADVANCED_FACE('',(#84),#559,.T.);
#593=ADVANCED_FACE('',(#85),#52,.F.);
#594=ADVANCED_FACE('',(#86),#560,.T.);
#595=ADVANCED_FACE('',(#87),#36,.T.);
#596=ADVANCED_FACE('',(#88),#37,.T.);
#597=ADVANCED_FACE('',(#89),#38,.F.);
#598=ADVANCED_FACE('',(#90),#39,.T.);
#599=ADVANCED_FACE('',(#91),#48,.T.);
#600=ADVANCED_FACE('',(#92),#40,.T.);
#601=CLOSED_SHELL('',(#561,#562,#563,#564,#565,#566,#567,#568,#569,#570));
#602=CLOSED_SHELL('',(#571,#572,#573,#574,#575,#576,#577,#578,#579,#580));
#603=CLOSED_SHELL('',(#581,#582,#583,#584,#585,#586,#587,#588,#589,#590));
#604=CLOSED_SHELL('',(#591,#592,#593,#594,#595,#596,#597,#598,#599,#600));
#605=DERIVED_UNIT_ELEMENT(#607,1.);
#606=DERIVED_UNIT_ELEMENT(#1426,-3.);
#607=(
MASS_UNIT()
NAMED_UNIT(*)
SI_UNIT(.KILO.,.GRAM.)
);
#608=DERIVED_UNIT((#605,#606));
#609=MEASURE_REPRESENTATION_ITEM('density measure',
POSITIVE_RATIO_MEASURE(7850.),#608);
#610=PROPERTY_DEFINITION_REPRESENTATION(#615,#612);
#611=PROPERTY_DEFINITION_REPRESENTATION(#616,#613);
#612=REPRESENTATION('material name',(#614),#1423);
#613=REPRESENTATION('density',(#609),#1423);
#614=DESCRIPTIVE_REPRESENTATION_ITEM('Steel','Steel');
#615=PROPERTY_DEFINITION('material property','material name',#1433);
#616=PROPERTY_DEFINITION('material property','density of part',#1433);
#617=AXIS2_PLACEMENT_3D('',#792,#658,#659);
#618=AXIS2_PLACEMENT_3D('',#793,#660,#661);
#619=AXIS2_PLACEMENT_3D('',#814,#664,#665);
#620=AXIS2_PLACEMENT_3D('',#880,#666,#667);
#621=AXIS2_PLACEMENT_3D('',#885,#670,#671);
#622=AXIS2_PLACEMENT_3D('',#886,#672,#673);
#623=AXIS2_PLACEMENT_3D('',#938,#678,#679);
#624=AXIS2_PLACEMENT_3D('',#942,#682,#683);
#625=AXIS2_PLACEMENT_3D('',#943,#684,#685);
#626=AXIS2_PLACEMENT_3D('',#947,#688,#689);
#627=AXIS2_PLACEMENT_3D('',#949,#691,#692);
#628=AXIS2_PLACEMENT_3D('',#950,#693,#694);
#629=AXIS2_PLACEMENT_3D('',#971,#697,#698);
#630=AXIS2_PLACEMENT_3D('',#1037,#699,#700);
#631=AXIS2_PLACEMENT_3D('',#1042,#703,#704);
#632=AXIS2_PLACEMENT_3D('',#1043,#705,#706);
#633=AXIS2_PLACEMENT_3D('',#1095,#711,#712);
#634=AXIS2_PLACEMENT_3D('',#1099,#715,#716);
#635=AXIS2_PLACEMENT_3D('',#1100,#717,#718);
#636=AXIS2_PLACEMENT_3D('',#1104,#721,#722);
#637=AXIS2_PLACEMENT_3D('',#1106,#724,#725);
#638=AXIS2_PLACEMENT_3D('',#1107,#726,#727);
#639=AXIS2_PLACEMENT_3D('',#1112,#729,#730);
#640=AXIS2_PLACEMENT_3D('',#1129,#732,#733);
#641=AXIS2_PLACEMENT_3D('',#1150,#736,#737);
#642=AXIS2_PLACEMENT_3D('',#1200,#738,#739);
#643=AXIS2_PLACEMENT_3D('',#1203,#742,#743);
#644=AXIS2_PLACEMENT_3D('',#1209,#747,#748);
#645=AXIS2_PLACEMENT_3D('',#1213,#751,#752);
#646=AXIS2_PLACEMENT_3D('',#1214,#753,#754);
#647=AXIS2_PLACEMENT_3D('',#1263,#757,#758);
#648=AXIS2_PLACEMENT_3D('',#1264,#759,#760);
#649=AXIS2_PLACEMENT_3D('',#1269,#762,#763);
#650=AXIS2_PLACEMENT_3D('',#1286,#765,#766);
#651=AXIS2_PLACEMENT_3D('',#1307,#769,#770);
#652=AXIS2_PLACEMENT_3D('',#1357,#771,#772);
#653=AXIS2_PLACEMENT_3D('',#1360,#775,#776);
#654=AXIS2_PLACEMENT_3D('',#1366,#780,#781);
#655=AXIS2_PLACEMENT_3D('',#1370,#784,#785);
#656=AXIS2_PLACEMENT_3D('',#1371,#786,#787);
#657=AXIS2_PLACEMENT_3D('',#1420,#790,#791);
#658=DIRECTION('axis',(0.,0.,1.));
#659=DIRECTION('refdir',(1.,0.,0.));
#660=DIRECTION('center_axis',(3.05803342399963E-11,1.,3.05898773965241E-11));
#661=DIRECTION('ref_axis',(0.707106781186526,6.74803069601196E-15,-0.707106781186569));
#662=DIRECTION('',(-3.05803342399963E-11,-1.,-3.05898773965241E-11));
#663=DIRECTION('',(3.05803342399963E-11,1.,3.05898773965241E-11));
#664=DIRECTION('center_axis',(0.707106781164918,-0.707106781208177,-2.16268478016215E-11));
#665=DIRECTION('ref_axis',(-0.707106781208177,-0.707106781164918,-2.1633771683873E-11));
#666=DIRECTION('center_axis',(-1.,3.05803342399965E-11,-4.89592409248987E-15));
#667=DIRECTION('ref_axis',(2.16270236538396E-11,0.707106781208165,-0.70710678116493));
#668=DIRECTION('',(1.,-3.05803342399965E-11,4.89592409248987E-15));
#669=DIRECTION('',(-1.,3.05803342399965E-11,-4.89592409248987E-15));
#670=DIRECTION('center_axis',(0.70710678120814,0.707106781164955,2.16337716838742E-11));
#671=DIRECTION('ref_axis',(0.707106781164955,-0.70710678120814,-2.16268478016203E-11));
#672=DIRECTION('center_axis',(-3.05803342399963E-11,-1.,-3.05898773965241E-11));
#673=DIRECTION('ref_axis',(-0.707106781186569,4.32538714547999E-11,-0.707106781186526));
#674=DIRECTION('',(3.05803342399963E-11,1.,3.05898773965241E-11));
#675=DIRECTION('',(-3.05803342399963E-11,-1.,-3.05898773965241E-11));
#676=DIRECTION('',(-4.89592502793855E-15,-3.05898773965239E-11,1.));
#677=DIRECTION('',(-4.89592502793855E-15,-3.05898773965239E-11,1.));
#678=DIRECTION('center_axis',(1.,-3.05803342399965E-11,4.89592409248987E-15));
#679=DIRECTION('ref_axis',(3.05803342399963E-11,1.,3.05898773965241E-11));
#680=DIRECTION('',(-4.89592502793855E-15,-3.05898773965239E-11,1.));
#681=DIRECTION('',(3.05803342399963E-11,1.,3.05898773965241E-11));
#682=DIRECTION('center_axis',(-4.89592502793855E-15,-3.05898773965239E-11,
1.));
#683=DIRECTION('ref_axis',(3.05803342399963E-11,1.,3.05898773965241E-11));
#684=DIRECTION('center_axis',(-1.,3.05803342399965E-11,-4.89592409248987E-15));
#685=DIRECTION('ref_axis',(-3.05803342399963E-11,-1.,-3.05898773965241E-11));
#686=DIRECTION('',(-3.05803342399963E-11,-1.,-3.05898773965241E-11));
#687=DIRECTION('',(-4.89592502793855E-15,-3.05898773965239E-11,1.));
#688=DIRECTION('center_axis',(3.05803342399963E-11,1.,3.05898773965241E-11));
#689=DIRECTION('ref_axis',(-1.,3.05803342399965E-11,-4.89592409248987E-15));
#690=DIRECTION('',(-1.,3.05803342399965E-11,-4.89592409248987E-15));
#691=DIRECTION('center_axis',(-4.89592502793855E-15,-3.05898773965239E-11,
1.));
#692=DIRECTION('ref_axis',(3.05803342399963E-11,1.,3.05898773965241E-11));
#693=DIRECTION('center_axis',(3.05803342399963E-11,1.,3.05898773965241E-11));
#694=DIRECTION('ref_axis',(0.707106781186526,6.74803069601196E-15,-0.707106781186569));
#695=DIRECTION('',(-3.05803342399963E-11,-1.,-3.05898773965241E-11));
#696=DIRECTION('',(3.05803342399963E-11,1.,3.05898773965241E-11));
#697=DIRECTION('center_axis',(0.707106781164918,-0.707106781208177,-2.16268478016215E-11));
#698=DIRECTION('ref_axis',(-0.707106781208177,-0.707106781164918,-2.1633771683873E-11));
#699=DIRECTION('center_axis',(-1.,3.05803342399965E-11,-4.89592409248987E-15));
#700=DIRECTION('ref_axis',(2.16270236538396E-11,0.707106781208165,-0.70710678116493));
#701=DIRECTION('',(1.,-3.05803342399965E-11,4.89592409248987E-15));
#702=DIRECTION('',(-1.,3.05803342399965E-11,-4.89592409248987E-15));
#703=DIRECTION('center_axis',(0.70710678120814,0.707106781164955,2.16337716838742E-11));
#704=DIRECTION('ref_axis',(0.707106781164955,-0.70710678120814,-2.16268478016203E-11));
#705=DIRECTION('center_axis',(-3.05803342399963E-11,-1.,-3.05898773965241E-11));
#706=DIRECTION('ref_axis',(-0.707106781186569,4.32538714547999E-11,-0.707106781186526));
#707=DIRECTION('',(3.05803342399963E-11,1.,3.05898773965241E-11));
#708=DIRECTION('',(-3.05803342399963E-11,-1.,-3.05898773965241E-11));
#709=DIRECTION('',(-4.89592502793855E-15,-3.05898773965239E-11,1.));
#710=DIRECTION('',(-4.89592502793855E-15,-3.05898773965239E-11,1.));
#711=DIRECTION('center_axis',(1.,-3.05803342399965E-11,4.89592409248987E-15));
#712=DIRECTION('ref_axis',(3.05803342399963E-11,1.,3.05898773965241E-11));
#713=DIRECTION('',(-4.89592502793855E-15,-3.05898773965239E-11,1.));
#714=DIRECTION('',(3.05803342399963E-11,1.,3.05898773965241E-11));
#715=DIRECTION('center_axis',(-4.89592502793855E-15,-3.05898773965239E-11,
1.));
#716=DIRECTION('ref_axis',(3.05803342399963E-11,1.,3.05898773965241E-11));
#717=DIRECTION('center_axis',(-1.,3.05803342399965E-11,-4.89592409248987E-15));
#718=DIRECTION('ref_axis',(-3.05803342399963E-11,-1.,-3.05898773965241E-11));
#719=DIRECTION('',(-3.05803342399963E-11,-1.,-3.05898773965241E-11));
#720=DIRECTION('',(-4.89592502793855E-15,-3.05898773965239E-11,1.));
#721=DIRECTION('center_axis',(3.05803342399963E-11,1.,3.05898773965241E-11));
#722=DIRECTION('ref_axis',(-1.,3.05803342399965E-11,-4.89592409248987E-15));
#723=DIRECTION('',(-1.,3.05803342399965E-11,-4.89592409248987E-15));
#724=DIRECTION('center_axis',(-4.89592502793855E-15,-3.05898773965239E-11,
1.));
#725=DIRECTION('ref_axis',(3.05803342399963E-11,1.,3.05898773965241E-11));
#726=DIRECTION('center_axis',(3.05803342399963E-11,1.,3.05898773965241E-11));
#727=DIRECTION('ref_axis',(-0.707106781186569,4.32538714547999E-11,-0.707106781186526));
#728=DIRECTION('',(-3.05803342399963E-11,-1.,-3.05898773965241E-11));
#729=DIRECTION('center_axis',(-0.707106781164918,0.707106781208177,2.16268478016215E-11));
#730=DIRECTION('ref_axis',(-0.707106781208177,-0.707106781164918,-2.1633771683873E-11));
#731=DIRECTION('',(3.05803342399963E-11,1.,3.05898773965241E-11));
#732=DIRECTION('center_axis',(-3.05803342399963E-11,-1.,-3.05898773965241E-11));
#733=DIRECTION('ref_axis',(0.707106781186526,6.74803069601196E-15,-0.707106781186569));
#734=DIRECTION('',(3.05803342399963E-11,1.,3.05898773965241E-11));
#735=DIRECTION('',(-3.05803342399963E-11,-1.,-3.05898773965241E-11));
#736=DIRECTION('center_axis',(0.707106781208165,0.70710678116493,2.16337716838734E-11));
#737=DIRECTION('ref_axis',(-0.70710678116493,0.707106781208165,2.16268478016211E-11));
#738=DIRECTION('center_axis',(-1.,3.05803342399965E-11,-4.89592409248987E-15));
#739=DIRECTION('ref_axis',(-2.16200997702648E-11,-0.707106781164905,-0.70710678120819));
#740=DIRECTION('',(1.,-3.05803342399965E-11,4.89592409248987E-15));
#741=DIRECTION('',(-1.,3.05803342399965E-11,-4.89592409248987E-15));
#742=DIRECTION('center_axis',(-3.05803342399963E-11,-1.,-3.05898773965241E-11));
#743=DIRECTION('ref_axis',(1.,-3.05803342399965E-11,4.89592409248987E-15));
#744=DIRECTION('',(-4.89592502793855E-15,-3.05898773965239E-11,1.));
#745=DIRECTION('',(1.,-3.05803342399965E-11,4.89592409248987E-15));
#746=DIRECTION('',(-4.89592502793855E-15,-3.05898773965239E-11,1.));
#747=DIRECTION('center_axis',(1.,-3.05803342399965E-11,4.89592409248987E-15));
#748=DIRECTION('ref_axis',(3.05803342399963E-11,1.,3.05898773965241E-11));
#749=DIRECTION('',(-4.89592502793855E-15,-3.05898773965239E-11,1.));
#750=DIRECTION('',(3.05803342399963E-11,1.,3.05898773965241E-11));
#751=DIRECTION('center_axis',(-4.89592502793855E-15,-3.05898773965239E-11,
1.));
#752=DIRECTION('ref_axis',(3.05803342399963E-11,1.,3.05898773965241E-11));
#753=DIRECTION('center_axis',(-1.,3.05803342399965E-11,-4.89592409248987E-15));
#754=DIRECTION('ref_axis',(-3.05803342399963E-11,-1.,-3.05898773965241E-11));
#755=DIRECTION('',(-3.05803342399963E-11,-1.,-3.05898773965241E-11));
#756=DIRECTION('',(-4.89592502793855E-15,-3.05898773965239E-11,1.));
#757=DIRECTION('center_axis',(-4.89592502793855E-15,-3.05898773965239E-11,
1.));
#758=DIRECTION('ref_axis',(3.05803342399963E-11,1.,3.05898773965241E-11));
#759=DIRECTION('center_axis',(3.05803342399963E-11,1.,3.05898773965241E-11));
#760=DIRECTION('ref_axis',(-0.707106781186569,4.32538714547999E-11,-0.707106781186526));
#761=DIRECTION('',(-3.05803342399963E-11,-1.,-3.05898773965241E-11));
#762=DIRECTION('center_axis',(-0.707106781164918,0.707106781208177,2.16268478016215E-11));
#763=DIRECTION('ref_axis',(-0.707106781208177,-0.707106781164918,-2.1633771683873E-11));
#764=DIRECTION('',(3.05803342399963E-11,1.,3.05898773965241E-11));
#765=DIRECTION('center_axis',(-3.05803342399963E-11,-1.,-3.05898773965241E-11));
#766=DIRECTION('ref_axis',(0.707106781186526,6.74803069601196E-15,-0.707106781186569));
#767=DIRECTION('',(3.05803342399963E-11,1.,3.05898773965241E-11));
#768=DIRECTION('',(-3.05803342399963E-11,-1.,-3.05898773965241E-11));
#769=DIRECTION('center_axis',(0.707106781208165,0.70710678116493,2.16337716838734E-11));
#770=DIRECTION('ref_axis',(-0.70710678116493,0.707106781208165,2.16268478016211E-11));
#771=DIRECTION('center_axis',(-1.,3.05803342399965E-11,-4.89592409248987E-15));
#772=DIRECTION('ref_axis',(-2.16200997702648E-11,-0.707106781164905,-0.70710678120819));
#773=DIRECTION('',(1.,-3.05803342399965E-11,4.89592409248987E-15));
#774=DIRECTION('',(-1.,3.05803342399965E-11,-4.89592409248987E-15));
#775=DIRECTION('center_axis',(-3.05803342399963E-11,-1.,-3.05898773965241E-11));
#776=DIRECTION('ref_axis',(1.,-3.05803342399965E-11,4.89592409248987E-15));
#777=DIRECTION('',(-4.89592502793855E-15,-3.05898773965239E-11,1.));
#778=DIRECTION('',(1.,-3.05803342399965E-11,4.89592409248987E-15));
#779=DIRECTION('',(-4.89592502793855E-15,-3.05898773965239E-11,1.));
#780=DIRECTION('center_axis',(1.,-3.05803342399965E-11,4.89592409248987E-15));
#781=DIRECTION('ref_axis',(3.05803342399963E-11,1.,3.05898773965241E-11));
#782=DIRECTION('',(-4.89592502793855E-15,-3.05898773965239E-11,1.));
#783=DIRECTION('',(3.05803342399963E-11,1.,3.05898773965241E-11));
#784=DIRECTION('center_axis',(-4.89592502793855E-15,-3.05898773965239E-11,
1.));
#785=DIRECTION('ref_axis',(3.05803342399963E-11,1.,3.05898773965241E-11));
#786=DIRECTION('center_axis',(-1.,3.05803342399965E-11,-4.89592409248987E-15));
#787=DIRECTION('ref_axis',(-3.05803342399963E-11,-1.,-3.05898773965241E-11));
#788=DIRECTION('',(-3.05803342399963E-11,-1.,-3.05898773965241E-11));
#789=DIRECTION('',(-4.89592502793855E-15,-3.05898773965239E-11,1.));
#790=DIRECTION('center_axis',(-4.89592502793855E-15,-3.05898773965239E-11,
1.));
#791=DIRECTION('ref_axis',(3.05803342399963E-11,1.,3.05898773965241E-11));
#792=CARTESIAN_POINT('',(0.,0.,0.));
#793=CARTESIAN_POINT('Origin',(80.6248678950258,-44.720040380377,23.9715294375386));
#794=CARTESIAN_POINT('',(81.1248678952172,-38.4645417019972,23.9715294377299));
#795=CARTESIAN_POINT('',(81.1248678949725,-46.4645417019972,23.9715294374852));
#796=CARTESIAN_POINT('',(81.1248678950258,-44.7200403803923,23.9715294375386));
#797=CARTESIAN_POINT('',(80.6248678949823,-46.143829917303,23.471529437495));
#798=CARTESIAN_POINT('Ctrl Pts',(81.1248678949725,-46.4645417019972,23.9715294374852));
#799=CARTESIAN_POINT('Ctrl Pts',(81.1248678949725,-46.4645417019955,23.9160085609558));
#800=CARTESIAN_POINT('Ctrl Pts',(81.1156259505327,-46.4586988414904,23.8614441588021));
#801=CARTESIAN_POINT('Ctrl Pts',(81.0790746471164,-46.4355423528563,23.7544151825954));
#802=CARTESIAN_POINT('Ctrl Pts',(81.0509980495258,-46.4177379241599,23.7040896107342));
#803=CARTESIAN_POINT('Ctrl Pts',(80.9756765537281,-46.3698076831078,23.6093214373737));
#804=CARTESIAN_POINT('Ctrl Pts',(80.9267245002073,-46.3385681929781,23.5682132397641));
#805=CARTESIAN_POINT('Ctrl Pts',(80.8356200995294,-46.280135154956,23.5160347706918));
#806=CARTESIAN_POINT('Ctrl Pts',(80.7957692722322,-46.2544973256462,23.4997467717469));
#807=CARTESIAN_POINT('Ctrl Pts',(80.7133138040129,-46.2012558704316,23.4775275811614));
#808=CARTESIAN_POINT('Ctrl Pts',(80.6706462223167,-46.1736076062167,23.4718089015628));
#809=CARTESIAN_POINT('Ctrl Pts',(80.6269755214465,-46.1452010593522,23.4715327689683));
#810=CARTESIAN_POINT('Ctrl Pts',(80.6259216934181,-46.1445155105608,23.471529437495));
#811=CARTESIAN_POINT('Ctrl Pts',(80.6248678949823,-46.143829917303,23.471529437495));
#812=CARTESIAN_POINT('',(80.6248678952018,-38.9645417019667,23.4715294377147));
#813=CARTESIAN_POINT('',(80.6248678950258,-44.7200403803617,23.4715294375386));
#814=CARTESIAN_POINT('Origin',(80.6248678952018,-38.964541701982,23.9715294377147));
#815=CARTESIAN_POINT('Ctrl Pts',(81.1248678949724,-46.4645417019973,23.9715294374853));
#816=CARTESIAN_POINT('Ctrl Pts',(80.420605570217,-46.7983955368157,23.971529437475));
#817=CARTESIAN_POINT('Ctrl Pts',(79.3148986615057,-47.2117932405103,23.9715294374624));
#818=CARTESIAN_POINT('Ctrl Pts',(77.334329449552,-47.5422408526966,23.9715294374523));
#819=CARTESIAN_POINT('Ctrl Pts',(75.3012314032134,-47.3594582877592,23.9715294374578));
#820=CARTESIAN_POINT('Ctrl Pts',(73.8291302196955,-46.7983955367065,23.971529437475));
#821=CARTESIAN_POINT('Ctrl Pts',(73.1248678949725,-46.4645417017526,23.9715294374852));
#822=CARTESIAN_POINT('Ctrl Pts',(81.1248678949724,-46.4645417019933,23.8406297435857));
#823=CARTESIAN_POINT('Ctrl Pts',(80.4205490112606,-46.7984223484468,23.8406297435755));
#824=CARTESIAN_POINT('Ctrl Pts',(79.3150299156722,-47.2118515321023,23.8406297435628));
#825=CARTESIAN_POINT('Ctrl Pts',(77.3342957283249,-47.5423469221004,23.8406297435527));
#826=CARTESIAN_POINT('Ctrl Pts',(75.3011237633408,-47.3595328322406,23.8406297435583));
#827=CARTESIAN_POINT('Ctrl Pts',(73.829186778652,-46.7984223483376,23.8406297435754));
#828=CARTESIAN_POINT('Ctrl Pts',(73.1248678949725,-46.4645417017486,23.8406297435856));
#829=CARTESIAN_POINT('Ctrl Pts',(81.0783916550712,-46.3665003996394,23.5800289206254));
#830=CARTESIAN_POINT('Ctrl Pts',(80.3799844597495,-46.6975786246516,23.5800289206153));
#831=CARTESIAN_POINT('Ctrl Pts',(79.2842923644645,-47.1068755665999,23.5800289206027));
#832=CARTESIAN_POINT('Ctrl Pts',(77.330697244768,-47.4324999042166,23.5800289205928));
#833=CARTESIAN_POINT('Ctrl Pts',(75.3288898530011,-47.2528050813781,23.5800289205983));
#834=CARTESIAN_POINT('Ctrl Pts',(73.8697513301751,-46.6975786245468,23.5800289206152));
#835=CARTESIAN_POINT('Ctrl Pts',(73.1713441348909,-46.3665003994029,23.5800289206254));
#836=CARTESIAN_POINT('Ctrl Pts',(80.9667621245305,-46.1310186873092,23.4715294374955));
#837=CARTESIAN_POINT('Ctrl Pts',(80.2823361600489,-46.4554691439922,23.4715294374855));
#838=CARTESIAN_POINT('Ctrl Pts',(79.2109705093277,-46.8549622519572,23.4715294374733));
#839=CARTESIAN_POINT('Ctrl Pts',(77.32192430884,-47.1690710035189,23.4715294374637));
#840=CARTESIAN_POINT('Ctrl Pts',(75.3951656145182,-46.9967468157446,23.4715294374689));
#841=CARTESIAN_POINT('Ctrl Pts',(73.9673996299044,-46.455469143898,23.4715294374855));
#842=CARTESIAN_POINT('Ctrl Pts',(73.2829736654727,-46.1310186870922,23.4715294374954));
#843=CARTESIAN_POINT('Ctrl Pts',(80.9106906539505,-46.012736313094,23.4715294374991));
#844=CARTESIAN_POINT('Ctrl Pts',(80.2333171452023,-46.3338435703628,23.4715294374892));
#845=CARTESIAN_POINT('Ctrl Pts',(79.1740720717941,-46.7283956918595,23.4715294374772));
#846=CARTESIAN_POINT('Ctrl Pts',(77.3175353673542,-47.0366950895036,23.4715294374677));
#847=CARTESIAN_POINT('Ctrl Pts',(75.4285124063462,-46.8680897169106,23.4715294374729));
#848=CARTESIAN_POINT('Ctrl Pts',(74.0164186447654,-46.333843570274,23.4715294374892));
#849=CARTESIAN_POINT('Ctrl Pts',(73.3390451360735,-46.0127363128868,23.471529437499));
#850=CARTESIAN_POINT('',(73.6248678949822,-46.1438299171254,23.471529437495));
#851=CARTESIAN_POINT('Ctrl Pts',(73.6247505600091,-46.1440934564677,23.471529437495));
#852=CARTESIAN_POINT('Ctrl Pts',(74.2142753205942,-46.4065662095018,23.471529437487));
#853=CARTESIAN_POINT('Ctrl Pts',(75.5341261463691,-46.877516306399,23.4715294374726));
#854=CARTESIAN_POINT('Ctrl Pts',(77.3175353673542,-47.0366950895036,23.4715294374677));
#855=CARTESIAN_POINT('Ctrl Pts',(79.0702479236686,-46.7456368927748,23.4715294374766));
#856=CARTESIAN_POINT('Ctrl Pts',(80.0353862841136,-46.405572143426,23.471529437487));
#857=CARTESIAN_POINT('Ctrl Pts',(80.6249061421602,-46.1439160894771,23.4715294374951));
#858=CARTESIAN_POINT('',(73.1248678949725,-46.4645417017526,23.9715294374852));
#859=CARTESIAN_POINT('Ctrl Pts',(81.1248678949724,-46.4645417019973,23.9715294374853));
#860=CARTESIAN_POINT('Ctrl Pts',(80.420605570217,-46.7983955368157,23.971529437475));
#861=CARTESIAN_POINT('Ctrl Pts',(79.3148986615057,-47.2117932405103,23.9715294374624));
#862=CARTESIAN_POINT('Ctrl Pts',(77.334329449552,-47.5422408526966,23.9715294374523));
#863=CARTESIAN_POINT('Ctrl Pts',(75.3012314032134,-47.3594582877592,23.9715294374578));
#864=CARTESIAN_POINT('Ctrl Pts',(73.8291302196955,-46.7983955367065,23.971529437475));
#865=CARTESIAN_POINT('Ctrl Pts',(73.1248678949725,-46.4645417017526,23.9715294374852));
#866=CARTESIAN_POINT('Ctrl Pts',(73.6248678949823,-46.1438299171254,23.471529437495));
#867=CARTESIAN_POINT('Ctrl Pts',(73.6238140968369,-46.1445155101943,23.471529437495));
#868=CARTESIAN_POINT('Ctrl Pts',(73.6227602690782,-46.1452010588067,23.4715327689666));
#869=CARTESIAN_POINT('Ctrl Pts',(73.579089595154,-46.1736075881724,23.4718089013164));
#870=CARTESIAN_POINT('Ctrl Pts',(73.5364220400057,-46.2012558352164,23.4775275738782));
#871=CARTESIAN_POINT('Ctrl Pts',(73.4539666149016,-46.2544972628188,23.4997467384243));
#872=CARTESIAN_POINT('Ctrl Pts',(73.4141158044484,-46.2801350814465,23.5160347201084));
#873=CARTESIAN_POINT('Ctrl Pts',(73.3230114086199,-46.3385681167605,23.5682131508694));
#874=CARTESIAN_POINT('Ctrl Pts',(73.2740593436579,-46.369807614389,23.60932133353));
#875=CARTESIAN_POINT('Ctrl Pts',(73.1987378181636,-46.4177378745685,23.7040894861554));
#876=CARTESIAN_POINT('Ctrl Pts',(73.1706612042084,-46.4355423137965,23.7544150531951));
#877=CARTESIAN_POINT('Ctrl Pts',(73.1341098553865,-46.4586988312393,23.8614440657961));
#878=CARTESIAN_POINT('Ctrl Pts',(73.1248678949725,-46.4645417017509,23.9160085132431));
#879=CARTESIAN_POINT('Ctrl Pts',(73.1248678949725,-46.4645417017526,23.9715294374852));
#880=CARTESIAN_POINT('Origin',(79.1248678952018,-38.9645417019361,23.9715294377147));
#881=CARTESIAN_POINT('',(73.1248678952171,-38.4645417017526,23.9715294377299));
#882=CARTESIAN_POINT('',(79.1248678952172,-38.4645417019361,23.9715294377299));
#883=CARTESIAN_POINT('',(73.6248678952019,-38.9645417017526,23.4715294377146));
#884=CARTESIAN_POINT('',(79.1248678952018,-38.9645417019208,23.4715294377147));
#885=CARTESIAN_POINT('Origin',(73.6248678952019,-38.9645417017679,23.9715294377146));
#886=CARTESIAN_POINT('Origin',(73.6248678951482,-40.7200403801629,23.9715294376609));
#887=CARTESIAN_POINT('',(73.1248678951481,-40.7200403801476,23.9715294376609));
#888=CARTESIAN_POINT('',(73.6248678951482,-40.7200403801476,23.471529437661));
#889=CARTESIAN_POINT('Ctrl Pts',(73.1248678949725,-46.4645417016761,21.4715294374852));
#890=CARTESIAN_POINT('Ctrl Pts',(73.1248678949724,-46.464541701982,31.4715294374852));
#891=CARTESIAN_POINT('Ctrl Pts',(73.284867894946,-46.5403893108817,21.4715294374829));
#892=CARTESIAN_POINT('Ctrl Pts',(73.284867894946,-46.5403893111876,31.4715294374829));
#893=CARTESIAN_POINT('Ctrl Pts',(73.6048678949,-46.6854607937243,21.4715294374784));
#894=CARTESIAN_POINT('Ctrl Pts',(73.6048678949,-46.6854607940302,31.4715294374784));
#895=CARTESIAN_POINT('Ctrl Pts',(74.0848678948518,-46.8831974202573,21.4715294374724));
#896=CARTESIAN_POINT('Ctrl Pts',(74.0848678948518,-46.8831974205632,31.4715294374724));
#897=CARTESIAN_POINT('Ctrl Pts',(74.7248678948266,-47.1064459779835,21.4715294374656));
#898=CARTESIAN_POINT('Ctrl Pts',(74.7248678948265,-47.1064459782894,31.4715294374656));
#899=CARTESIAN_POINT('Ctrl Pts',(75.5248678948441,-47.3136030912337,21.4715294374592));
#900=CARTESIAN_POINT('Ctrl Pts',(75.5248678948441,-47.3136030915396,31.4715294374592));
#901=CARTESIAN_POINT('Ctrl Pts',(76.3248678948902,-47.4424306657355,21.4715294374553));
#902=CARTESIAN_POINT('Ctrl Pts',(76.3248678948902,-47.4424306660414,31.4715294374553));
#903=CARTESIAN_POINT('Ctrl Pts',(77.1248678949441,-47.4865364153786,21.4715294374539));
#904=CARTESIAN_POINT('Ctrl Pts',(77.124867894944,-47.4865364156845,31.4715294374539));
#905=CARTESIAN_POINT('Ctrl Pts',(77.9248678949886,-47.4424306657393,21.4715294374553));
#906=CARTESIAN_POINT('Ctrl Pts',(77.9248678949886,-47.4424306660451,31.4715294374553));
#907=CARTESIAN_POINT('Ctrl Pts',(78.7248678950152,-47.3136030912529,21.4715294374593));
#908=CARTESIAN_POINT('Ctrl Pts',(78.7248678950151,-47.3136030915588,31.4715294374593));
#909=CARTESIAN_POINT('Ctrl Pts',(79.5248678950223,-47.1064459780404,21.4715294374656));
#910=CARTESIAN_POINT('Ctrl Pts',(79.5248678950223,-47.1064459783463,31.4715294374656));
#911=CARTESIAN_POINT('Ctrl Pts',(80.1648678950118,-46.88319742037,21.4715294374724));
#912=CARTESIAN_POINT('Ctrl Pts',(80.1648678950117,-46.8831974206759,31.4715294374724));
#913=CARTESIAN_POINT('Ctrl Pts',(80.6448678949955,-46.685460793896,21.4715294374785));
#914=CARTESIAN_POINT('Ctrl Pts',(80.6448678949954,-46.6854607942019,31.4715294374785));
#915=CARTESIAN_POINT('Ctrl Pts',(80.9648678949808,-46.5403893111007,21.4715294374829));
#916=CARTESIAN_POINT('Ctrl Pts',(80.9648678949807,-46.5403893114066,31.4715294374829));
#917=CARTESIAN_POINT('Ctrl Pts',(81.1248678949725,-46.4645417019208,21.4715294374852));
#918=CARTESIAN_POINT('Ctrl Pts',(81.1248678949724,-46.4645417022267,31.4715294374852));
#919=CARTESIAN_POINT('',(81.1248678949725,-46.4645417022267,31.4715294374852));
#920=CARTESIAN_POINT('',(81.1248678949725,-46.4645417019208,21.4715294374852));
#921=CARTESIAN_POINT('',(73.1248678949725,-46.464541701982,31.4715294374852));
#922=CARTESIAN_POINT('Ctrl Pts',(73.1248678949725,-46.464541701982,31.4715294374852));
#923=CARTESIAN_POINT('Ctrl Pts',(73.2848678949459,-46.5403893111876,31.4715294374829));
#924=CARTESIAN_POINT('Ctrl Pts',(73.6048678949,-46.6854607940302,31.4715294374784));
#925=CARTESIAN_POINT('Ctrl Pts',(74.0848678948517,-46.8831974205632,31.4715294374724));
#926=CARTESIAN_POINT('Ctrl Pts',(74.7248678948265,-47.1064459782894,31.4715294374656));
#927=CARTESIAN_POINT('Ctrl Pts',(75.5248678948441,-47.3136030915396,31.4715294374592));
#928=CARTESIAN_POINT('Ctrl Pts',(76.3248678948902,-47.4424306660414,31.4715294374553));
#929=CARTESIAN_POINT('Ctrl Pts',(77.1248678949441,-47.4865364156845,31.4715294374539));
#930=CARTESIAN_POINT('Ctrl Pts',(77.9248678949886,-47.4424306660451,31.4715294374553));
#931=CARTESIAN_POINT('Ctrl Pts',(78.7248678950152,-47.3136030915588,31.4715294374593));
#932=CARTESIAN_POINT('Ctrl Pts',(79.5248678950222,-47.1064459783463,31.4715294374656));
#933=CARTESIAN_POINT('Ctrl Pts',(80.1648678950117,-46.8831974206759,31.4715294374724));
#934=CARTESIAN_POINT('Ctrl Pts',(80.6448678949955,-46.6854607942019,31.4715294374785));
#935=CARTESIAN_POINT('Ctrl Pts',(80.9648678949807,-46.5403893114066,31.4715294374829));
#936=CARTESIAN_POINT('Ctrl Pts',(81.1248678949725,-46.4645417022267,31.4715294374852));
#937=CARTESIAN_POINT('',(73.1248678949725,-46.4645417016761,21.4715294374852));
#938=CARTESIAN_POINT('Origin',(81.1248678949725,-46.4645417019208,21.4715294374852));
#939=CARTESIAN_POINT('',(81.1248678952171,-38.4645417022267,31.4715294377299));
#940=CARTESIAN_POINT('',(81.1248678952172,-38.4645417019208,21.4715294377299));
#941=CARTESIAN_POINT('',(81.1248678949725,-46.4645417022267,31.4715294374852));
#942=CARTESIAN_POINT('Origin',(77.1248678950791,-42.9755390586497,23.471529437592));
#943=CARTESIAN_POINT('Origin',(73.1248678952171,-38.4645417016761,21.4715294377299));
#944=CARTESIAN_POINT('',(73.1248678952171,-38.464541701982,31.4715294377299));
#945=CARTESIAN_POINT('',(73.1248678952171,-38.464541701982,31.4715294377299));
#946=CARTESIAN_POINT('',(73.1248678952171,-38.4645417016761,21.4715294377299));
#947=CARTESIAN_POINT('Origin',(81.1248678952172,-38.4645417019208,21.4715294377299));
#948=CARTESIAN_POINT('',(81.1248678952171,-38.4645417022267,31.4715294377299));
#949=CARTESIAN_POINT('Origin',(77.1248678950791,-42.9755390588944,31.4715294375919));
#950=CARTESIAN_POINT('Origin',(237.624867895026,-44.7200403851781,23.9715294375394));
#951=CARTESIAN_POINT('',(238.124867895217,-38.4645417067984,23.9715294377307));
#952=CARTESIAN_POINT('',(238.124867894972,-46.4645417067984,23.971529437486));
#953=CARTESIAN_POINT('',(238.124867895026,-44.7200403851934,23.9715294375394));
#954=CARTESIAN_POINT('',(237.624867894982,-46.1438299221041,23.4715294374958));
#955=CARTESIAN_POINT('Ctrl Pts',(238.124867894973,-46.4645417067983,23.971529437486));
#956=CARTESIAN_POINT('Ctrl Pts',(238.124867894973,-46.4645417067966,23.9160085609565));
#957=CARTESIAN_POINT('Ctrl Pts',(238.115625950533,-46.4586988462915,23.8614441588029));
#958=CARTESIAN_POINT('Ctrl Pts',(238.079074647116,-46.4355423576574,23.7544151825962));
#959=CARTESIAN_POINT('Ctrl Pts',(238.050998049526,-46.417737928961,23.7040896107349));
#960=CARTESIAN_POINT('Ctrl Pts',(237.975676553728,-46.3698076879089,23.6093214373745));
#961=CARTESIAN_POINT('Ctrl Pts',(237.926724500207,-46.3385681977792,23.5682132397649));
#962=CARTESIAN_POINT('Ctrl Pts',(237.835620099529,-46.2801351597571,23.5160347706925));
#963=CARTESIAN_POINT('Ctrl Pts',(237.795769272232,-46.2544973304473,23.4997467717477));
#964=CARTESIAN_POINT('Ctrl Pts',(237.713313804013,-46.2012558752327,23.4775275811621));
#965=CARTESIAN_POINT('Ctrl Pts',(237.670646222317,-46.1736076110179,23.4718089015636));
#966=CARTESIAN_POINT('Ctrl Pts',(237.626975521446,-46.1452010641533,23.4715327689691));
#967=CARTESIAN_POINT('Ctrl Pts',(237.625921693418,-46.1445155153619,23.4715294374958));
#968=CARTESIAN_POINT('Ctrl Pts',(237.624867894982,-46.1438299221041,23.4715294374958));
#969=CARTESIAN_POINT('',(237.624867895202,-38.9645417067678,23.4715294377154));
#970=CARTESIAN_POINT('',(237.624867895026,-44.7200403851628,23.4715294375394));
#971=CARTESIAN_POINT('Origin',(237.624867895202,-38.9645417067831,23.9715294377154));
#972=CARTESIAN_POINT('Ctrl Pts',(238.124867894973,-46.4645417067983,23.971529437486));
#973=CARTESIAN_POINT('Ctrl Pts',(237.420605570218,-46.7983955416164,23.9715294374758));
#974=CARTESIAN_POINT('Ctrl Pts',(236.314894005948,-47.2118529555659,23.9715294374632));
#975=CARTESIAN_POINT('Ctrl Pts',(234.334330548766,-47.5422816332575,23.9715294374531));
#976=CARTESIAN_POINT('Ctrl Pts',(232.301226985572,-47.359533396874,23.9715294374586));
#977=CARTESIAN_POINT('Ctrl Pts',(230.829130219696,-46.798395541508,23.9715294374758));
#978=CARTESIAN_POINT('Ctrl Pts',(230.124867894973,-46.4645417065539,23.971529437486));
#979=CARTESIAN_POINT('Ctrl Pts',(238.124867894973,-46.4645417067943,23.8406297435865));
#980=CARTESIAN_POINT('Ctrl Pts',(237.420549011261,-46.7984223532475,23.8406297435762));
#981=CARTESIAN_POINT('Ctrl Pts',(236.315026244974,-47.2119152441107,23.8406297435636));
#982=CARTESIAN_POINT('Ctrl Pts',(234.334296888659,-47.5423911174139,23.8406297435535));
#983=CARTESIAN_POINT('Ctrl Pts',(232.301118358717,-47.35961220156,23.840629743559));
#984=CARTESIAN_POINT('Ctrl Pts',(230.829186778653,-46.7984223531392,23.8406297435762));
#985=CARTESIAN_POINT('Ctrl Pts',(230.124867894973,-46.4645417065499,23.8406297435864));
#986=CARTESIAN_POINT('Ctrl Pts',(238.078380182975,-46.3664762041339,23.5800557024079));
#987=CARTESIAN_POINT('Ctrl Pts',(237.379972987654,-46.6975544291457,23.5800557023978));
#988=CARTESIAN_POINT('Ctrl Pts',(236.284283761737,-47.1069073033133,23.5800557023853));
#989=CARTESIAN_POINT('Ctrl Pts',(234.330696546106,-47.4325136752425,23.5800557023753));
#990=CARTESIAN_POINT('Ctrl Pts',(232.328891369209,-47.2528515640392,23.5800557023808));
#991=CARTESIAN_POINT('Ctrl Pts',(230.869762802272,-46.6975544290416,23.5800557023978));
#992=CARTESIAN_POINT('Ctrl Pts',(230.171355606987,-46.3664762038975,23.5800557024079));
#993=CARTESIAN_POINT('Ctrl Pts',(237.966762124531,-46.1310186921103,23.4715294374962));
#994=CARTESIAN_POINT('Ctrl Pts',(237.282336160049,-46.455469148793,23.4715294374863));
#995=CARTESIAN_POINT('Ctrl Pts',(236.210968058424,-46.8550152709329,23.4715294374741));
#996=CARTESIAN_POINT('Ctrl Pts',(234.321925356585,-47.1691074865165,23.4715294374645));
#997=CARTESIAN_POINT('Ctrl Pts',(232.395166168539,-46.9968134277372,23.4715294374697));
#998=CARTESIAN_POINT('Ctrl Pts',(230.967399629905,-46.4554691486995,23.4715294374863));
#999=CARTESIAN_POINT('Ctrl Pts',(230.282973665473,-46.1310186918935,23.4715294374962));
#1000=CARTESIAN_POINT('Ctrl Pts',(237.91069065395,-46.0127363178951,23.4715294374998));
#1001=CARTESIAN_POINT('Ctrl Pts',(237.233317145203,-46.3338435751637,23.47152943749));
#1002=CARTESIAN_POINT('Ctrl Pts',(236.174070096579,-46.7284450934958,23.4715294374779));
#1003=CARTESIAN_POINT('Ctrl Pts',(234.317536377845,-47.0367289867839,23.4715294374685));
#1004=CARTESIAN_POINT('Ctrl Pts',(232.428515030385,-46.8681519909908,23.4715294374736));
#1005=CARTESIAN_POINT('Ctrl Pts',(231.016418644766,-46.3338435750754,23.47152943749));
#1006=CARTESIAN_POINT('Ctrl Pts',(230.339045136074,-46.0127363176881,23.4715294374998));
#1007=CARTESIAN_POINT('',(230.624867894982,-46.1438299219265,23.4715294374958));
#1008=CARTESIAN_POINT('Ctrl Pts',(230.624749944358,-46.1440948374634,23.4715294374958));
#1009=CARTESIAN_POINT('Ctrl Pts',(231.214275194559,-46.4065743338191,23.4715294374878));
#1010=CARTESIAN_POINT('Ctrl Pts',(232.534128427966,-46.8775769714462,23.4715294374734));
#1011=CARTESIAN_POINT('Ctrl Pts',(234.317536377845,-47.0367289867839,23.4715294374685));
#1012=CARTESIAN_POINT('Ctrl Pts',(236.070246373592,-46.7456853844829,23.4715294374774));
#1013=CARTESIAN_POINT('Ctrl Pts',(237.035386441985,-46.4055806725892,23.4715294374878));
#1014=CARTESIAN_POINT('Ctrl Pts',(237.62490678788,-46.1439175468103,23.4715294374958));
#1015=CARTESIAN_POINT('',(230.124867894972,-46.4645417065537,23.971529437486));
#1016=CARTESIAN_POINT('Ctrl Pts',(238.124867894973,-46.4645417067983,23.971529437486));
#1017=CARTESIAN_POINT('Ctrl Pts',(237.420605570218,-46.7983955416164,23.9715294374758));
#1018=CARTESIAN_POINT('Ctrl Pts',(236.314894005948,-47.2118529555659,23.9715294374632));
#1019=CARTESIAN_POINT('Ctrl Pts',(234.334330548766,-47.5422816332575,23.9715294374531));
#1020=CARTESIAN_POINT('Ctrl Pts',(232.301226985572,-47.359533396874,23.9715294374586));
#1021=CARTESIAN_POINT('Ctrl Pts',(230.829130219696,-46.798395541508,23.9715294374758));
#1022=CARTESIAN_POINT('Ctrl Pts',(230.124867894973,-46.4645417065539,23.971529437486));
#1023=CARTESIAN_POINT('Ctrl Pts',(230.624867894982,-46.1438299219266,23.4715294374958));
#1024=CARTESIAN_POINT('Ctrl Pts',(230.623814096837,-46.1445155149954,23.4715294374958));
#1025=CARTESIAN_POINT('Ctrl Pts',(230.622760269078,-46.1452010636078,23.4715327689673));
#1026=CARTESIAN_POINT('Ctrl Pts',(230.579089595154,-46.1736075929735,23.4718089013171));
#1027=CARTESIAN_POINT('Ctrl Pts',(230.536422040006,-46.2012558400175,23.4775275738789));
#1028=CARTESIAN_POINT('Ctrl Pts',(230.453966614902,-46.2544972676199,23.4997467384251));
#1029=CARTESIAN_POINT('Ctrl Pts',(230.414115804448,-46.2801350862476,23.5160347201091));
#1030=CARTESIAN_POINT('Ctrl Pts',(230.32301140862,-46.3385681215616,23.5682131508701));
#1031=CARTESIAN_POINT('Ctrl Pts',(230.274059343658,-46.3698076191901,23.6093213335307));
#1032=CARTESIAN_POINT('Ctrl Pts',(230.198737818164,-46.4177378793696,23.7040894861561));
#1033=CARTESIAN_POINT('Ctrl Pts',(230.170661204208,-46.4355423185976,23.7544150531959));
#1034=CARTESIAN_POINT('Ctrl Pts',(230.134109855386,-46.4586988360404,23.8614440657969));
#1035=CARTESIAN_POINT('Ctrl Pts',(230.124867894972,-46.464541706552,23.9160085132439));
#1036=CARTESIAN_POINT('Ctrl Pts',(230.124867894972,-46.4645417065537,23.971529437486));
#1037=CARTESIAN_POINT('Origin',(236.124867895202,-38.9645417067372,23.9715294377154));
#1038=CARTESIAN_POINT('',(230.124867895217,-38.4645417065537,23.9715294377307));
#1039=CARTESIAN_POINT('',(236.124867895217,-38.4645417067372,23.9715294377307));
#1040=CARTESIAN_POINT('',(230.624867895202,-38.9645417065537,23.4715294377154));
#1041=CARTESIAN_POINT('',(236.124867895202,-38.9645417067219,23.4715294377154));
#1042=CARTESIAN_POINT('Origin',(230.624867895202,-38.964541706569,23.9715294377154));
#1043=CARTESIAN_POINT('Origin',(230.624867895148,-40.720040384964,23.9715294376617));
#1044=CARTESIAN_POINT('',(230.124867895148,-40.7200403849487,23.9715294376617));
#1045=CARTESIAN_POINT('',(230.624867895148,-40.7200403849487,23.4715294376617));
#1046=CARTESIAN_POINT('Ctrl Pts',(230.124867894972,-46.4645417064772,21.471529437486));
#1047=CARTESIAN_POINT('Ctrl Pts',(230.124867894972,-46.4645417067831,31.471529437486));
#1048=CARTESIAN_POINT('Ctrl Pts',(230.284867894946,-46.5403893156828,21.4715294374837));
#1049=CARTESIAN_POINT('Ctrl Pts',(230.284867894946,-46.5403893159887,31.4715294374837));
#1050=CARTESIAN_POINT('Ctrl Pts',(230.6048678949,-46.6854607985255,21.4715294374792));
#1051=CARTESIAN_POINT('Ctrl Pts',(230.6048678949,-46.6854607988314,31.4715294374792));
#1052=CARTESIAN_POINT('Ctrl Pts',(231.084867894852,-46.8831974250584,21.4715294374732));
#1053=CARTESIAN_POINT('Ctrl Pts',(231.084867894852,-46.8831974253643,31.4715294374732));
#1054=CARTESIAN_POINT('Ctrl Pts',(231.724867894827,-47.1064459827846,21.4715294374663));
#1055=CARTESIAN_POINT('Ctrl Pts',(231.724867894827,-47.1064459830905,31.4715294374663));
#1056=CARTESIAN_POINT('Ctrl Pts',(232.524867894844,-47.3136030960348,21.47152943746));
#1057=CARTESIAN_POINT('Ctrl Pts',(232.524867894844,-47.3136030963407,31.47152943746));
#1058=CARTESIAN_POINT('Ctrl Pts',(233.32486789489,-47.4424306705367,21.4715294374561));
#1059=CARTESIAN_POINT('Ctrl Pts',(233.32486789489,-47.4424306708425,31.4715294374561));
#1060=CARTESIAN_POINT('Ctrl Pts',(234.124867894944,-47.4865364201797,21.4715294374547));
#1061=CARTESIAN_POINT('Ctrl Pts',(234.124867894944,-47.4865364204856,31.4715294374547));
#1062=CARTESIAN_POINT('Ctrl Pts',(234.924867894989,-47.4424306705404,21.4715294374561));
#1063=CARTESIAN_POINT('Ctrl Pts',(234.924867894989,-47.4424306708463,31.4715294374561));
#1064=CARTESIAN_POINT('Ctrl Pts',(235.724867895015,-47.313603096054,21.47152943746));
#1065=CARTESIAN_POINT('Ctrl Pts',(235.724867895015,-47.3136030963599,31.47152943746));
#1066=CARTESIAN_POINT('Ctrl Pts',(236.524867895022,-47.1064459828415,21.4715294374664));
#1067=CARTESIAN_POINT('Ctrl Pts',(236.524867895022,-47.1064459831474,31.4715294374664));
#1068=CARTESIAN_POINT('Ctrl Pts',(237.164867895012,-46.8831974251711,21.4715294374732));
#1069=CARTESIAN_POINT('Ctrl Pts',(237.164867895012,-46.883197425477,31.4715294374732));
#1070=CARTESIAN_POINT('Ctrl Pts',(237.644867894995,-46.6854607986971,21.4715294374792));
#1071=CARTESIAN_POINT('Ctrl Pts',(237.644867894995,-46.685460799003,31.4715294374792));
#1072=CARTESIAN_POINT('Ctrl Pts',(237.964867894981,-46.5403893159018,21.4715294374837));
#1073=CARTESIAN_POINT('Ctrl Pts',(237.964867894981,-46.5403893162077,31.4715294374837));
#1074=CARTESIAN_POINT('Ctrl Pts',(238.124867894972,-46.4645417067219,21.471529437486));
#1075=CARTESIAN_POINT('Ctrl Pts',(238.124867894972,-46.4645417070278,31.471529437486));
#1076=CARTESIAN_POINT('',(238.124867894972,-46.4645417070278,31.471529437486));
#1077=CARTESIAN_POINT('',(238.124867894972,-46.4645417067219,21.471529437486));
#1078=CARTESIAN_POINT('',(230.124867894972,-46.4645417067831,31.471529437486));
#1079=CARTESIAN_POINT('Ctrl Pts',(230.124867894972,-46.4645417067831,31.471529437486));
#1080=CARTESIAN_POINT('Ctrl Pts',(230.284867894946,-46.5403893159887,31.4715294374837));
#1081=CARTESIAN_POINT('Ctrl Pts',(230.6048678949,-46.6854607988314,31.4715294374792));
#1082=CARTESIAN_POINT('Ctrl Pts',(231.084867894852,-46.8831974253643,31.4715294374732));
#1083=CARTESIAN_POINT('Ctrl Pts',(231.724867894827,-47.1064459830905,31.4715294374663));
#1084=CARTESIAN_POINT('Ctrl Pts',(232.524867894844,-47.3136030963407,31.47152943746));
#1085=CARTESIAN_POINT('Ctrl Pts',(233.32486789489,-47.4424306708425,31.4715294374561));
#1086=CARTESIAN_POINT('Ctrl Pts',(234.124867894944,-47.4865364204856,31.4715294374547));
#1087=CARTESIAN_POINT('Ctrl Pts',(234.924867894989,-47.4424306708463,31.4715294374561));
#1088=CARTESIAN_POINT('Ctrl Pts',(235.724867895015,-47.3136030963599,31.47152943746));
#1089=CARTESIAN_POINT('Ctrl Pts',(236.524867895022,-47.1064459831474,31.4715294374664));
#1090=CARTESIAN_POINT('Ctrl Pts',(237.164867895012,-46.883197425477,31.4715294374732));
#1091=CARTESIAN_POINT('Ctrl Pts',(237.644867894995,-46.685460799003,31.4715294374792));
#1092=CARTESIAN_POINT('Ctrl Pts',(237.964867894981,-46.5403893162077,31.4715294374837));
#1093=CARTESIAN_POINT('Ctrl Pts',(238.124867894972,-46.4645417070278,31.471529437486));
#1094=CARTESIAN_POINT('',(230.124867894972,-46.4645417064772,21.471529437486));
#1095=CARTESIAN_POINT('Origin',(238.124867894972,-46.4645417067219,21.471529437486));
#1096=CARTESIAN_POINT('',(238.124867895217,-38.4645417070278,31.4715294377307));
#1097=CARTESIAN_POINT('',(238.124867895217,-38.4645417067219,21.4715294377307));
#1098=CARTESIAN_POINT('',(238.124867894972,-46.4645417070278,31.471529437486));
#1099=CARTESIAN_POINT('Origin',(234.124867895079,-42.9755390634508,23.4715294375927));
#1100=CARTESIAN_POINT('Origin',(230.124867895217,-38.4645417064772,21.4715294377307));
#1101=CARTESIAN_POINT('',(230.124867895217,-38.4645417067831,31.4715294377307));
#1102=CARTESIAN_POINT('',(230.124867895217,-38.4645417067831,31.4715294377307));
#1103=CARTESIAN_POINT('',(230.124867895217,-38.4645417064772,21.4715294377307));
#1104=CARTESIAN_POINT('Origin',(238.124867895217,-38.4645417067219,21.4715294377307));
#1105=CARTESIAN_POINT('',(238.124867895217,-38.4645417070278,31.4715294377307));
#1106=CARTESIAN_POINT('Origin',(234.124867895079,-42.9755390636955,31.4715294375927));
#1107=CARTESIAN_POINT('Origin',(73.6248678986958,75.2909569766268,23.9715294412097));
#1108=CARTESIAN_POINT('',(73.6248678987394,76.7147465135739,23.4715294412533));
#1109=CARTESIAN_POINT('',(73.6248678985198,69.5354582982474,23.4715294410336));
#1110=CARTESIAN_POINT('',(73.6248678986958,75.2909569766421,23.4715294412097));
#1111=CARTESIAN_POINT('',(73.1248678985045,69.0354582982474,23.9715294410183));
#1112=CARTESIAN_POINT('Origin',(73.6248678985198,69.5354582982321,23.9715294410336));
#1113=CARTESIAN_POINT('',(73.1248678987492,77.0354582982474,23.9715294412631));
#1114=CARTESIAN_POINT('',(73.1248678986958,75.2909569766421,23.9715294412097));
#1115=CARTESIAN_POINT('Ctrl Pts',(73.6248678987394,76.7147465135739,23.4715294412533));
#1116=CARTESIAN_POINT('Ctrl Pts',(73.6238141003174,76.7154321068227,23.4715294412533));
#1117=CARTESIAN_POINT('Ctrl Pts',(73.6227602722602,76.7161176556247,23.4715327727267));
#1118=CARTESIAN_POINT('Ctrl Pts',(73.5790895716437,76.7445242024099,23.4718089053214));
#1119=CARTESIAN_POINT('Ctrl Pts',(73.5364219897457,76.7721724666795,23.4775275849132));
#1120=CARTESIAN_POINT('Ctrl Pts',(73.4539665214889,76.8254139219186,23.499746775512));
#1121=CARTESIAN_POINT('Ctrl Pts',(73.4141156941904,76.851051751229,23.516034774459));
#1122=CARTESIAN_POINT('Ctrl Pts',(73.3230112935117,76.9094847892502,23.5682132435362));
#1123=CARTESIAN_POINT('Ctrl Pts',(73.2740592399912,76.9407242793782,23.6093214411479));
#1124=CARTESIAN_POINT('Ctrl Pts',(73.1987377441943,76.9886545204256,23.7040896145115));
#1125=CARTESIAN_POINT('Ctrl Pts',(73.1706611466044,77.0064589491193,23.7544151863735));
#1126=CARTESIAN_POINT('Ctrl Pts',(73.1341098431888,77.0296154377472,23.8614441625807));
#1127=CARTESIAN_POINT('Ctrl Pts',(73.1248678987492,77.0354582982491,23.9160085647342));
#1128=CARTESIAN_POINT('Ctrl Pts',(73.1248678987492,77.0354582982474,23.9715294412631));
#1129=CARTESIAN_POINT('Origin',(80.6248678985735,71.2909569764128,23.9715294410874));
#1130=CARTESIAN_POINT('',(80.6248678985198,69.5354582980333,23.4715294410337));
#1131=CARTESIAN_POINT('',(80.6248678987393,76.7147465133653,23.4715294412533));
#1132=CARTESIAN_POINT('',(80.6248678985735,71.290956976428,23.4715294410873));
#1133=CARTESIAN_POINT('',(81.1248678987492,77.0354582980027,23.9715294412631));
#1134=CARTESIAN_POINT('Ctrl Pts',(80.6248678987393,76.7147465133652,23.4715294412533));
#1135=CARTESIAN_POINT('Ctrl Pts',(80.6259216968819,76.7154321064322,23.4715294412533));
#1136=CARTESIAN_POINT('Ctrl Pts',(80.6269755246481,76.7161176550474,23.4715327727249));
#1137=CARTESIAN_POINT('Ctrl Pts',(80.6706461985065,76.7445241843966,23.4718089050762));
#1138=CARTESIAN_POINT('Ctrl Pts',(80.7133137537113,76.7721724314592,23.477527577638));
#1139=CARTESIAN_POINT('Ctrl Pts',(80.7957691788291,76.8254138590754,23.4997467421924));
#1140=CARTESIAN_POINT('Ctrl Pts',(80.8356199892839,76.8510516777064,23.5160347238797));
#1141=CARTESIAN_POINT('Ctrl Pts',(80.9267243851124,76.9094847130246,23.5682131546477));
#1142=CARTESIAN_POINT('Ctrl Pts',(80.9756764500725,76.9407242106539,23.609321337311));
#1143=CARTESIAN_POINT('Ctrl Pts',(81.0509979755621,76.9886544708311,23.7040894899382));
#1144=CARTESIAN_POINT('Ctrl Pts',(81.0790745895168,77.0064589100577,23.7544150569783));
#1145=CARTESIAN_POINT('Ctrl Pts',(81.1156259383364,77.0296154274959,23.8614440695789));
#1146=CARTESIAN_POINT('Ctrl Pts',(81.1248678987492,77.0354582980044,23.9160085170236));
#1147=CARTESIAN_POINT('Ctrl Pts',(81.1248678987492,77.0354582980028,23.9715294412631));
#1148=CARTESIAN_POINT('',(81.1248678985045,69.0354582980028,23.9715294410184));
#1149=CARTESIAN_POINT('',(81.1248678985735,71.2909569763975,23.9715294410874));
#1150=CARTESIAN_POINT('Origin',(80.6248678985198,69.535458298018,23.9715294410336));
#1151=CARTESIAN_POINT('Ctrl Pts',(73.1248678987492,77.0354582982474,23.971529441263));
#1152=CARTESIAN_POINT('Ctrl Pts',(73.8291302235072,77.3693121330385,23.9715294412733));
#1153=CARTESIAN_POINT('Ctrl Pts',(74.9348386459979,77.7827289928931,23.9715294412859));
#1154=CARTESIAN_POINT('Ctrl Pts',(76.9154059668319,78.1131704545841,23.971529441296));
#1155=CARTESIAN_POINT('Ctrl Pts',(78.9485058262432,77.9303990800512,23.9715294412904));
#1156=CARTESIAN_POINT('Ctrl Pts',(80.4206055740159,77.3693121328481,23.9715294412733));
#1157=CARTESIAN_POINT('Ctrl Pts',(81.1248678987492,77.0354582980028,23.9715294412631));
#1158=CARTESIAN_POINT('Ctrl Pts',(73.1248678987492,77.0354582982514,23.8406297473635));
#1159=CARTESIAN_POINT('Ctrl Pts',(73.8291867824636,77.3693389446776,23.8406297473737));
#1160=CARTESIAN_POINT('Ctrl Pts',(74.934707069835,77.7827885651058,23.8406297473863));
#1161=CARTESIAN_POINT('Ctrl Pts',(76.9154396689622,78.1132776191231,23.8406297473965));
#1162=CARTESIAN_POINT('Ctrl Pts',(78.9486137900423,77.9304749912274,23.8406297473909));
#1163=CARTESIAN_POINT('Ctrl Pts',(80.4205490150595,77.3693389444873,23.8406297473737));
#1164=CARTESIAN_POINT('Ctrl Pts',(81.1248678987492,77.0354582980068,23.8406297473635));
#1165=CARTESIAN_POINT('Ctrl Pts',(73.1713477929345,76.9374092872185,23.5800374553861));
#1166=CARTESIAN_POINT('Ctrl Pts',(73.8697549882618,77.2684875122049,23.5800374553962));
#1167=CARTESIAN_POINT('Ctrl Pts',(74.9654462069047,77.6778023769915,23.5800374554087));
#1168=CARTESIAN_POINT('Ctrl Pts',(76.919038748712,78.0034208807629,23.5800374554187));
#1169=CARTESIAN_POINT('Ctrl Pts',(78.9208454672344,77.823736718185,23.5800374554132));
#1170=CARTESIAN_POINT('Ctrl Pts',(80.3799808092538,77.2684875120175,23.5800374553962));
#1171=CARTESIAN_POINT('Ctrl Pts',(81.0783880045563,76.9374092869774,23.5800374553861));
#1172=CARTESIAN_POINT('Ctrl Pts',(73.2829736691801,76.7019352835847,23.4715294412528));
#1173=CARTESIAN_POINT('Ctrl Pts',(73.967399633674,77.0263857402457,23.4715294412628));
#1174=CARTESIAN_POINT('Ctrl Pts',(75.0387660877782,77.4258958551086,23.471529441275));
#1175=CARTESIAN_POINT('Ctrl Pts',(76.9278111383103,77.7399992367119,23.4715294412846));
#1176=CARTESIAN_POINT('Ctrl Pts',(78.8545699982486,77.5676848691422,23.4715294412793));
#1177=CARTESIAN_POINT('Ctrl Pts',(80.2823361638234,77.0263857400657,23.4715294412628));
#1178=CARTESIAN_POINT('Ctrl Pts',(80.9667621282927,76.7019352833522,23.4715294412529));
#1179=CARTESIAN_POINT('Ctrl Pts',(73.3390451397563,76.5836529093677,23.4715294412492));
#1180=CARTESIAN_POINT('Ctrl Pts',(74.0164186485202,76.9047601666165,23.4715294412591));
#1181=CARTESIAN_POINT('Ctrl Pts',(75.0756643734775,77.2993281346576,23.4715294412711));
#1182=CARTESIAN_POINT('Ctrl Pts',(76.9322000966442,77.6076224968225,23.4715294412806));
#1183=CARTESIAN_POINT('Ctrl Pts',(78.8212225323642,77.4390263740743,23.4715294412754));
#1184=CARTESIAN_POINT('Ctrl Pts',(80.2333171489682,76.90476016644,23.4715294412591));
#1185=CARTESIAN_POINT('Ctrl Pts',(80.9106906577075,76.5836529091394,23.4715294412493));
#1186=CARTESIAN_POINT('Ctrl Pts',(73.1248678987492,77.0354582982474,23.971529441263));
#1187=CARTESIAN_POINT('Ctrl Pts',(73.8291302235072,77.3693121330385,23.9715294412733));
#1188=CARTESIAN_POINT('Ctrl Pts',(74.9348386459979,77.7827289928931,23.9715294412859));
#1189=CARTESIAN_POINT('Ctrl Pts',(76.9154059668319,78.1131704545841,23.971529441296));
#1190=CARTESIAN_POINT('Ctrl Pts',(78.9485058262432,77.9303990800512,23.9715294412904));
#1191=CARTESIAN_POINT('Ctrl Pts',(80.4206055740159,77.3693121328481,23.9715294412733));
#1192=CARTESIAN_POINT('Ctrl Pts',(81.1248678987492,77.0354582980028,23.9715294412631));
#1193=CARTESIAN_POINT('Ctrl Pts',(80.6249854319864,76.7150104959267,23.4715294412533));
#1194=CARTESIAN_POINT('Ctrl Pts',(80.0354605125669,76.9774854210395,23.4715294412613));
#1195=CARTESIAN_POINT('Ctrl Pts',(78.7156089030246,77.448452439154,23.4715294412757));
#1196=CARTESIAN_POINT('Ctrl Pts',(76.9322000966442,77.6076224968225,23.4715294412806));
#1197=CARTESIAN_POINT('Ctrl Pts',(75.1794883837272,77.3165690401882,23.4715294412717));
#1198=CARTESIAN_POINT('Ctrl Pts',(74.21434946168,76.9764914738642,23.4715294412613));
#1199=CARTESIAN_POINT('Ctrl Pts',(73.6248294445369,76.7148331514536,23.4715294412532));
#1200=CARTESIAN_POINT('Origin',(75.1248678985198,69.5354582981862,23.9715294410336));
#1201=CARTESIAN_POINT('',(75.1248678985198,69.5354582982015,23.4715294410336));
#1202=CARTESIAN_POINT('',(75.1248678985045,69.0354582981862,23.9715294410184));
#1203=CARTESIAN_POINT('Origin',(73.1248678985045,69.0354582983239,21.4715294410183));
#1204=CARTESIAN_POINT('',(81.1248678985045,69.0354582977733,31.4715294410184));
#1205=CARTESIAN_POINT('',(81.1248678985045,69.0354582980792,21.4715294410184));
#1206=CARTESIAN_POINT('',(73.1248678985045,69.035458298018,31.4715294410183));
#1207=CARTESIAN_POINT('',(81.1248678985045,69.0354582977733,31.4715294410184));
#1208=CARTESIAN_POINT('',(73.1248678985045,69.0354582983239,21.4715294410183));
#1209=CARTESIAN_POINT('Origin',(81.1248678985045,69.0354582980792,21.4715294410184));
#1210=CARTESIAN_POINT('',(81.1248678987491,77.0354582977733,31.4715294412631));
#1211=CARTESIAN_POINT('',(81.1248678987492,77.0354582980792,21.4715294412631));
#1212=CARTESIAN_POINT('',(81.1248678987491,77.0354582977733,31.4715294412631));
#1213=CARTESIAN_POINT('Origin',(77.1248678986424,73.5464556549298,23.4715294411563));
#1214=CARTESIAN_POINT('Origin',(73.1248678987492,77.0354582983239,21.4715294412631));
#1215=CARTESIAN_POINT('',(73.1248678987491,77.035458298018,31.4715294412631));
#1216=CARTESIAN_POINT('',(73.1248678949725,-46.464541701982,31.4715294374852));
#1217=CARTESIAN_POINT('',(73.1248678987492,77.0354582983239,21.4715294412631));
#1218=CARTESIAN_POINT('Ctrl Pts',(81.1248678987492,77.0354582980792,21.4715294412631));
#1219=CARTESIAN_POINT('Ctrl Pts',(81.1248678987491,77.0354582977733,31.4715294412631));
#1220=CARTESIAN_POINT('Ctrl Pts',(80.964867898728,77.1113059072816,21.4715294412654));
#1221=CARTESIAN_POINT('Ctrl Pts',(80.9648678987279,77.1113059069757,31.4715294412654));
#1222=CARTESIAN_POINT('Ctrl Pts',(80.6448678986911,77.2563773901185,21.4715294412698));
#1223=CARTESIAN_POINT('Ctrl Pts',(80.6448678986911,77.2563773898126,31.4715294412698));
#1224=CARTESIAN_POINT('Ctrl Pts',(80.1648678986532,77.4541140166446,21.4715294412759));
#1225=CARTESIAN_POINT('Ctrl Pts',(80.1648678986531,77.4541140163387,31.4715294412759));
#1226=CARTESIAN_POINT('Ctrl Pts',(79.5248678986357,77.6773625743647,21.4715294412827));
#1227=CARTESIAN_POINT('Ctrl Pts',(79.5248678986357,77.6773625740588,31.4715294412827));
#1228=CARTESIAN_POINT('Ctrl Pts',(78.7248678986592,77.8845196876141,21.4715294412891));
#1229=CARTESIAN_POINT('Ctrl Pts',(78.7248678986592,77.8845196873082,31.4715294412891));
#1230=CARTESIAN_POINT('Ctrl Pts',(77.9248678987131,78.013347262123,21.471529441293));
#1231=CARTESIAN_POINT('Ctrl Pts',(77.924867898713,78.0133472618171,31.471529441293));
#1232=CARTESIAN_POINT('Ctrl Pts',(77.1248678987807,78.0574530117805,21.4715294412943));
#1233=CARTESIAN_POINT('Ctrl Pts',(77.1248678987806,78.0574530114746,31.4715294412943));
#1234=CARTESIAN_POINT('Ctrl Pts',(76.3248678988444,78.0133472621605,21.471529441293));
#1235=CARTESIAN_POINT('Ctrl Pts',(76.3248678988443,78.0133472618546,31.471529441293));
#1236=CARTESIAN_POINT('Ctrl Pts',(75.5248678988874,77.8845196876919,21.471529441289));
#1237=CARTESIAN_POINT('Ctrl Pts',(75.5248678988874,77.884519687386,31.471529441289));
#1238=CARTESIAN_POINT('Ctrl Pts',(74.7248678988948,77.6773625744884,21.4715294412827));
#1239=CARTESIAN_POINT('Ctrl Pts',(74.7248678988947,77.6773625741825,31.4715294412827));
#1240=CARTESIAN_POINT('Ctrl Pts',(74.0848678988631,77.4541140168116,21.4715294412759));
#1241=CARTESIAN_POINT('Ctrl Pts',(74.0848678988631,77.4541140165057,31.4715294412759));
#1242=CARTESIAN_POINT('Ctrl Pts',(73.6048678988151,77.2563773903226,21.4715294412698));
#1243=CARTESIAN_POINT('Ctrl Pts',(73.604867898815,77.2563773900168,31.4715294412698));
#1244=CARTESIAN_POINT('Ctrl Pts',(73.2848678987728,77.1113059075124,21.4715294412654));
#1245=CARTESIAN_POINT('Ctrl Pts',(73.2848678987727,77.1113059072065,31.4715294412654));
#1246=CARTESIAN_POINT('Ctrl Pts',(73.1248678987492,77.0354582983239,21.4715294412631));
#1247=CARTESIAN_POINT('Ctrl Pts',(73.1248678987491,77.035458298018,31.4715294412631));
#1248=CARTESIAN_POINT('Ctrl Pts',(81.1248678987491,77.0354582977733,31.4715294412631));
#1249=CARTESIAN_POINT('Ctrl Pts',(80.9648678987279,77.1113059069757,31.4715294412654));
#1250=CARTESIAN_POINT('Ctrl Pts',(80.6448678986911,77.2563773898126,31.4715294412698));
#1251=CARTESIAN_POINT('Ctrl Pts',(80.1648678986531,77.4541140163387,31.4715294412759));
#1252=CARTESIAN_POINT('Ctrl Pts',(79.5248678986357,77.6773625740588,31.4715294412827));
#1253=CARTESIAN_POINT('Ctrl Pts',(78.7248678986591,77.8845196873082,31.4715294412891));
#1254=CARTESIAN_POINT('Ctrl Pts',(77.924867898713,78.0133472618171,31.471529441293));
#1255=CARTESIAN_POINT('Ctrl Pts',(77.1248678987806,78.0574530114746,31.4715294412943));
#1256=CARTESIAN_POINT('Ctrl Pts',(76.3248678988443,78.0133472618546,31.471529441293));
#1257=CARTESIAN_POINT('Ctrl Pts',(75.5248678988873,77.884519687386,31.471529441289));
#1258=CARTESIAN_POINT('Ctrl Pts',(74.7248678988948,77.6773625741825,31.4715294412827));
#1259=CARTESIAN_POINT('Ctrl Pts',(74.0848678988631,77.4541140165057,31.4715294412759));
#1260=CARTESIAN_POINT('Ctrl Pts',(73.6048678988149,77.2563773900168,31.4715294412698));
#1261=CARTESIAN_POINT('Ctrl Pts',(73.2848678987728,77.1113059072065,31.4715294412654));
#1262=CARTESIAN_POINT('Ctrl Pts',(73.1248678987491,77.035458298018,31.4715294412631));
#1263=CARTESIAN_POINT('Origin',(77.1248678986424,73.5464556546851,31.4715294411563));
#1264=CARTESIAN_POINT('Origin',(230.624867898696,75.2909569718257,23.9715294412105));
#1265=CARTESIAN_POINT('',(230.624867898739,76.7147465087728,23.471529441254));
#1266=CARTESIAN_POINT('',(230.62486789852,69.5354582934463,23.4715294410344));
#1267=CARTESIAN_POINT('',(230.624867898696,75.290956971841,23.4715294412105));
#1268=CARTESIAN_POINT('',(230.124867898505,69.0354582934463,23.9715294410191));
#1269=CARTESIAN_POINT('Origin',(230.62486789852,69.535458293431,23.9715294410344));
#1270=CARTESIAN_POINT('',(230.124867898749,77.0354582934463,23.9715294412638));
#1271=CARTESIAN_POINT('',(230.124867898696,75.290956971841,23.9715294412105));
#1272=CARTESIAN_POINT('Ctrl Pts',(230.624867898739,76.7147465087728,23.4715294412541));
#1273=CARTESIAN_POINT('Ctrl Pts',(230.623814100317,76.7154321020216,23.4715294412541));
#1274=CARTESIAN_POINT('Ctrl Pts',(230.62276027226,76.7161176508236,23.4715327727275));
#1275=CARTESIAN_POINT('Ctrl Pts',(230.579089571644,76.7445241976088,23.4718089053221));
#1276=CARTESIAN_POINT('Ctrl Pts',(230.536421989746,76.7721724618784,23.4775275849139));
#1277=CARTESIAN_POINT('Ctrl Pts',(230.453966521489,76.8254139171175,23.4997467755128));
#1278=CARTESIAN_POINT('Ctrl Pts',(230.41411569419,76.8510517464279,23.5160347744598));
#1279=CARTESIAN_POINT('Ctrl Pts',(230.323011293512,76.9094847844491,23.568213243537));
#1280=CARTESIAN_POINT('Ctrl Pts',(230.274059239991,76.9407242745771,23.6093214411487));
#1281=CARTESIAN_POINT('Ctrl Pts',(230.198737744194,76.9886545156244,23.7040896145123));
#1282=CARTESIAN_POINT('Ctrl Pts',(230.170661146604,77.0064589443182,23.7544151863742));
#1283=CARTESIAN_POINT('Ctrl Pts',(230.134109843189,77.0296154329461,23.8614441625814));
#1284=CARTESIAN_POINT('Ctrl Pts',(230.124867898749,77.035458293448,23.916008564735));
#1285=CARTESIAN_POINT('Ctrl Pts',(230.124867898749,77.0354582934463,23.9715294412638));
#1286=CARTESIAN_POINT('Origin',(237.624867898574,71.2909569716116,23.9715294410881));
#1287=CARTESIAN_POINT('',(237.62486789852,69.5354582932322,23.4715294410344));
#1288=CARTESIAN_POINT('',(237.624867898739,76.7147465085642,23.471529441254));
#1289=CARTESIAN_POINT('',(237.624867898574,71.290956971627,23.4715294410881));
#1290=CARTESIAN_POINT('',(238.124867898749,77.0354582932016,23.9715294412639));
#1291=CARTESIAN_POINT('Ctrl Pts',(237.624867898739,76.7147465085641,23.471529441254));
#1292=CARTESIAN_POINT('Ctrl Pts',(237.625921696882,76.7154321016311,23.4715294412541));
#1293=CARTESIAN_POINT('Ctrl Pts',(237.626975524648,76.7161176502463,23.4715327727257));
#1294=CARTESIAN_POINT('Ctrl Pts',(237.670646198507,76.7445241795954,23.4718089050769));
#1295=CARTESIAN_POINT('Ctrl Pts',(237.713313753711,76.7721724266581,23.4775275776388));
#1296=CARTESIAN_POINT('Ctrl Pts',(237.795769178829,76.8254138542743,23.4997467421932));
#1297=CARTESIAN_POINT('Ctrl Pts',(237.835619989284,76.8510516729053,23.5160347238805));
#1298=CARTESIAN_POINT('Ctrl Pts',(237.926724385112,76.9094847082235,23.5682131546484));
#1299=CARTESIAN_POINT('Ctrl Pts',(237.975676450073,76.9407242058528,23.6093213373118));
#1300=CARTESIAN_POINT('Ctrl Pts',(238.050997975562,76.98865446603,23.7040894899389));
#1301=CARTESIAN_POINT('Ctrl Pts',(238.079074589517,77.0064589052566,23.754415056979));
#1302=CARTESIAN_POINT('Ctrl Pts',(238.115625938336,77.0296154226948,23.8614440695797));
#1303=CARTESIAN_POINT('Ctrl Pts',(238.124867898749,77.0354582932033,23.9160085170244));
#1304=CARTESIAN_POINT('Ctrl Pts',(238.124867898749,77.0354582932016,23.9715294412639));
#1305=CARTESIAN_POINT('',(238.124867898505,69.0354582932016,23.9715294410191));
#1306=CARTESIAN_POINT('',(238.124867898573,71.2909569715964,23.9715294410881));
#1307=CARTESIAN_POINT('Origin',(237.62486789852,69.5354582932169,23.9715294410344));
#1308=CARTESIAN_POINT('Ctrl Pts',(230.124867898749,77.0354582934464,23.9715294412638));
#1309=CARTESIAN_POINT('Ctrl Pts',(230.829130223507,77.3693121282371,23.971529441274));
#1310=CARTESIAN_POINT('Ctrl Pts',(231.934842202591,77.7827749776427,23.9715294412867));
#1311=CARTESIAN_POINT('Ctrl Pts',(233.915405155858,78.1132019653854,23.9715294412968));
#1312=CARTESIAN_POINT('Ctrl Pts',(235.948509202201,77.9304567750334,23.9715294412912));
#1313=CARTESIAN_POINT('Ctrl Pts',(237.420605574016,77.369312128047,23.9715294412741));
#1314=CARTESIAN_POINT('Ctrl Pts',(238.124867898749,77.0354582932016,23.9715294412639));
#1315=CARTESIAN_POINT('Ctrl Pts',(230.124867898749,77.0354582934504,23.8406297473642));
#1316=CARTESIAN_POINT('Ctrl Pts',(230.829186782463,77.3693389398763,23.8406297473745));
#1317=CARTESIAN_POINT('Ctrl Pts',(231.934709876602,77.7828376307799,23.8406297473871));
#1318=CARTESIAN_POINT('Ctrl Pts',(233.915438810177,78.1133117605623,23.8406297473972));
#1319=CARTESIAN_POINT('Ctrl Pts',(235.948617915652,77.9305359675543,23.8406297473917));
#1320=CARTESIAN_POINT('Ctrl Pts',(237.420549015059,77.3693389396861,23.8406297473745));
#1321=CARTESIAN_POINT('Ctrl Pts',(238.124867898749,77.0354582932056,23.8406297473643));
#1322=CARTESIAN_POINT('Ctrl Pts',(230.17135666703,76.9373905625749,23.5800581720969));
#1323=CARTESIAN_POINT('Ctrl Pts',(230.869763862357,77.268468787561,23.5800581721071));
#1324=CARTESIAN_POINT('Ctrl Pts',(231.965452807301,77.6778267630621,23.5800581721196));
#1325=CARTESIAN_POINT('Ctrl Pts',(233.91903932209,78.0034315305828,23.5800581721296));
#1326=CARTESIAN_POINT('Ctrl Pts',(235.92084428075,77.8237723233628,23.5800581721241));
#1327=CARTESIAN_POINT('Ctrl Pts',(237.379971935158,77.2684687873739,23.5800581721071));
#1328=CARTESIAN_POINT('Ctrl Pts',(238.078379130461,76.9373905623337,23.580058172097));
#1329=CARTESIAN_POINT('Ctrl Pts',(230.28297366918,76.7019352787837,23.4715294412536));
#1330=CARTESIAN_POINT('Ctrl Pts',(230.967399633674,77.0263857354444,23.4715294412636));
#1331=CARTESIAN_POINT('Ctrl Pts',(232.038767950801,77.4259366839567,23.4715294412758));
#1332=CARTESIAN_POINT('Ctrl Pts',(233.927810346403,77.7400274230325,23.4715294412854));
#1333=CARTESIAN_POINT('Ctrl Pts',(235.854569576256,77.5677360381877,23.4715294412801));
#1334=CARTESIAN_POINT('Ctrl Pts',(237.282336163823,77.0263857352646,23.4715294412636));
#1335=CARTESIAN_POINT('Ctrl Pts',(237.966762128293,76.701935278551,23.4715294412537));
#1336=CARTESIAN_POINT('Ctrl Pts',(230.339045139756,76.5836529045666,23.47152944125));
#1337=CARTESIAN_POINT('Ctrl Pts',(231.01641864852,76.9047601618152,23.4715294412598));
#1338=CARTESIAN_POINT('Ctrl Pts',(232.075665868996,77.2993661771659,23.4715294412719));
#1339=CARTESIAN_POINT('Ctrl Pts',(233.932199326362,77.6076486862969,23.4715294412813));
#1340=CARTESIAN_POINT('Ctrl Pts',(235.821220530388,77.4390742085953,23.4715294412762));
#1341=CARTESIAN_POINT('Ctrl Pts',(237.233317148968,76.9047601616389,23.4715294412598));
#1342=CARTESIAN_POINT('Ctrl Pts',(237.910690657708,76.5836529043383,23.47152944125));
#1343=CARTESIAN_POINT('Ctrl Pts',(230.124867898749,77.0354582934464,23.9715294412638));
#1344=CARTESIAN_POINT('Ctrl Pts',(230.829130223507,77.3693121282371,23.971529441274));
#1345=CARTESIAN_POINT('Ctrl Pts',(231.934842202591,77.7827749776427,23.9715294412867));
#1346=CARTESIAN_POINT('Ctrl Pts',(233.915405155858,78.1132019653854,23.9715294412968));
#1347=CARTESIAN_POINT('Ctrl Pts',(235.948509202201,77.9304567750334,23.9715294412912));
#1348=CARTESIAN_POINT('Ctrl Pts',(237.420605574016,77.369312128047,23.9715294412741));
#1349=CARTESIAN_POINT('Ctrl Pts',(238.124867898749,77.0354582932016,23.9715294412639));
#1350=CARTESIAN_POINT('Ctrl Pts',(237.624985905068,76.7150115486151,23.4715294412541));
#1351=CARTESIAN_POINT('Ctrl Pts',(237.035460611058,76.9774916548521,23.4715294412621));
#1352=CARTESIAN_POINT('Ctrl Pts',(235.715607163588,77.4484990462354,23.4715294412765));
#1353=CARTESIAN_POINT('Ctrl Pts',(233.932199326362,77.6076486862969,23.4715294412813));
#1354=CARTESIAN_POINT('Ctrl Pts',(232.179489553949,77.3166063868575,23.4715294412724));
#1355=CARTESIAN_POINT('Ctrl Pts',(231.214349336165,76.9764980354842,23.471529441262));
#1356=CARTESIAN_POINT('Ctrl Pts',(230.624828947002,76.7148342658341,23.471529441254));
#1357=CARTESIAN_POINT('Origin',(232.12486789852,69.5354582933851,23.9715294410344));
#1358=CARTESIAN_POINT('',(232.12486789852,69.5354582934004,23.4715294410344));
#1359=CARTESIAN_POINT('',(232.124867898504,69.0354582933851,23.9715294410191));
#1360=CARTESIAN_POINT('Origin',(230.124867898505,69.0354582935228,21.4715294410191));
#1361=CARTESIAN_POINT('',(238.124867898505,69.0354582929722,31.4715294410191));
#1362=CARTESIAN_POINT('',(238.124867898505,69.0354582932781,21.4715294410191));
#1363=CARTESIAN_POINT('',(230.124867898504,69.0354582932169,31.4715294410191));
#1364=CARTESIAN_POINT('',(238.124867898505,69.0354582929722,31.4715294410191));
#1365=CARTESIAN_POINT('',(230.124867898505,69.0354582935228,21.4715294410191));
#1366=CARTESIAN_POINT('Origin',(238.124867898505,69.0354582932781,21.4715294410191));
#1367=CARTESIAN_POINT('',(238.124867898749,77.0354582929722,31.4715294412639));
#1368=CARTESIAN_POINT('',(238.124867898749,77.0354582932781,21.4715294412639));
#1369=CARTESIAN_POINT('',(238.124867898749,77.0354582929722,31.4715294412639));
#1370=CARTESIAN_POINT('Origin',(234.124867898642,73.5464556501287,23.4715294411571));
#1371=CARTESIAN_POINT('Origin',(230.124867898749,77.0354582935228,21.4715294412638));
#1372=CARTESIAN_POINT('',(230.124867898749,77.0354582932168,31.4715294412638));
#1373=CARTESIAN_POINT('',(230.124867894972,-46.4645417067831,31.471529437486));
#1374=CARTESIAN_POINT('',(230.124867898749,77.0354582935228,21.4715294412638));
#1375=CARTESIAN_POINT('Ctrl Pts',(238.124867898749,77.0354582932781,21.4715294412639));
#1376=CARTESIAN_POINT('Ctrl Pts',(238.124867898749,77.0354582929722,31.4715294412639));
#1377=CARTESIAN_POINT('Ctrl Pts',(237.964867898728,77.1113059024805,21.4715294412662));
#1378=CARTESIAN_POINT('Ctrl Pts',(237.964867898728,77.1113059021746,31.4715294412662));
#1379=CARTESIAN_POINT('Ctrl Pts',(237.644867898691,77.2563773853174,21.4715294412706));
#1380=CARTESIAN_POINT('Ctrl Pts',(237.644867898691,77.2563773850115,31.4715294412706));
#1381=CARTESIAN_POINT('Ctrl Pts',(237.164867898653,77.4541140118434,21.4715294412767));
#1382=CARTESIAN_POINT('Ctrl Pts',(237.164867898653,77.4541140115375,31.4715294412767));
#1383=CARTESIAN_POINT('Ctrl Pts',(236.524867898636,77.6773625695636,21.4715294412835));
#1384=CARTESIAN_POINT('Ctrl Pts',(236.524867898636,77.6773625692577,31.4715294412835));
#1385=CARTESIAN_POINT('Ctrl Pts',(235.724867898659,77.884519682813,21.4715294412898));
#1386=CARTESIAN_POINT('Ctrl Pts',(235.724867898659,77.8845196825071,31.4715294412898));
#1387=CARTESIAN_POINT('Ctrl Pts',(234.924867898713,78.0133472573219,21.4715294412938));
#1388=CARTESIAN_POINT('Ctrl Pts',(234.924867898713,78.013347257016,31.4715294412938));
#1389=CARTESIAN_POINT('Ctrl Pts',(234.124867898781,78.0574530069794,21.4715294412951));
#1390=CARTESIAN_POINT('Ctrl Pts',(234.124867898781,78.0574530066735,31.4715294412951));
#1391=CARTESIAN_POINT('Ctrl Pts',(233.324867898844,78.0133472573594,21.4715294412938));
#1392=CARTESIAN_POINT('Ctrl Pts',(233.324867898844,78.0133472570535,31.4715294412938));
#1393=CARTESIAN_POINT('Ctrl Pts',(232.524867898887,77.8845196828908,21.4715294412898));
#1394=CARTESIAN_POINT('Ctrl Pts',(232.524867898887,77.8845196825849,31.4715294412898));
#1395=CARTESIAN_POINT('Ctrl Pts',(231.724867898895,77.6773625696873,21.4715294412835));
#1396=CARTESIAN_POINT('Ctrl Pts',(231.724867898895,77.6773625693814,31.4715294412835));
#1397=CARTESIAN_POINT('Ctrl Pts',(231.084867898863,77.4541140120105,21.4715294412766));
#1398=CARTESIAN_POINT('Ctrl Pts',(231.084867898863,77.4541140117046,31.4715294412766));
#1399=CARTESIAN_POINT('Ctrl Pts',(230.604867898815,77.2563773855215,21.4715294412706));
#1400=CARTESIAN_POINT('Ctrl Pts',(230.604867898815,77.2563773852156,31.4715294412706));
#1401=CARTESIAN_POINT('Ctrl Pts',(230.284867898773,77.1113059027113,21.4715294412661));
#1402=CARTESIAN_POINT('Ctrl Pts',(230.284867898773,77.1113059024054,31.4715294412661));
#1403=CARTESIAN_POINT('Ctrl Pts',(230.124867898749,77.0354582935228,21.4715294412638));
#1404=CARTESIAN_POINT('Ctrl Pts',(230.124867898749,77.0354582932168,31.4715294412638));
#1405=CARTESIAN_POINT('Ctrl Pts',(238.124867898749,77.0354582929722,31.4715294412639));
#1406=CARTESIAN_POINT('Ctrl Pts',(237.964867898728,77.1113059021746,31.4715294412662));
#1407=CARTESIAN_POINT('Ctrl Pts',(237.644867898691,77.2563773850115,31.4715294412706));
#1408=CARTESIAN_POINT('Ctrl Pts',(237.164867898653,77.4541140115375,31.4715294412767));
#1409=CARTESIAN_POINT('Ctrl Pts',(236.524867898636,77.6773625692577,31.4715294412835));
#1410=CARTESIAN_POINT('Ctrl Pts',(235.724867898659,77.8845196825071,31.4715294412898));
#1411=CARTESIAN_POINT('Ctrl Pts',(234.924867898713,78.013347257016,31.4715294412938));
#1412=CARTESIAN_POINT('Ctrl Pts',(234.124867898781,78.0574530066735,31.4715294412951));
#1413=CARTESIAN_POINT('Ctrl Pts',(233.324867898844,78.0133472570535,31.4715294412938));
#1414=CARTESIAN_POINT('Ctrl Pts',(232.524867898887,77.8845196825849,31.4715294412898));
#1415=CARTESIAN_POINT('Ctrl Pts',(231.724867898895,77.6773625693814,31.4715294412835));
#1416=CARTESIAN_POINT('Ctrl Pts',(231.084867898863,77.4541140117046,31.4715294412766));
#1417=CARTESIAN_POINT('Ctrl Pts',(230.604867898815,77.2563773852156,31.4715294412706));
#1418=CARTESIAN_POINT('Ctrl Pts',(230.284867898773,77.1113059024054,31.4715294412661));
#1419=CARTESIAN_POINT('Ctrl Pts',(230.124867898749,77.0354582932168,31.4715294412638));
#1420=CARTESIAN_POINT('Origin',(234.124867898642,73.546455649884,31.4715294411571));
#1421=UNCERTAINTY_MEASURE_WITH_UNIT(LENGTH_MEASURE(0.01),#1425,
'DISTANCE_ACCURACY_VALUE',
'Maximum model space distance between geometric entities at asserted c
onnectivities');
#1422=UNCERTAINTY_MEASURE_WITH_UNIT(LENGTH_MEASURE(0.01),#1425,
'DISTANCE_ACCURACY_VALUE',
'Maximum model space distance between geometric entities at asserted c
onnectivities');
#1423=(
GEOMETRIC_REPRESENTATION_CONTEXT(3)
GLOBAL_UNCERTAINTY_ASSIGNED_CONTEXT((#1421))
GLOBAL_UNIT_ASSIGNED_CONTEXT((#1425,#1427,#1428))
REPRESENTATION_CONTEXT('','3D')
);
#1424=(
GEOMETRIC_REPRESENTATION_CONTEXT(3)
GLOBAL_UNCERTAINTY_ASSIGNED_CONTEXT((#1422))
GLOBAL_UNIT_ASSIGNED_CONTEXT((#1425,#1427,#1428))
REPRESENTATION_CONTEXT('','3D')
);
#1425=(
LENGTH_UNIT()
NAMED_UNIT(*)
SI_UNIT(.MILLI.,.METRE.)
);
#1426=(
LENGTH_UNIT()
NAMED_UNIT(*)
SI_UNIT($,.METRE.)
);
#1427=(
NAMED_UNIT(*)
PLANE_ANGLE_UNIT()
SI_UNIT($,.RADIAN.)
);
#1428=(
NAMED_UNIT(*)
SI_UNIT($,.STERADIAN.)
SOLID_ANGLE_UNIT()
);
#1429=SHAPE_DEFINITION_REPRESENTATION(#1430,#1431);
#1430=PRODUCT_DEFINITION_SHAPE('',$,#1433);
#1431=SHAPE_REPRESENTATION('',(#617),#1423);
#1432=PRODUCT_DEFINITION_CONTEXT('part definition',#1437,'design');
#1433=PRODUCT_DEFINITION('2025-10-23-22-58-38-257','caps',#1434,#1432);
#1434=PRODUCT_DEFINITION_FORMATION('',$,#1439);
#1435=PRODUCT_RELATED_PRODUCT_CATEGORY('caps','caps',(#1439));
#1436=APPLICATION_PROTOCOL_DEFINITION('international standard',
'automotive_design',2009,#1437);
#1437=APPLICATION_CONTEXT(
'Core Data for Automotive Mechanical Design Process');
#1438=PRODUCT_CONTEXT('part definition',#1437,'mechanical');
#1439=PRODUCT('2025-10-23-22-58-38-257','caps',$,(#1438));
#1440=PRESENTATION_STYLE_ASSIGNMENT((#1441));
#1441=SURFACE_STYLE_USAGE(.BOTH.,#1442);
#1442=SURFACE_SIDE_STYLE('',(#1443));
#1443=SURFACE_STYLE_FILL_AREA(#1444);
#1444=FILL_AREA_STYLE('Steel - Satin',(#1445));
#1445=FILL_AREA_STYLE_COLOUR('Steel - Satin',#1446);
#1446=COLOUR_RGB('Steel - Satin',0.627450980392157,0.627450980392157,0.627450980392157);
ENDSEC;
END-ISO-10303-21;
